experiment,condition,architecture,run,root_id,n_windows,cell_prediction,martinotti_windows,pyramidal_windows,martinotti_fraction,pyramidal_fraction,best_epoch,inference_device,max_population_fraction_difference,votes_BasketFam,votes_BipFam,votes_MartFam,votes_NglFam,votes_pyramidal,votes_thalamocortical
native_skeletons_pre_post,pre_mean_control,mean,gnn_lcpn_scratch_mean_resnet4x128_n17_mixed16_sampled_pre_mean_control_fold0,864691134989909114,2175,MartFam,1549,522,0.712183908045977,0.24,14,cpu,0.0003615823625987022,0,84,1549,14,522,6
native_skeletons_pre_post,pre_mean_control,mean,gnn_lcpn_scratch_mean_resnet4x128_n17_mixed16_sampled_pre_mean_control_fold0,864691135114295961,1296,MartFam,600,529,0.46296296296296297,0.408179012345679,14,cpu,0.0003615823625987022,4,135,600,13,529,15
native_skeletons_pre_post,pre_mean_control,mean,gnn_lcpn_scratch_mean_resnet4x128_n17_mixed16_sampled_pre_mean_control_fold0,864691135323181212,1382,MartFam,1197,107,0.8661360347322721,0.07742402315484805,14,cpu,0.0003615823625987022,0,33,1197,45,107,0
native_skeletons_pre_post,pre_mean_control,mean,gnn_lcpn_scratch_mean_resnet4x128_n17_mixed16_sampled_pre_mean_control_fold0,864691135340141542,752,pyramidal,253,386,0.33643617021276595,0.5132978723404256,14,cpu,0.0003615823625987022,8,105,253,0,386,0
native_skeletons_pre_post,pre_mean_control,mean,gnn_lcpn_scratch_mean_resnet4x128_n17_mixed16_sampled_pre_mean_control_fold0,864691135341516741,2982,MartFam,1998,578,0.670020120724346,0.1938296445338699,14,cpu,0.0003615823625987022,1,382,1998,18,578,5
native_skeletons_pre_post,pre_mean_control,mean,gnn_lcpn_scratch_mean_resnet4x128_n17_mixed16_sampled_pre_mean_control_fold0,864691135474179378,1066,pyramidal,321,593,0.30112570356472795,0.5562851782363978,14,cpu,0.0003615823625987022,2,140,321,10,593,0
native_skeletons_pre_post,pre_mean_control,mean,gnn_lcpn_scratch_mean_resnet4x128_n17_mixed16_sampled_pre_mean_control_fold0,864691135511861968,3730,MartFam,2440,257,0.6541554959785523,0.06890080428954423,14,cpu,0.0003615823625987022,902,107,2440,3,257,21
native_skeletons_pre_post,pre_mean_control,mean,gnn_lcpn_scratch_mean_resnet4x128_n17_mixed16_sampled_pre_mean_control_fold0,864691135571356038,4927,MartFam,4332,254,0.8792368581286787,0.05155266896691699,14,cpu,0.0003615823625987022,0,274,4332,66,254,1
native_skeletons_pre_post,pre_mean_control,mean,gnn_lcpn_scratch_mean_resnet4x128_n17_mixed16_sampled_pre_mean_control_fold0,864691135584019053,4787,MartFam,4297,279,0.8976394401504073,0.05828284938374765,14,cpu,0.0003615823625987022,4,180,4297,21,279,6
native_skeletons_pre_post,pre_mean_control,mean,gnn_lcpn_scratch_mean_resnet4x128_n17_mixed16_sampled_pre_mean_control_fold0,864691135756844242,8041,MartFam,7537,191,0.9373212287028977,0.02375326451933839,14,cpu,0.0003615823625987022,57,213,7537,4,191,39
native_skeletons_pre_post,pre_mean_control,mean,gnn_lcpn_scratch_mean_resnet4x128_n17_mixed16_sampled_pre_mean_control_fold0,864691135764678198,4512,MartFam,3317,762,0.7351507092198581,0.16888297872340424,14,cpu,0.0003615823625987022,12,381,3317,33,762,7
native_skeletons_pre_post,pre_mean_control,mean,gnn_lcpn_scratch_mean_resnet4x128_n17_mixed16_sampled_pre_mean_control_fold0,864691135772774651,4395,MartFam,4082,116,0.9287827076222981,0.02639362912400455,14,cpu,0.0003615823625987022,2,161,4082,34,116,0
native_skeletons_pre_post,pre_mean_control,mean,gnn_lcpn_scratch_mean_resnet4x128_n17_mixed16_sampled_pre_mean_control_fold0,864691135779780797,14385,MartFam,13501,320,0.9385470976711853,0.02224539450816823,14,cpu,0.0003615823625987022,20,478,13501,48,320,18
native_skeletons_pre_post,pre_mean_control,mean,gnn_lcpn_scratch_mean_resnet4x128_n17_mixed16_sampled_pre_mean_control_fold0,864691135875919502,7405,MartFam,7214,59,0.9742066171505739,0.007967589466576637,14,cpu,0.0003615823625987022,40,82,7214,2,59,8
native_skeletons_pre_post,pre_mean_control,mean,gnn_lcpn_scratch_mean_resnet4x128_n17_mixed16_sampled_pre_mean_control_fold0,864691135948823905,1129,MartFam,845,97,0.7484499557130204,0.08591674047829938,14,cpu,0.0003615823625987022,0,84,845,103,97,0
native_skeletons_pre_post,pre_mean_control,mean,gnn_lcpn_scratch_mean_resnet4x128_n17_mixed16_sampled_pre_mean_control_fold0,864691135994158785,2790,MartFam,2277,115,0.8161290322580645,0.04121863799283154,14,cpu,0.0003615823625987022,286,97,2277,12,115,3
native_skeletons_pre_post,pre_mean_control,mean,gnn_lcpn_scratch_mean_resnet4x128_n17_mixed16_sampled_pre_mean_control_fold0,864691136007128778,6000,MartFam,5680,73,0.9466666666666667,0.012166666666666666,14,cpu,0.0003615823625987022,96,120,5680,9,73,22
native_skeletons_pre_post,pre_mean_control,mean,gnn_lcpn_scratch_mean_resnet4x128_n17_mixed16_sampled_pre_mean_control_fold0,864691136067404440,8866,MartFam,7868,189,0.8874351454996616,0.02131739228513422,14,cpu,0.0003615823625987022,415,354,7868,3,189,37
native_skeletons_pre_post,pre_mean_control,mean,gnn_lcpn_scratch_mean_resnet4x128_n17_mixed16_sampled_pre_mean_control_fold0,864691136453183487,2006,MartFam,1470,264,0.732801595214357,0.13160518444666003,14,cpu,0.0003615823625987022,1,269,1470,2,264,0
native_skeletons_pre_post,pre_mean_control,mean,gnn_lcpn_scratch_mean_resnet4x128_n17_mixed16_sampled_pre_mean_control_fold0,864691136580010516,8636,MartFam,8011,282,0.9276285317276517,0.03265400648448356,14,cpu,0.0003615823625987022,70,187,8011,30,282,56
native_skeletons_pre_post,pre_mean_control,mean,gnn_lcpn_scratch_mean_resnet4x128_n17_mixed16_sampled_pre_mean_control_fold0,864691136966189518,2488,MartFam,1774,538,0.7130225080385852,0.2162379421221865,14,cpu,0.0003615823625987022,4,149,1774,23,538,0
native_skeletons_pre_post,pre_mean_control,mean,gnn_lcpn_scratch_mean_resnet4x128_n17_mixed16_sampled_pre_mean_control_fold0,864691136968109774,1416,MartFam,1135,152,0.8015536723163842,0.10734463276836158,14,cpu,0.0003615823625987022,1,114,1135,14,152,0
native_skeletons_pre_post,pre_mean_control,mean,gnn_lcpn_scratch_mean_resnet4x128_n17_mixed16_sampled_pre_mean_control_fold0,864691137022180974,7162,MartFam,5531,1115,0.7722703155543145,0.15568277017592852,14,cpu,0.0003615823625987022,95,196,5531,157,1115,68
