epoch,train_loss,window_accuracy,window_balanced_accuracy,window_macro_precision,window_macro_f1,cell_accuracy,cell_balanced_accuracy,cell_macro_precision,cell_macro_f1,window_recall_BasketFam,window_recall_BipFam,window_recall_MartFam,window_recall_NglFam,window_recall_pyramidal,window_recall_thalamocortical,cell_recall_BasketFam,cell_recall_BipFam,cell_recall_MartFam,cell_recall_NglFam,cell_recall_pyramidal,cell_recall_thalamocortical,window_precision_BasketFam,window_precision_BipFam,window_precision_MartFam,window_precision_NglFam,window_precision_pyramidal,window_precision_thalamocortical,cell_precision_BasketFam,cell_precision_BipFam,cell_precision_MartFam,cell_precision_NglFam,cell_precision_pyramidal,cell_precision_thalamocortical
0,0.47515805947578166,0.7931855959406987,0.521732791879347,0.5022170268073598,0.5102527110656638,0.8951841359773371,0.6128209303587906,0.5552644509961583,0.5812876702107053,0.9683461140789247,0.0,0.6327307501333285,0.0,0.8999171305554055,0.6294027565084227,1.0,0.0,0.6956521739130435,0.0,0.9812734082397003,1.0,0.8077569245420324,0.0,0.6887260789494756,0.0,0.8400770226863764,0.6767421346662746,0.7804878048780488,0.0,0.6153846153846154,0.0,0.9357142857142857,1.0
1,0.36707703622995774,0.7440257878692033,0.5266847555809697,0.5641219083366705,0.535083813735563,0.8980169971671388,0.6103910533029365,0.5765841672357989,0.5883838383838383,0.6723138893675685,0.16037533512064342,0.7489379700976516,0.0,0.9286782323587166,0.6498031065412383,0.84375,0.0,0.8260869565217391,0.0,0.9925093632958801,1.0,0.9402045396352025,0.147543409629045,0.5523307067391806,0.0,0.8330438014592406,0.9116089925573544,0.9642857142857143,0.0,0.5588235294117647,0.0,0.9363957597173145,1.0
2,0.3537011545898398,0.7578517735889688,0.5633197460716659,0.5043302221867998,0.5192333337883458,0.9065155807365439,0.6484285946914183,0.5546968303540066,0.5910394414775256,0.9286468206100293,0.036353887399463804,0.7920628206778602,0.0,0.7072456718730296,0.9156092758696128,1.0,0.0,0.9130434782608695,0.0,0.9775280898876404,1.0,0.8910556502867772,0.0879149377593361,0.5464765143248661,0.0,0.9266620245246722,0.5738722062251475,0.8421052631578947,0.0,0.5121951219512195,0.0,0.9738805970149254,1.0
3,0.3428260855818943,0.79698109652281,0.47417946551096496,0.5968722163490533,0.47737517291293224,0.8838526912181303,0.4606470173153124,0.3908959120973255,0.42158773557269796,0.960914613131139,0.028203753351206434,0.6868345072365154,0.0,0.9531427336107658,0.21598118573616276,1.0,0.0,0.782608695652174,0.0,0.9812734082397003,0.0,0.8199823539143062,0.27029804727646456,0.6996496880912684,0.0,0.8203172240569329,0.9709859847553479,0.7272727272727273,0.0,0.6923076923076923,0.0,0.9257950530035336,0.0
4,0.34951699764521876,0.7751334145373056,0.5433913941395198,0.545899384412425,0.5277178803065795,0.9065155807365439,0.6484285946914183,0.5519467272833246,0.5883352419937785,0.9649427020506635,0.00482573726541555,0.7928903764459239,0.0,0.7568232178565638,0.7408663312185517,1.0,0.0,0.9130434782608695,0.0,0.9775280898876404,1.0,0.8596609063606444,0.12534818941504178,0.5107262583067793,0.0,0.9108263683371817,0.8688345840549034,0.8421052631578947,0.0,0.4883720930232558,0.0,0.981203007518797,1.0
5,0.3329869101934344,0.7048661816860368,0.5572139750267245,0.5444088269681067,0.5369916458167058,0.9036827195467422,0.6479551098429335,0.6358532606867789,0.6067837852991035,0.7649168533517147,0.22316353887399465,0.8122367912904352,0.0,0.6677205498207498,0.8752461168234522,0.90625,0.09090909090909091,0.9130434782608695,0.0,0.9775280898876404,1.0,0.9353113929385116,0.12254512263345406,0.5088539926495156,0.0,0.9299603572862304,0.7697820963009284,0.8529411764705882,0.5,0.4772727272727273,0.0,0.9849056603773585,1.0
6,0.32120590305898283,0.7554762209196686,0.49715196249580557,0.5655100422572431,0.49100926709406495,0.8980169971671388,0.5671333048363459,0.551120717896955,0.5307551485013481,0.8736860244701017,0.0050402144772117964,0.9005277966787428,0.0,0.7800086472463925,0.4236490921023846,0.96875,0.0,0.9565217391304348,0.0,0.9775280898876404,0.5,0.9253091207738285,0.1443932411674347,0.4590907812456053,0.0,0.9212430051703228,0.9430241051862673,0.8611111111111112,0.0,0.46808510638297873,0.0,0.9775280898876404,1.0
7,0.31813535574562857,0.816389294534883,0.6195704779570286,0.6477479824703235,0.6270322010846671,0.9036827195467422,0.6828692395375345,0.7470640569395016,0.6851751192099073,0.9637687403067379,0.17957104557640752,0.5883002004523972,0.2989588497768964,0.9312453836314832,0.7555786479982498,1.0,0.0,0.782608695652174,0.3333333333333333,0.9812734082397003,1.0,0.8623052239021711,0.2591503520854291,0.8012122122874246,0.22408026755852842,0.844290007513148,0.8954498314752398,0.8,0.0,0.75,1.0,0.9323843416370107,1.0
8,0.3108474027744655,0.7726400936761846,0.5880327458289463,0.5828415578656317,0.5807135328635177,0.9150141643059491,0.6556948638806235,0.6876715524813352,0.6453459983846724,0.7658215578149233,0.32664879356568366,0.7415267484414366,0.0,0.8748491235655479,0.8193502515860862,0.9375,0.18181818181818182,0.8260869565217391,0.0,0.9887640449438202,1.0,0.9601517770335962,0.23060034824740708,0.5868090927613004,0.0,0.881999309831272,0.8374888193202147,0.9090909090909091,0.6666666666666666,0.59375,0.0,0.9565217391304348,1.0
9,0.31711499072694666,0.809582293047639,0.5813332113319953,0.6254526492898157,0.5349186829791722,0.9065155807365439,0.6418064376051674,0.5716187661076572,0.6027490574891187,0.9123729105635017,0.015978552278820377,0.6829541901907056,0.010907288051561725,0.9092669657172711,0.9565193611901116,1.0,0.0,0.8695652173913043,0.0,0.9812734082397003,1.0,0.9104803258778388,0.291015625,0.7050347419979497,0.46808510638297873,0.8706283151494243,0.5074717813307025,0.8421052631578947,0.0,0.6451612903225806,0.0,0.9424460431654677,1.0
10,0.3180222093588735,0.8150433723426449,0.675861225732001,0.6505796977865481,0.6342275426598944,0.9065155807365439,0.7870633546012149,0.7754828603583052,0.739188701685205,0.9614962088574875,0.21908847184986596,0.5633999668977693,0.6291522062469014,0.9296240249328938,0.7524064756070882,1.0,0.045454545454545456,0.6956521739130435,1.0,0.9812734082397003,1.0,0.8762219779356916,0.2996040475142983,0.7901986071704926,0.16267145237790026,0.8595402681768968,0.915241833544009,0.8205128205128205,0.5,0.8,0.6,0.9323843416370107,1.0
11,0.3045905114076741,0.8184048130177595,0.5856429412214473,0.5595418780815833,0.5475200447162295,0.9093484419263456,0.6490528144167617,0.5663849404533231,0.6011667258528116,0.8883767017060141,0.009919571045576408,0.764955771741729,0.0,0.917932227206399,0.9326733756289652,1.0,0.0,0.9130434782608695,0.0,0.9812734082397003,1.0,0.9347264403245547,0.26390870185449355,0.6499273448852362,0.0,0.8655919001792222,0.6430968812459932,0.8421052631578947,0.0,0.6,0.0,0.9562043795620438,1.0
12,0.304474101242942,0.8202319023937226,0.5588974016186601,0.7166352403760463,0.5605708065514572,0.9093484419263456,0.6378465437225208,0.5730019084857795,0.60111530260784,0.8896152851973117,0.025630026809651475,0.7908306820898542,0.0074367873078829945,0.945603415662325,0.6942682126449354,0.96875,0.0,0.8695652173913043,0.0,0.9887640449438202,1.0,0.9341981745591911,0.20305862361937127,0.636836181618932,0.75,0.8375070803449624,0.9382113821138212,0.8857142857142857,0.0,0.6060606060606061,0.0,0.946236559139785,1.0
13,0.29521882023548457,0.807445641567461,0.7091496203417541,0.6101838580155247,0.6299113019173345,0.9206798866855525,0.8103803052508475,0.8741762224858309,0.8051062611719638,0.8971867999310701,0.20697050938337802,0.6424591279401217,0.6747645017352504,0.8948819110414528,0.9386348720192518,1.0,0.09090909090909091,0.782608695652174,1.0,0.9887640449438202,1.0,0.9226969129717216,0.2523040721615792,0.777681314278082,0.18115266870757354,0.8826618097818845,0.6446063701923077,0.8888888888888888,0.6666666666666666,0.75,1.0,0.9395017793594306,1.0
14,0.2997261420330066,0.8222676097094826,0.5861357623855993,0.670417358783247,0.5693840165222199,0.9036827195467422,0.636598104271834,0.5603322803322803,0.5924992608246922,0.8872458211270032,0.012761394101876676,0.7746473692921639,0.03817550818046604,0.9335513160028104,0.8704331656092759,0.96875,0.0,0.8695652173913043,0.0,0.9812734082397003,1.0,0.9303946149849789,0.25400213447171827,0.6398559970834853,0.5703703703703704,0.8555331759422826,0.7723478598466466,0.8378378378378378,0.0,0.5714285714285714,0.0,0.9527272727272728,1.0
15,0.2939463619275557,0.8169848651049483,0.6620906506810089,0.6473797322078113,0.6485262862836105,0.9178470254957507,0.7200892658879957,0.8691627182311009,0.7280581059972823,0.9386739617439256,0.16058981233243969,0.7099508983577616,0.36440257808626675,0.8672377452305031,0.9316889083351564,1.0,0.13636363636363635,0.8695652173913043,0.3333333333333333,0.9812734082397003,1.0,0.9000815871278233,0.2640394957242352,0.7065724692058495,0.44197233914612144,0.8953520812409329,0.6762604208019055,0.8421052631578947,0.75,0.6666666666666666,1.0,0.9562043795620438,1.0
16,0.29886594713721587,0.726299992597428,0.7003754214205657,0.6194288653388446,0.5909791385579867,0.9235127478753541,0.8401281994345013,0.7653393146814199,0.7507721898184657,0.9328256936067552,0.31892761394101876,0.5475292862791253,0.8730788299454636,0.6878434127799096,0.8420476919711223,1.0,0.45454545454545453,0.6086956521739131,1.0,0.9775280898876404,1.0,0.9139459299748856,0.1589439367217145,0.7841603455541508,0.06532141399903557,0.9277487547078119,0.8664528110754686,0.8421052631578947,0.7692307692307693,0.7777777777777778,0.21428571428571427,0.9886363636363636,1.0
17,0.29140307015336814,0.7922670040444962,0.6272965932193147,0.625454535220919,0.609422971212395,0.9093484419263456,0.6560043522671759,0.7219714124994591,0.6058367209854142,0.8926525073237981,0.07737265415549598,0.8392702797138496,0.23797719385225583,0.7940063773442144,0.9225005469262744,1.0,0.045454545454545456,0.9130434782608695,0.0,0.9775280898876404,1.0,0.9408138940916057,0.194264943457189,0.5680624362070253,0.43636363636363634,0.9187355387405416,0.6944867624655165,0.8421052631578947,1.0,0.5121951219512195,0.0,0.9775280898876404,1.0
18,0.28751787983107835,0.8191046925577232,0.5956883178423134,0.6735315921423096,0.6126757872540063,0.9150141643059491,0.6304347826086957,0.5981813325563325,0.6135785707214279,0.9230354988798897,0.005093833780160858,0.6849219339058793,0.3366385721368369,0.9706444000072061,0.6537956683439072,1.0,0.0,0.782608695652174,0.0,1.0,1.0,0.9207645282937783,0.16964285714285715,0.7360474308300395,0.5445068163592622,0.7792022792022792,0.8910256410256411,0.9696969696969697,0.0,0.6923076923076923,0.0,0.9270833333333334,1.0
19,0.2950060646385348,0.8223719186793812,0.6280821798687305,0.7253960094713473,0.655788281881982,0.9291784702549575,0.7024124982112281,0.7312398320595426,0.6956038684903056,0.9506289850077546,0.2819302949061662,0.7507034224028541,0.20327218641546851,0.870516492820984,0.7114416976591555,1.0,0.36363636363636365,0.8695652173913043,0.0,0.9812734082397003,1.0,0.8950362520914669,0.28948962175852005,0.7042231653037988,0.6259541984732825,0.8948591640585937,0.9428136551424222,0.8421052631578947,0.8888888888888888,0.6896551724137931,0.0,0.966789667896679,1.0
20,0.2924624056052221,0.8221161934628559,0.568029072462188,0.7429699159364437,0.6016970958311175,0.9121813031161473,0.649677034142105,0.5778596717220817,0.6093850350332201,0.9550448044115113,0.0997319034852547,0.724828512054729,0.14823996033713435,0.9383253166153236,0.5420039378691752,1.0,0.0,0.9130434782608695,0.0,0.9850187265917603,1.0,0.8758877507679846,0.2881487219209915,0.7006061467906216,0.7746113989637305,0.8494671004884572,0.9690983766868766,0.8648648648648649,0.0,0.65625,0.0,0.9460431654676259,1.0
21,0.2907290166143633,0.833802162896963,0.629923728032694,0.7446266466231949,0.6332123648198255,0.9036827195467422,0.6279379037073224,0.580538149200121,0.6028096764363969,0.9222061864552817,0.1293833780160858,0.6815933207054453,0.16608824987605356,0.9488010953178764,0.9314701378254211,1.0,0.0,0.782608695652174,0.0,0.9850187265917603,1.0,0.916363441780822,0.38454183266932274,0.7864660696855239,0.8589743589743589,0.8438331143653668,0.6775810622637756,0.8648648648648649,0.0,0.6923076923076923,0.0,0.926056338028169,1.0
22,0.2837393295689479,0.8008573524364556,0.6178513364242613,0.7190214343894669,0.6388008811118996,0.9150141643059491,0.7072706331759214,0.7421981721981723,0.6902692584983022,0.8079441668102706,0.0706166219839142,0.8568328521249793,0.37233515121467525,0.9175809328217046,0.6817982935900241,0.96875,0.0,0.9565217391304348,0.3333333333333333,0.9850187265917603,1.0,0.956946588256305,0.3084309133489461,0.5573605761179032,0.6747529200359389,0.8736010702616481,0.9430365383160603,0.8857142857142857,0.0,0.6111111111111112,1.0,0.9563636363636364,1.0
23,0.2752057486975736,0.7934144027133792,0.6945631200056649,0.6472344488596028,0.632834723715086,0.9178470254957507,0.8170370041400817,0.8827655659300584,0.7939080841114112,0.9816905049112528,0.27533512064343163,0.5216911561873586,0.7575607337630144,0.8604820839863806,0.7706191205425509,1.0,0.18181818181818182,0.7391304347826086,1.0,0.9812734082397003,1.0,0.7913251840533407,0.2832634598411297,0.8513805522208884,0.18378638441183545,0.900231821779939,0.8734192908504835,0.6956521739130435,1.0,0.8947368421052632,0.75,0.9562043795620438,1.0
24,0.28086357205928675,0.8302623875313768,0.6419909147200236,0.745746686792636,0.6661088453974283,0.9121813031161473,0.6847418987135646,0.7601431901431902,0.693938760087447,0.8784249526107186,0.13785522788203752,0.734906302296927,0.29053049082796234,0.9594300023419625,0.8507985123605338,1.0,0.0,0.782608695652174,0.3333333333333333,0.9925093632958801,1.0,0.9465999698239342,0.34922575387123067,0.7233988631838094,0.7865771812080536,0.8239780920258687,0.8447002606429193,0.9142857142857143,0.0,0.72,1.0,0.9265734265734266,1.0
25,0.27699361485925045,0.7796254298539002,0.686609525392007,0.6447621784293148,0.6037096236179822,0.9121813031161473,0.7978983780156228,0.8041989574363675,0.7376494826525065,0.9170256763742891,0.346916890080429,0.3929234786766464,0.8086266732771443,0.9364877767569223,0.7176766571866112,1.0,0.45454545454545453,0.34782608695652173,1.0,0.9850187265917603,1.0,0.9047669649119079,0.2414179104477612,0.8316531080923281,0.10695081967213114,0.8580046710075677,0.9257795964441936,0.8648648648648649,0.7142857142857143,1.0,0.3,0.9460431654676259,1.0
26,0.2796781443825428,0.7705707383056185,0.5844475103924412,0.759537567467259,0.6033885522227057,0.8753541076487252,0.6117229944782461,0.8135610766045548,0.6308813167676505,0.9782117008443908,0.3433780160857909,0.2524412895157879,0.22310361923648983,0.9311102704066008,0.7784401662655874,1.0,0.18181818181818182,0.17391304347826086,0.3333333333333333,0.9812734082397003,1.0,0.7979845015726862,0.2169891234371294,0.9505574406204557,0.8364312267657993,0.8378928255882758,0.9173702868192072,0.6956521739130435,0.25,1.0,1.0,0.9357142857142857,1.0
27,0.28873602821783684,0.835363432639959,0.6633445983685932,0.7205666554709179,0.6827975101501506,0.9206798866855525,0.72733564269959,0.915805422647528,0.7355880353951787,0.9487657246251938,0.19265415549597856,0.7790793901833496,0.36489836390679226,0.8895944801743861,0.8050754758258587,1.0,0.13636363636363635,0.9130434782608695,0.3333333333333333,0.9812734082397003,1.0,0.9065471535010086,0.35235853682455626,0.6837314396384765,0.5836637589214909,0.8955801806376728,0.9015188633023028,0.8421052631578947,1.0,0.7,1.0,0.9527272727272728,1.0
28,0.27409575499164635,0.8303801557231977,0.7236550758734341,0.6486273174167108,0.6509232983508119,0.9150141643059491,0.8018509471855833,0.7552628593553861,0.7771500750940384,0.9171333792865759,0.12638069705093835,0.7041212277249572,0.7411998016856718,0.923156605235187,0.9299387442572741,1.0,0.0,0.8260869565217391,1.0,0.9850187265917603,1.0,0.9266142897560339,0.3981418918918919,0.7518064718818724,0.2480092899800929,0.8677103088593877,0.6994816521309857,0.8648648648648649,0.0,0.7307692307692307,1.0,0.9359430604982206,1.0
29,0.27358036974761774,0.8237346648990221,0.6837973062048778,0.7001097394408958,0.6582229487399412,0.9036827195467422,0.7794875970254572,0.7525615539756533,0.7616167924364646,0.9753037222126486,0.12616621983914209,0.5612667120289828,0.7159147248388696,0.9534039525122052,0.7707285057974185,1.0,0.0,0.6956521739130435,1.0,0.9812734082397003,1.0,0.8291519402274433,0.449217258495609,0.8418845856780316,0.3369108726084928,0.8355040889141486,0.9079896907216495,0.7441860465116279,0.0,0.8421052631578947,1.0,0.9290780141843972,1.0
