root_id,cohort,skeleton_name,label_set,label,source_table,mat_version,refreshed_ts
864691134886828794,priority,teasar_registered_111nm_20260911,cell_type,L2IT,cell_type_multifeature_combo,1718,2026-08-11 19:56:51.325700
864691134887239162,remaining,teasar_registered_111nm_20260911,cell_type,astrocyte,vortex_astrocyte_proofreading_status,1718,2026-08-11 19:56:51.325700
864691134949597180,remaining,teasar_registered_111nm_20260911,cell_type,astrocyte,vortex_astrocyte_proofreading_status,1718,2026-08-11 19:56:51.325700
864691135060784027,remaining,teasar_registered_111nm_20260911,cell_type,thalamocortical,vortex_thalamic_proofreading_status,1718,2026-08-11 19:56:51.325700
864691135060911771,remaining,teasar_registered_111nm_20260911,cell_type,astrocyte,vortex_astrocyte_proofreading_status,1718,2026-08-11 19:56:51.325700
864691135065027652,remaining,teasar_registered_111nm_20260911,cell_type,oligo,/orcd/compute/sdorkenw/001/collina/labeled_cell_m343_df_221011b.feather,1718,2026-08-11 19:56:51.325700
864691135101656096,remaining,teasar_registered_111nm_20260911,cell_type,astrocyte,vortex_astrocyte_proofreading_status,1718,2026-08-11 19:56:51.325700
864691135102073888,remaining,teasar_registered_111nm_20260911,cell_type,astrocyte,vortex_astrocyte_proofreading_status,1718,2026-08-11 19:56:51.325700
864691135102396704,remaining,teasar_registered_111nm_20260911,cell_type,astrocyte,vortex_astrocyte_proofreading_status,1718,2026-08-11 19:56:51.325700
864691135105832269,remaining,teasar_registered_111nm_20260911,cell_type,astrocyte,vortex_astrocyte_proofreading_status,1718,2026-08-11 19:56:51.325700
864691135106408781,remaining,teasar_registered_111nm_20260911,cell_type,microglia,vortex_microglia_proofreading_status,1718,2026-08-11 19:56:51.325700
864691135106412109,remaining,teasar_registered_111nm_20260911,cell_type,microglia,vortex_microglia_proofreading_status,1718,2026-08-11 19:56:51.325700
864691135115269785,priority,teasar_registered_111nm_20260911,cell_type,L6CT,cell_type_multifeature_combo,1718,2026-08-11 19:56:51.325700
864691135119335645,remaining,teasar_registered_111nm_20260911,cell_type,thalamocortical,vortex_thalamic_proofreading_status,1718,2026-08-11 19:56:51.325700
864691135119678429,remaining,teasar_registered_111nm_20260911,cell_type,microglia,vortex_microglia_proofreading_status,1718,2026-08-11 19:56:51.325700
864691135119678941,remaining,teasar_registered_111nm_20260911,cell_type,microglia,vortex_microglia_proofreading_status,1718,2026-08-11 19:56:51.325700
864691135134585248,priority,teasar_registered_111nm_20260911,cell_type,AltBasket,cell_type_multifeature_combo,1718,2026-08-11 19:56:51.325700
864691135134695328,priority,teasar_registered_111nm_20260911,cell_type,L2IT,cell_type_multifeature_combo,1718,2026-08-11 19:56:51.325700
864691135135019168,priority,teasar_registered_111nm_20260911,cell_type,L3IT,cell_type_multifeature_combo,1718,2026-08-11 19:56:51.325700
864691135136312089,priority,teasar_registered_111nm_20260911,cell_type,L6CT,cell_type_multifeature_combo,1718,2026-08-11 19:56:51.325700
864691135157210468,priority,teasar_registered_111nm_20260911,cell_type,L4IT,cell_type_multifeature_combo,1718,2026-08-11 19:56:51.325700
864691135157567332,remaining,teasar_registered_111nm_20260911,cell_type,astrocyte,vortex_astrocyte_proofreading_status,1718,2026-08-11 19:56:51.325700
864691135164836397,remaining,teasar_registered_111nm_20260911,cell_type,microglia,vortex_microglia_proofreading_status,1718,2026-08-11 19:56:51.325700
864691135183968002,remaining,teasar_registered_111nm_20260911,cell_type,microglia,/orcd/compute/sdorkenw/001/collina/labeled_cell_m343_df_221011b.feather; vortex_microglia_proofreading_status,1718,2026-08-11 19:56:51.325700
864691135196456490,remaining,teasar_registered_111nm_20260911,cell_type,microglia,vortex_microglia_proofreading_status,1718,2026-08-11 19:56:51.325700
864691135234815577,remaining,teasar_registered_111nm_20260911,cell_type,astrocyte,vortex_astrocyte_proofreading_status,1718,2026-08-11 19:56:51.325700
864691135277224421,remaining,teasar_registered_111nm_20260911,cell_type,astrocyte,vortex_astrocyte_proofreading_status,1718,2026-08-11 19:56:51.325700
864691135279848865,priority,teasar_registered_111nm_20260911,cell_type,L6CT,cell_type_multifeature_combo,1718,2026-08-11 19:56:51.325700
864691135281091489,remaining,teasar_registered_111nm_20260911,cell_type,astrocyte,vortex_astrocyte_proofreading_status,1718,2026-08-11 19:56:51.325700
864691135293885366,remaining,teasar_registered_111nm_20260911,cell_type,astrocyte,vortex_astrocyte_proofreading_status,1718,2026-08-11 19:56:51.325700
864691135304679079,priority,teasar_registered_111nm_20260911,cell_type,L4IT,cell_type_multifeature_combo,1718,2026-08-11 19:56:51.325700
864691135305383591,priority,teasar_registered_111nm_20260911,cell_type,L1,cell_type_multifeature_combo,1718,2026-08-11 19:56:51.325700
864691135305496231,remaining,teasar_registered_111nm_20260911,cell_type,microglia,vortex_microglia_proofreading_status,1718,2026-08-11 19:56:51.325700
864691135305512871,remaining,teasar_registered_111nm_20260911,cell_type,microglia,vortex_microglia_proofreading_status,1718,2026-08-11 19:56:51.325700
864691135308295238,priority,teasar_registered_111nm_20260911,cell_type,L6IT,cell_type_multifeature_combo,1718,2026-08-11 19:56:51.325700
864691135308912454,remaining,teasar_registered_111nm_20260911,cell_type,astrocyte,vortex_astrocyte_proofreading_status,1718,2026-08-11 19:56:51.325700
864691135308927302,remaining,teasar_registered_111nm_20260911,cell_type,astrocyte,vortex_astrocyte_proofreading_status,1718,2026-08-11 19:56:51.325700
864691135308961606,remaining,teasar_registered_111nm_20260911,cell_type,astrocyte,vortex_astrocyte_proofreading_status,1718,2026-08-11 19:56:51.325700
864691135309022022,remaining,teasar_registered_111nm_20260911,cell_type,astrocyte,vortex_astrocyte_proofreading_status,1718,2026-08-11 19:56:51.325700
864691135324437916,priority,teasar_registered_111nm_20260911,cell_type,L6IT,cell_type_multifeature_combo,1718,2026-08-11 19:56:51.325700
864691135325492892,remaining,teasar_registered_111nm_20260911,cell_type,microglia,vortex_microglia_proofreading_status,1718,2026-08-11 19:56:51.325700
864691135343601093,priority,teasar_registered_111nm_20260911,cell_type,PV,cell_type_multifeature_combo,1718,2026-08-11 19:56:51.325700
864691135343765681,remaining,teasar_registered_111nm_20260911,cell_type,astrocyte,vortex_astrocyte_proofreading_status,1718,2026-08-11 19:56:51.325700
864691135351159255,remaining,teasar_registered_111nm_20260911,cell_type,thalamocortical,vortex_thalamic_proofreading_status,1718,2026-08-11 19:56:51.325700
864691135356637647,remaining,teasar_registered_111nm_20260911,cell_type,astrocyte,vortex_astrocyte_proofreading_status,1718,2026-08-11 19:56:51.325700
864691135356665807,remaining,teasar_registered_111nm_20260911,cell_type,astrocyte,vortex_astrocyte_proofreading_status,1718,2026-08-11 19:56:51.325700
864691135357320911,remaining,teasar_registered_111nm_20260911,cell_type,astrocyte,vortex_astrocyte_proofreading_status,1718,2026-08-11 19:56:51.325700
864691135361032024,remaining,teasar_registered_111nm_20260911,cell_type,microglia,/orcd/compute/sdorkenw/001/collina/labeled_cell_m343_df_221011b.feather; vortex_microglia_proofreading_status,1718,2026-08-11 19:56:51.325700
864691135362148935,remaining,teasar_registered_111nm_20260911,cell_type,microglia,vortex_microglia_proofreading_status,1718,2026-08-11 19:56:51.325700
864691135368979961,remaining,teasar_registered_111nm_20260911,cell_type,astrocyte,vortex_astrocyte_proofreading_status,1718,2026-08-11 19:56:51.325700
864691135384203226,remaining,teasar_registered_111nm_20260911,cell_type,astrocyte,vortex_astrocyte_proofreading_status,1718,2026-08-11 19:56:51.325700
864691135384344043,priority,teasar_registered_111nm_20260911,cell_type,L3IT,cell_type_multifeature_combo,1718,2026-08-11 19:56:51.325700
864691135387901525,remaining,teasar_registered_111nm_20260911,cell_type,astrocyte,vortex_astrocyte_proofreading_status,1718,2026-08-11 19:56:51.325700
864691135387945813,remaining,teasar_registered_111nm_20260911,cell_type,astrocyte,vortex_astrocyte_proofreading_status,1718,2026-08-11 19:56:51.325700
864691135388363393,remaining,teasar_registered_111nm_20260911,cell_type,astrocyte,vortex_astrocyte_proofreading_status,1718,2026-08-11 19:56:51.325700
864691135388514689,remaining,teasar_registered_111nm_20260911,cell_type,astrocyte,/orcd/compute/sdorkenw/001/collina/labeled_cell_m343_df_221011b.feather; vortex_astrocyte_proofreading_status,1718,2026-08-11 19:56:51.325700
864691135388675969,priority,teasar_registered_111nm_20260911,cell_type,L6IT,cell_type_multifeature_combo,1718,2026-08-11 19:56:51.325700
864691135389004929,priority,teasar_registered_111nm_20260911,cell_type,PV,cell_type_multifeature_combo,1718,2026-08-11 19:56:51.325700
864691135389122689,priority,teasar_registered_111nm_20260911,cell_type,PV,cell_type_multifeature_combo,1718,2026-08-11 19:56:51.325700
864691135389195393,priority,teasar_registered_111nm_20260911,cell_type,L4IT,cell_type_multifeature_combo,1718,2026-08-11 19:56:51.325700
864691135395833333,priority,teasar_registered_111nm_20260911,cell_type,ITC,cell_type_multifeature_combo,1718,2026-08-11 19:56:51.325700
864691135397023777,priority,teasar_registered_111nm_20260911,cell_type,L5ET,cell_type_multifeature_combo,1718,2026-08-11 19:56:51.325700
864691135398767137,remaining,teasar_registered_111nm_20260911,cell_type,astrocyte,vortex_astrocyte_proofreading_status,1718,2026-08-11 19:56:51.325700
864691135398774817,remaining,teasar_registered_111nm_20260911,cell_type,microglia,vortex_microglia_proofreading_status,1718,2026-08-11 19:56:51.325700
864691135405609454,remaining,teasar_registered_111nm_20260911,cell_type,astrocyte,vortex_astrocyte_proofreading_status,1718,2026-08-11 19:56:51.325700
864691135430131760,priority,teasar_registered_111nm_20260911,cell_type,L6CT,cell_type_multifeature_combo,1718,2026-08-11 19:56:51.325700
864691135431633200,remaining,teasar_registered_111nm_20260911,cell_type,microglia,vortex_microglia_proofreading_status,1718,2026-08-11 19:56:51.325700
864691135442718280,remaining,teasar_registered_111nm_20260911,cell_type,microglia,vortex_microglia_proofreading_status,1718,2026-08-11 19:56:51.325700
864691135464928318,priority,teasar_registered_111nm_20260911,cell_type,L2IT,cell_type_multifeature_combo,1718,2026-08-11 19:56:51.325700
864691135465955397,priority,teasar_registered_111nm_20260911,cell_type,L3IT,cell_type_multifeature_combo,1718,2026-08-11 19:56:51.325700
864691135466025285,priority,teasar_registered_111nm_20260911,cell_type,PV,cell_type_multifeature_combo,1718,2026-08-11 19:56:51.325700
864691135466212933,remaining,teasar_registered_111nm_20260911,cell_type,astrocyte,vortex_astrocyte_proofreading_status,1718,2026-08-11 19:56:51.325700
864691135466236229,priority,teasar_registered_111nm_20260911,cell_type,L4IT,cell_type_multifeature_combo,1718,2026-08-11 19:56:51.325700
864691135466283333,priority,teasar_registered_111nm_20260911,cell_type,L4IT,cell_type_multifeature_combo,1718,2026-08-11 19:56:51.325700
864691135468161164,priority,teasar_registered_111nm_20260911,cell_type,L3IT,cell_type_multifeature_combo,1718,2026-08-11 19:56:51.325700
864691135468854156,priority,teasar_registered_111nm_20260911,cell_type,L2IT,cell_type_multifeature_combo,1718,2026-08-11 19:56:51.325700
864691135469215372,priority,teasar_registered_111nm_20260911,cell_type,L6CT,cell_type_multifeature_combo,1718,2026-08-11 19:56:51.325700
864691135469422674,priority,teasar_registered_111nm_20260911,cell_type,L3IT,cell_type_multifeature_combo,1718,2026-08-11 19:56:51.325700
864691135469753426,priority,teasar_registered_111nm_20260911,cell_type,L2IT,cell_type_multifeature_combo,1718,2026-08-11 19:56:51.325700
864691135470787666,priority,teasar_registered_111nm_20260911,cell_type,L3IT,cell_type_multifeature_combo,1718,2026-08-11 19:56:51.325700
864691135477268288,remaining,teasar_registered_111nm_20260911,cell_type,microglia,vortex_microglia_proofreading_status,1718,2026-08-11 19:56:51.325700
864691135480702150,remaining,teasar_registered_111nm_20260911,cell_type,microglia,vortex_microglia_proofreading_status,1718,2026-08-11 19:56:51.325700
864691135480803014,remaining,teasar_registered_111nm_20260911,cell_type,astrocyte,vortex_astrocyte_proofreading_status,1718,2026-08-11 19:56:51.325700
864691135489677882,priority,teasar_registered_111nm_20260911,cell_type,L3IT,cell_type_multifeature_combo,1718,2026-08-11 19:56:51.325700
864691135492225127,remaining,teasar_registered_111nm_20260911,cell_type,astrocyte,vortex_astrocyte_proofreading_status,1718,2026-08-11 19:56:51.325700
864691135499317779,remaining,teasar_registered_111nm_20260911,cell_type,astrocyte,vortex_astrocyte_proofreading_status,1718,2026-08-11 19:56:51.325700
864691135503367517,priority,teasar_registered_111nm_20260911,cell_type,L6CT,cell_type_multifeature_combo,1718,2026-08-11 19:56:51.325700
864691135503556930,remaining,teasar_registered_111nm_20260911,cell_type,astrocyte,vortex_astrocyte_proofreading_status,1718,2026-08-11 19:56:51.325700
864691135511316745,priority,teasar_registered_111nm_20260911,cell_type,L2IT,cell_type_multifeature_combo,1718,2026-08-11 19:56:51.325700
864691135511324169,priority,teasar_registered_111nm_20260911,cell_type,ITC,cell_type_multifeature_combo,1718,2026-08-11 19:56:51.325700
864691135511802576,priority,teasar_registered_111nm_20260911,cell_type,L5IT,cell_type_multifeature_combo,1718,2026-08-11 19:56:51.325700
864691135511861968,priority,teasar_registered_111nm_20260911,cell_type,MC,cell_type_multifeature_combo,1718,2026-08-11 19:56:51.325700
864691135517376211,priority,teasar_registered_111nm_20260911,cell_type,L5ET,cell_type_multifeature_combo,1718,2026-08-11 19:56:51.325700
864691135517531786,priority,teasar_registered_111nm_20260911,cell_type,L2IT,cell_type_multifeature_combo,1718,2026-08-11 19:56:51.325700
864691135517917907,remaining,teasar_registered_111nm_20260911,cell_type,astrocyte,vortex_astrocyte_proofreading_status,1718,2026-08-11 19:56:51.325700
864691135518283475,priority,teasar_registered_111nm_20260911,cell_type,L3IT,cell_type_multifeature_combo,1718,2026-08-11 19:56:51.325700
864691135518453642,priority,teasar_registered_111nm_20260911,cell_type,L2IT,cell_type_multifeature_combo,1718,2026-08-11 19:56:51.325700
864691135518510218,priority,teasar_registered_111nm_20260911,cell_type,NGC,cell_type_multifeature_combo,1718,2026-08-11 19:56:51.325700
864691135520064650,priority,teasar_registered_111nm_20260911,cell_type,L3IT,cell_type_multifeature_combo,1718,2026-08-11 19:56:51.325700
864691135527691867,remaining,teasar_registered_111nm_20260911,cell_type,astrocyte,vortex_astrocyte_proofreading_status,1718,2026-08-11 19:56:51.325700
864691135544366632,remaining,teasar_registered_111nm_20260911,cell_type,oligo,/orcd/compute/sdorkenw/001/collina/labeled_cell_m343_df_221011b.feather,1718,2026-08-11 19:56:51.325700
864691135562318305,remaining,teasar_registered_111nm_20260911,cell_type,astrocyte,vortex_astrocyte_proofreading_status,1718,2026-08-11 19:56:51.325700
864691135566934039,remaining,teasar_registered_111nm_20260911,cell_type,microglia,vortex_microglia_proofreading_status,1718,2026-08-11 19:56:51.325700
864691135566979927,priority,teasar_registered_111nm_20260911,cell_type,MC,cell_type_multifeature_combo,1718,2026-08-11 19:56:51.325700
864691135570165484,remaining,teasar_registered_111nm_20260911,cell_type,microglia,vortex_microglia_proofreading_status,1718,2026-08-11 19:56:51.325700
864691135570170266,remaining,teasar_registered_111nm_20260911,cell_type,oligo,/orcd/compute/sdorkenw/001/collina/labeled_cell_m343_df_221011b.feather,1718,2026-08-11 19:56:51.325700
864691135573209893,remaining,teasar_registered_111nm_20260911,cell_type,astrocyte,vortex_astrocyte_proofreading_status,1718,2026-08-11 19:56:51.325700
864691135577607454,remaining,teasar_registered_111nm_20260911,cell_type,astrocyte,vortex_astrocyte_proofreading_status,1718,2026-08-11 19:56:51.325700
864691135577644318,remaining,teasar_registered_111nm_20260911,cell_type,astrocyte,vortex_astrocyte_proofreading_status,1718,2026-08-11 19:56:51.325700
864691135577718046,remaining,teasar_registered_111nm_20260911,cell_type,astrocyte,vortex_astrocyte_proofreading_status,1718,2026-08-11 19:56:51.325700
864691135585266808,priority,teasar_registered_111nm_20260911,cell_type,L5ET,cell_type_multifeature_combo,1718,2026-08-11 19:56:51.325700
864691135586163064,remaining,teasar_registered_111nm_20260911,cell_type,microglia,/orcd/compute/sdorkenw/001/collina/labeled_cell_m343_df_221011b.feather; vortex_microglia_proofreading_status,1718,2026-08-11 19:56:51.325700
864691135587086972,remaining,teasar_registered_111nm_20260911,cell_type,microglia,vortex_microglia_proofreading_status,1718,2026-08-11 19:56:51.325700
864691135591041291,priority,teasar_registered_111nm_20260911,cell_type,L2IT,cell_type_multifeature_combo,1718,2026-08-11 19:56:51.325700
864691135591533579,priority,teasar_registered_111nm_20260911,cell_type,L6CT,cell_type_multifeature_combo,1718,2026-08-11 19:56:51.325700
864691135591725067,priority,teasar_registered_111nm_20260911,cell_type,L6CT,cell_type_multifeature_combo,1718,2026-08-11 19:56:51.325700
864691135591726603,priority,teasar_registered_111nm_20260911,cell_type,L4IT,cell_type_multifeature_combo,1718,2026-08-11 19:56:51.325700
864691135592276491,priority,teasar_registered_111nm_20260911,cell_type,L6CT,cell_type_multifeature_combo,1718,2026-08-11 19:56:51.325700
864691135592283403,priority,teasar_registered_111nm_20260911,cell_type,L6IT,cell_type_multifeature_combo,1718,2026-08-11 19:56:51.325700
864691135592830731,priority,teasar_registered_111nm_20260911,cell_type,L4IT,cell_type_multifeature_combo,1718,2026-08-11 19:56:51.325700
864691135592837899,priority,teasar_registered_111nm_20260911,cell_type,PV,cell_type_multifeature_combo,1718,2026-08-11 19:56:51.325700
864691135592972811,remaining,teasar_registered_111nm_20260911,cell_type,astrocyte,vortex_astrocyte_proofreading_status,1718,2026-08-11 19:56:51.325700
864691135593108235,remaining,teasar_registered_111nm_20260911,cell_type,astrocyte,/orcd/compute/sdorkenw/001/collina/labeled_cell_m343_df_221011b.feather; vortex_astrocyte_proofreading_status,1718,2026-08-11 19:56:51.325700
864691135593907263,remaining,teasar_registered_111nm_20260911,cell_type,oligo,/orcd/compute/sdorkenw/001/collina/labeled_cell_m343_df_221011b.feather,1718,2026-08-11 19:56:51.325700
864691135595040043,priority,teasar_registered_111nm_20260911,cell_type,L5IT,cell_type_multifeature_combo,1718,2026-08-11 19:56:51.325700
864691135595978283,remaining,teasar_registered_111nm_20260911,cell_type,astrocyte,vortex_astrocyte_proofreading_status,1718,2026-08-11 19:56:51.325700
864691135611692295,remaining,teasar_registered_111nm_20260911,cell_type,astrocyte,vortex_astrocyte_proofreading_status,1718,2026-08-11 19:56:51.325700
864691135615831499,remaining,teasar_registered_111nm_20260911,cell_type,astrocyte,vortex_astrocyte_proofreading_status,1718,2026-08-11 19:56:51.325700
864691135655521986,priority,teasar_registered_111nm_20260911,cell_type,L6CT,cell_type_multifeature_combo,1718,2026-08-11 19:56:51.325700
864691135662765296,remaining,teasar_registered_111nm_20260911,cell_type,astrocyte,vortex_astrocyte_proofreading_status,1718,2026-08-11 19:56:51.325700
864691135685030130,remaining,teasar_registered_111nm_20260911,cell_type,thalamocortical,vortex_thalamic_proofreading_status,1718,2026-08-11 19:56:51.325700
864691135689341408,remaining,teasar_registered_111nm_20260911,cell_type,astrocyte,vortex_astrocyte_proofreading_status,1718,2026-08-11 19:56:51.325700
864691135699321109,remaining,teasar_registered_111nm_20260911,cell_type,astrocyte,vortex_astrocyte_proofreading_status,1718,2026-08-11 19:56:51.325700
864691135701340194,priority,teasar_registered_111nm_20260911,cell_type,PV,cell_type_multifeature_combo,1718,2026-08-11 19:56:51.325700
864691135701636386,remaining,teasar_registered_111nm_20260911,cell_type,astrocyte,vortex_astrocyte_proofreading_status,1718,2026-08-11 19:56:51.325700
864691135717180698,remaining,teasar_registered_111nm_20260911,cell_type,microglia,vortex_microglia_proofreading_status,1718,2026-08-11 19:56:51.325700
864691135717457946,priority,teasar_registered_111nm_20260911,cell_type,L4IT,cell_type_multifeature_combo,1718,2026-08-11 19:56:51.325700
864691135719761713,priority,teasar_registered_111nm_20260911,cell_type,L2IT,cell_type_multifeature_combo,1718,2026-08-11 19:56:51.325700
864691135720061233,priority,teasar_registered_111nm_20260911,cell_type,L5IT,cell_type_multifeature_combo,1718,2026-08-11 19:56:51.325700
864691135720245297,priority,teasar_registered_111nm_20260911,cell_type,L6CT,cell_type_multifeature_combo,1718,2026-08-11 19:56:51.325700
864691135720638769,priority,teasar_registered_111nm_20260911,cell_type,L2IT,cell_type_multifeature_combo,1718,2026-08-11 19:56:51.325700
864691135724393131,priority,teasar_registered_111nm_20260911,cell_type,L5IT,cell_type_multifeature_combo,1718,2026-08-11 19:56:51.325700
864691135725779883,priority,teasar_registered_111nm_20260911,cell_type,PV,cell_type_multifeature_combo,1718,2026-08-11 19:56:51.325700
864691135725838763,priority,teasar_registered_111nm_20260911,cell_type,L6IT,cell_type_multifeature_combo,1718,2026-08-11 19:56:51.325700
864691135725842603,priority,teasar_registered_111nm_20260911,cell_type,L4IT,cell_type_multifeature_combo,1718,2026-08-11 19:56:51.325700
864691135727278655,priority,teasar_registered_111nm_20260911,cell_type,L6CT,cell_type_multifeature_combo,1718,2026-08-11 19:56:51.325700
864691135732369081,remaining,teasar_registered_111nm_20260911,cell_type,astrocyte,vortex_astrocyte_proofreading_status,1718,2026-08-11 19:56:51.325700
864691135739558513,remaining,teasar_registered_111nm_20260911,cell_type,microglia,vortex_microglia_proofreading_status,1718,2026-08-11 19:56:51.325700
864691135741684075,priority,teasar_registered_111nm_20260911,cell_type,L3IT,cell_type_multifeature_combo,1718,2026-08-11 19:56:51.325700
864691135742370411,remaining,teasar_registered_111nm_20260911,cell_type,astrocyte,vortex_astrocyte_proofreading_status,1718,2026-08-11 19:56:51.325700
864691135764015926,priority,teasar_registered_111nm_20260911,cell_type,L3IT,cell_type_multifeature_combo,1718,2026-08-11 19:56:51.325700
864691135764053814,remaining,teasar_registered_111nm_20260911,cell_type,astrocyte,vortex_astrocyte_proofreading_status,1718,2026-08-11 19:56:51.325700
864691135773074683,priority,teasar_registered_111nm_20260911,cell_type,L6IT,cell_type_multifeature_combo,1718,2026-08-11 19:56:51.325700
864691135773208651,priority,teasar_registered_111nm_20260911,cell_type,L4IT,cell_type_multifeature_combo,1718,2026-08-11 19:56:51.325700
864691135773240571,priority,teasar_registered_111nm_20260911,cell_type,L6CT,cell_type_multifeature_combo,1718,2026-08-11 19:56:51.325700
864691135773640699,priority,teasar_registered_111nm_20260911,cell_type,L6CT,cell_type_multifeature_combo,1718,2026-08-11 19:56:51.325700
864691135773645899,remaining,teasar_registered_111nm_20260911,cell_type,astrocyte,vortex_astrocyte_proofreading_status,1718,2026-08-11 19:56:51.325700
864691135773724747,priority,teasar_registered_111nm_20260911,cell_type,L6CT,cell_type_multifeature_combo,1718,2026-08-11 19:56:51.325700
864691135773731403,priority,teasar_registered_111nm_20260911,cell_type,L6IT,cell_type_multifeature_combo,1718,2026-08-11 19:56:51.325700
864691135773910603,priority,teasar_registered_111nm_20260911,cell_type,L5IT,cell_type_multifeature_combo,1718,2026-08-11 19:56:51.325700
864691135774053371,priority,teasar_registered_111nm_20260911,cell_type,L2IT,cell_type_multifeature_combo,1718,2026-08-11 19:56:51.325700
864691135774127611,priority,teasar_registered_111nm_20260911,cell_type,ITC,cell_type_multifeature_combo,1718,2026-08-11 19:56:51.325700
864691135774346571,remaining,teasar_registered_111nm_20260911,cell_type,astrocyte,vortex_astrocyte_proofreading_status,1718,2026-08-11 19:56:51.325700
864691135774389755,priority,teasar_registered_111nm_20260911,cell_type,L5ET,cell_type_multifeature_combo,1718,2026-08-11 19:56:51.325700
864691135778527149,remaining,teasar_registered_111nm_20260911,cell_type,microglia,vortex_microglia_proofreading_status,1718,2026-08-11 19:56:51.325700
864691135782278224,priority,teasar_registered_111nm_20260911,cell_type,L6CT,cell_type_multifeature_combo,1718,2026-08-11 19:56:51.325700
864691135783192656,remaining,teasar_registered_111nm_20260911,cell_type,microglia,vortex_microglia_proofreading_status,1718,2026-08-11 19:56:51.325700
864691135783317840,remaining,teasar_registered_111nm_20260911,cell_type,thalamocortical,vortex_thalamic_proofreading_status,1718,2026-08-11 19:56:51.325700
864691135787578308,remaining,teasar_registered_111nm_20260911,cell_type,astrocyte,vortex_astrocyte_proofreading_status,1718,2026-08-11 19:56:51.325700
864691135811472076,remaining,teasar_registered_111nm_20260911,cell_type,microglia,/orcd/compute/sdorkenw/001/collina/labeled_cell_m343_df_221011b.feather; vortex_microglia_proofreading_status,1718,2026-08-11 19:56:51.325700
864691135817889359,remaining,teasar_registered_111nm_20260911,cell_type,microglia,/orcd/compute/sdorkenw/001/collina/labeled_cell_m343_df_221011b.feather; vortex_microglia_proofreading_status,1718,2026-08-11 19:56:51.325700
864691135850040926,remaining,teasar_registered_111nm_20260911,cell_type,astrocyte,vortex_astrocyte_proofreading_status,1718,2026-08-11 19:56:51.325700
864691135852558279,priority,teasar_registered_111nm_20260911,cell_type,L6CT,cell_type_multifeature_combo,1718,2026-08-11 19:56:51.325700
864691135852637127,priority,teasar_registered_111nm_20260911,cell_type,L6IT,cell_type_multifeature_combo,1718,2026-08-11 19:56:51.325700
864691135853088967,priority,teasar_registered_111nm_20260911,cell_type,L4IT,cell_type_multifeature_combo,1718,2026-08-11 19:56:51.325700
864691135853090503,priority,teasar_registered_111nm_20260911,cell_type,PV,cell_type_multifeature_combo,1718,2026-08-11 19:56:51.325700
864691135853198023,priority,teasar_registered_111nm_20260911,cell_type,L5ET,cell_type_multifeature_combo,1718,2026-08-11 19:56:51.325700
864691135855860782,priority,teasar_registered_111nm_20260911,cell_type,L2IT,cell_type_multifeature_combo,1718,2026-08-11 19:56:51.325700
864691135857099310,priority,teasar_registered_111nm_20260911,cell_type,L6IT,cell_type_multifeature_combo,1718,2026-08-11 19:56:51.325700
864691135857976366,priority,teasar_registered_111nm_20260911,cell_type,AltBasket,cell_type_multifeature_combo,1718,2026-08-11 19:56:51.325700
864691135857993774,priority,teasar_registered_111nm_20260911,cell_type,L4IT,cell_type_multifeature_combo,1718,2026-08-11 19:56:51.325700
864691135861182824,priority,teasar_registered_111nm_20260911,cell_type,L6IT,cell_type_multifeature_combo,1718,2026-08-11 19:56:51.325700
864691135866537342,remaining,teasar_registered_111nm_20260911,cell_type,astrocyte,vortex_astrocyte_proofreading_status,1718,2026-08-11 19:56:51.325700
864691135875764366,remaining,teasar_registered_111nm_20260911,cell_type,astrocyte,vortex_astrocyte_proofreading_status,1718,2026-08-11 19:56:51.325700
864691135875799694,remaining,teasar_registered_111nm_20260911,cell_type,astrocyte,vortex_astrocyte_proofreading_status,1718,2026-08-11 19:56:51.325700
864691135877954899,priority,teasar_registered_111nm_20260911,cell_type,L6IT,cell_type_multifeature_combo,1718,2026-08-11 19:56:51.325700
864691135878560595,remaining,teasar_registered_111nm_20260911,cell_type,astrocyte,vortex_astrocyte_proofreading_status,1718,2026-08-11 19:56:51.325700
864691135885609328,remaining,teasar_registered_111nm_20260911,cell_type,astrocyte,vortex_astrocyte_proofreading_status,1718,2026-08-11 19:56:51.325700
864691135886173552,remaining,teasar_registered_111nm_20260911,cell_type,microglia,vortex_microglia_proofreading_status,1718,2026-08-11 19:56:51.325700
864691135891847561,remaining,teasar_registered_111nm_20260911,cell_type,microglia,vortex_microglia_proofreading_status,1718,2026-08-11 19:56:51.325700
864691135892146569,remaining,teasar_registered_111nm_20260911,cell_type,astrocyte,vortex_astrocyte_proofreading_status,1718,2026-08-11 19:56:51.325700
864691135917217894,remaining,teasar_registered_111nm_20260911,cell_type,astrocyte,vortex_astrocyte_proofreading_status,1718,2026-08-11 19:56:51.325700
864691135938629892,priority,teasar_registered_111nm_20260911,cell_type,L3IT,cell_type_multifeature_combo,1718,2026-08-11 19:56:51.325700
864691135939094020,remaining,teasar_registered_111nm_20260911,cell_type,astrocyte,vortex_astrocyte_proofreading_status,1718,2026-08-11 19:56:51.325700
864691135939102980,remaining,teasar_registered_111nm_20260911,cell_type,astrocyte,vortex_astrocyte_proofreading_status,1718,2026-08-11 19:56:51.325700
864691135939515652,remaining,teasar_registered_111nm_20260911,cell_type,microglia,vortex_microglia_proofreading_status,1718,2026-08-11 19:56:51.325700
864691135941293057,priority,teasar_registered_111nm_20260911,cell_type,L6CT,cell_type_multifeature_combo,1718,2026-08-11 19:56:51.325700
864691135941300993,priority,teasar_registered_111nm_20260911,cell_type,L4IT,cell_type_multifeature_combo,1718,2026-08-11 19:56:51.325700
864691135941371046,remaining,teasar_registered_111nm_20260911,cell_type,astrocyte,vortex_astrocyte_proofreading_status,1718,2026-08-11 19:56:51.325700
864691135941519361,remaining,teasar_registered_111nm_20260911,cell_type,astrocyte,vortex_astrocyte_proofreading_status,1718,2026-08-11 19:56:51.325700
864691135941549825,priority,teasar_registered_111nm_20260911,cell_type,L6IT,cell_type_multifeature_combo,1718,2026-08-11 19:56:51.325700
864691135941708033,priority,teasar_registered_111nm_20260911,cell_type,L4IT,cell_type_multifeature_combo,1718,2026-08-11 19:56:51.325700
864691135941829121,priority,teasar_registered_111nm_20260911,cell_type,PV,cell_type_multifeature_combo,1718,2026-08-11 19:56:51.325700
864691135941886118,priority,teasar_registered_111nm_20260911,cell_type,ITC,cell_type_multifeature_combo,1718,2026-08-11 19:56:51.325700
864691135941956865,priority,teasar_registered_111nm_20260911,cell_type,PV,cell_type_multifeature_combo,1718,2026-08-11 19:56:51.325700
864691135941975974,priority,teasar_registered_111nm_20260911,cell_type,L4IT,cell_type_multifeature_combo,1718,2026-08-11 19:56:51.325700
864691135942024705,remaining,teasar_registered_111nm_20260911,cell_type,astrocyte,vortex_astrocyte_proofreading_status,1718,2026-08-11 19:56:51.325700
864691135942120449,priority,teasar_registered_111nm_20260911,cell_type,L6IT,cell_type_multifeature_combo,1718,2026-08-11 19:56:51.325700
864691135942163457,remaining,teasar_registered_111nm_20260911,cell_type,astrocyte,vortex_astrocyte_proofreading_status,1718,2026-08-11 19:56:51.325700
864691135943534196,remaining,teasar_registered_111nm_20260911,cell_type,microglia,vortex_microglia_proofreading_status,1718,2026-08-11 19:56:51.325700
864691135943593332,priority,teasar_registered_111nm_20260911,cell_type,L2IT,cell_type_multifeature_combo,1718,2026-08-11 19:56:51.325700
864691135954702627,remaining,teasar_registered_111nm_20260911,cell_type,astrocyte,vortex_astrocyte_proofreading_status,1718,2026-08-11 19:56:51.325700
864691135971164005,remaining,teasar_registered_111nm_20260911,cell_type,microglia,vortex_microglia_proofreading_status,1718,2026-08-11 19:56:51.325700
864691135976063855,priority,teasar_registered_111nm_20260911,cell_type,L4IT,cell_type_multifeature_combo,1718,2026-08-11 19:56:51.325700
864691135989086467,remaining,teasar_registered_111nm_20260911,cell_type,astrocyte,vortex_astrocyte_proofreading_status,1718,2026-08-11 19:56:51.325700
864691135993650113,remaining,teasar_registered_111nm_20260911,cell_type,astrocyte,vortex_astrocyte_proofreading_status,1718,2026-08-11 19:56:51.325700
864691135996657066,remaining,teasar_registered_111nm_20260911,cell_type,astrocyte,vortex_astrocyte_proofreading_status,1718,2026-08-11 19:56:51.325700
864691135997428394,remaining,teasar_registered_111nm_20260911,cell_type,thalamocortical,vortex_thalamic_proofreading_status,1718,2026-08-11 19:56:51.325700
864691135997574570,remaining,teasar_registered_111nm_20260911,cell_type,astrocyte,vortex_astrocyte_proofreading_status,1718,2026-08-11 19:56:51.325700
864691136007120842,remaining,teasar_registered_111nm_20260911,cell_type,astrocyte,vortex_astrocyte_proofreading_status,1718,2026-08-11 19:56:51.325700
864691136010541996,remaining,teasar_registered_111nm_20260911,cell_type,astrocyte,vortex_astrocyte_proofreading_status,1718,2026-08-11 19:56:51.325700
864691136010920366,remaining,teasar_registered_111nm_20260911,cell_type,astrocyte,vortex_astrocyte_proofreading_status,1718,2026-08-11 19:56:51.325700
864691136011485614,priority,teasar_registered_111nm_20260911,cell_type,PV,cell_type_multifeature_combo,1718,2026-08-11 19:56:51.325700
864691136022090744,priority,teasar_registered_111nm_20260911,cell_type,L3IT,cell_type_multifeature_combo,1718,2026-08-11 19:56:51.325700
864691136022214648,priority,teasar_registered_111nm_20260911,cell_type,L4IT,cell_type_multifeature_combo,1718,2026-08-11 19:56:51.325700
864691136022388472,remaining,teasar_registered_111nm_20260911,cell_type,astrocyte,vortex_astrocyte_proofreading_status,1718,2026-08-11 19:56:51.325700
864691136023889209,priority,teasar_registered_111nm_20260911,cell_type,L4IT,cell_type_multifeature_combo,1718,2026-08-11 19:56:51.325700
864691136023980601,priority,teasar_registered_111nm_20260911,cell_type,L5IT,cell_type_multifeature_combo,1718,2026-08-11 19:56:51.325700
864691136025333561,priority,teasar_registered_111nm_20260911,cell_type,L4IT,cell_type_multifeature_combo,1718,2026-08-11 19:56:51.325700
864691136025504569,priority,teasar_registered_111nm_20260911,cell_type,L4IT,cell_type_multifeature_combo,1718,2026-08-11 19:56:51.325700
864691136025913913,priority,teasar_registered_111nm_20260911,cell_type,L1,cell_type_multifeature_combo,1718,2026-08-11 19:56:51.325700
864691136025992761,priority,teasar_registered_111nm_20260911,cell_type,ITC,cell_type_multifeature_combo,1718,2026-08-11 19:56:51.325700
864691136026013497,priority,teasar_registered_111nm_20260911,cell_type,ITC,cell_type_multifeature_combo,1718,2026-08-11 19:56:51.325700
864691136026021433,remaining,teasar_registered_111nm_20260911,cell_type,astrocyte,vortex_astrocyte_proofreading_status,1718,2026-08-11 19:56:51.325700
864691136033794747,priority,teasar_registered_111nm_20260911,cell_type,L6CT,cell_type_multifeature_combo,1718,2026-08-11 19:56:51.325700
864691136033989051,remaining,teasar_registered_111nm_20260911,cell_type,astrocyte,vortex_astrocyte_proofreading_status,1718,2026-08-11 19:56:51.325700
864691136034369211,remaining,teasar_registered_111nm_20260911,cell_type,astrocyte,vortex_astrocyte_proofreading_status,1718,2026-08-11 19:56:51.325700
864691136041437182,remaining,teasar_registered_111nm_20260911,cell_type,microglia,vortex_microglia_proofreading_status,1718,2026-08-11 19:56:51.325700
864691136053635571,remaining,teasar_registered_111nm_20260911,cell_type,astrocyte,vortex_astrocyte_proofreading_status,1718,2026-08-11 19:56:51.325700
864691136058607320,remaining,teasar_registered_111nm_20260911,cell_type,microglia,/orcd/compute/sdorkenw/001/collina/labeled_cell_m343_df_221011b.feather; vortex_microglia_proofreading_status,1718,2026-08-11 19:56:51.325700
864691136066631832,priority,teasar_registered_111nm_20260911,cell_type,L3IT,cell_type_multifeature_combo,1718,2026-08-11 19:56:51.325700
864691136101829237,remaining,teasar_registered_111nm_20260911,cell_type,astrocyte,vortex_astrocyte_proofreading_status,1718,2026-08-11 19:56:51.325700
864691136118288804,remaining,teasar_registered_111nm_20260911,cell_type,astrocyte,/orcd/compute/sdorkenw/001/collina/labeled_cell_m343_df_221011b.feather; vortex_astrocyte_proofreading_status,1718,2026-08-11 19:56:51.325700
864691136120159768,priority,teasar_registered_111nm_20260911,cell_type,L4IT,cell_type_multifeature_combo,1718,2026-08-11 19:56:51.325700
864691136120735000,remaining,teasar_registered_111nm_20260911,cell_type,astrocyte,vortex_astrocyte_proofreading_status,1718,2026-08-11 19:56:51.325700
864691136123919654,priority,teasar_registered_111nm_20260911,cell_type,PV,cell_type_multifeature_combo,1718,2026-08-11 19:56:51.325700
864691136136766845,priority,teasar_registered_111nm_20260911,cell_type,L2IT,cell_type_multifeature_combo,1718,2026-08-11 19:56:51.325700
864691136136778621,priority,teasar_registered_111nm_20260911,cell_type,L2IT,cell_type_multifeature_combo,1718,2026-08-11 19:56:51.325700
864691136137064075,priority,teasar_registered_111nm_20260911,cell_type,ITC,cell_type_multifeature_combo,1718,2026-08-11 19:56:51.325700
864691136137140093,priority,teasar_registered_111nm_20260911,cell_type,MC,cell_type_multifeature_combo,1718,2026-08-11 19:56:51.325700
864691136137210507,priority,teasar_registered_111nm_20260911,cell_type,ITC,cell_type_multifeature_combo,1718,2026-08-11 19:56:51.325700
864691136137237899,priority,teasar_registered_111nm_20260911,cell_type,L3IT,cell_type_multifeature_combo,1718,2026-08-11 19:56:51.325700
864691136137293195,priority,teasar_registered_111nm_20260911,cell_type,L2IT,cell_type_multifeature_combo,1718,2026-08-11 19:56:51.325700
864691136137794941,priority,teasar_registered_111nm_20260911,cell_type,L5ET,cell_type_multifeature_combo,1718,2026-08-11 19:56:51.325700
864691136137834877,priority,teasar_registered_111nm_20260911,cell_type,L3IT,cell_type_multifeature_combo,1718,2026-08-11 19:56:51.325700
864691136138779517,priority,teasar_registered_111nm_20260911,cell_type,L2IT,cell_type_multifeature_combo,1718,2026-08-11 19:56:51.325700
864691136176885510,remaining,teasar_registered_111nm_20260911,cell_type,astrocyte,vortex_astrocyte_proofreading_status,1718,2026-08-11 19:56:51.325700
864691136177725958,remaining,teasar_registered_111nm_20260911,cell_type,astrocyte,vortex_astrocyte_proofreading_status,1718,2026-08-11 19:56:51.325700
864691136196112104,remaining,teasar_registered_111nm_20260911,cell_type,microglia,vortex_microglia_proofreading_status,1718,2026-08-11 19:56:51.325700
864691136196275688,remaining,teasar_registered_111nm_20260911,cell_type,astrocyte,vortex_astrocyte_proofreading_status,1718,2026-08-11 19:56:51.325700
864691136196932172,priority,teasar_registered_111nm_20260911,cell_type,PV,cell_type_multifeature_combo,1718,2026-08-11 19:56:51.325700
864691136239863868,remaining,teasar_registered_111nm_20260911,cell_type,astrocyte,vortex_astrocyte_proofreading_status,1718,2026-08-11 19:56:51.325700
864691136275123134,remaining,teasar_registered_111nm_20260911,cell_type,astrocyte,vortex_astrocyte_proofreading_status,1718,2026-08-11 19:56:51.325700
864691136298097435,remaining,teasar_registered_111nm_20260911,cell_type,astrocyte,vortex_astrocyte_proofreading_status,1718,2026-08-11 19:56:51.325700
864691136298356507,remaining,teasar_registered_111nm_20260911,cell_type,astrocyte,vortex_astrocyte_proofreading_status,1718,2026-08-11 19:56:51.325700
864691136299026971,priority,teasar_registered_111nm_20260911,cell_type,L2IT,cell_type_multifeature_combo,1718,2026-08-11 19:56:51.325700
864691136299083547,remaining,teasar_registered_111nm_20260911,cell_type,astrocyte,vortex_astrocyte_proofreading_status,1718,2026-08-11 19:56:51.325700
864691136310966106,priority,teasar_registered_111nm_20260911,cell_type,L6CT,cell_type_multifeature_combo,1718,2026-08-11 19:56:51.325700
864691136311722074,remaining,teasar_registered_111nm_20260911,cell_type,astrocyte,vortex_astrocyte_proofreading_status,1718,2026-08-11 19:56:51.325700
864691136313406781,priority,teasar_registered_111nm_20260911,cell_type,L4IT,cell_type_multifeature_combo,1718,2026-08-11 19:56:51.325700
864691136314078013,priority,teasar_registered_111nm_20260911,cell_type,L1,cell_type_multifeature_combo,1718,2026-08-11 19:56:51.325700
864691136314120765,priority,teasar_registered_111nm_20260911,cell_type,PV,cell_type_multifeature_combo,1718,2026-08-11 19:56:51.325700
864691136314126653,priority,teasar_registered_111nm_20260911,cell_type,ITCperi,cell_type_multifeature_combo,1718,2026-08-11 19:56:51.325700
864691136314250813,priority,teasar_registered_111nm_20260911,cell_type,ITC,cell_type_multifeature_combo,1718,2026-08-11 19:56:51.325700
864691136314404669,priority,teasar_registered_111nm_20260911,cell_type,L2IT,cell_type_multifeature_combo,1718,2026-08-11 19:56:51.325700
864691136314457149,priority,teasar_registered_111nm_20260911,cell_type,L5IT,cell_type_multifeature_combo,1718,2026-08-11 19:56:51.325700
864691136314473021,priority,teasar_registered_111nm_20260911,cell_type,L5IT,cell_type_multifeature_combo,1718,2026-08-11 19:56:51.325700
864691136314485053,priority,teasar_registered_111nm_20260911,cell_type,L5NP,cell_type_multifeature_combo,1718,2026-08-11 19:56:51.325700
864691136324937182,remaining,teasar_registered_111nm_20260911,cell_type,oligo,/orcd/compute/sdorkenw/001/collina/labeled_cell_m343_df_221011b.feather,1718,2026-08-11 19:56:51.325700
864691136330665194,remaining,teasar_registered_111nm_20260911,cell_type,astrocyte,vortex_astrocyte_proofreading_status,1718,2026-08-11 19:56:51.325700
864691136331247338,priority,teasar_registered_111nm_20260911,cell_type,L2IT,cell_type_multifeature_combo,1718,2026-08-11 19:56:51.325700
864691136364261346,remaining,teasar_registered_111nm_20260911,cell_type,astrocyte,/orcd/compute/sdorkenw/001/collina/labeled_cell_m343_df_221011b.feather; vortex_astrocyte_proofreading_status,1718,2026-08-11 19:56:51.325700
864691136372954248,priority,teasar_registered_111nm_20260911,cell_type,NGC,cell_type_multifeature_combo,1718,2026-08-11 19:56:51.325700
864691136378487159,remaining,teasar_registered_111nm_20260911,cell_type,oligo,/orcd/compute/sdorkenw/001/collina/labeled_cell_m343_df_221011b.feather,1718,2026-08-11 19:56:51.325700
864691136380264149,priority,teasar_registered_111nm_20260911,cell_type,L5IT,cell_type_multifeature_combo,1718,2026-08-11 19:56:51.325700
864691136381294805,priority,teasar_registered_111nm_20260911,cell_type,L5IT,cell_type_multifeature_combo,1718,2026-08-11 19:56:51.325700
864691136392130687,remaining,teasar_registered_111nm_20260911,cell_type,astrocyte,vortex_astrocyte_proofreading_status,1718,2026-08-11 19:56:51.325700
864691136438445982,remaining,teasar_registered_111nm_20260911,cell_type,microglia,/orcd/compute/sdorkenw/001/collina/labeled_cell_m343_df_221011b.feather; vortex_microglia_proofreading_status,1718,2026-08-11 19:56:51.325700
864691136452447743,priority,teasar_registered_111nm_20260911,cell_type,L2IT,cell_type_multifeature_combo,1718,2026-08-11 19:56:51.325700
864691136452609023,priority,teasar_registered_111nm_20260911,cell_type,L6IT,cell_type_multifeature_combo,1718,2026-08-11 19:56:51.325700
864691136453344255,remaining,teasar_registered_111nm_20260911,cell_type,microglia,vortex_microglia_proofreading_status,1718,2026-08-11 19:56:51.325700
864691136484548908,remaining,teasar_registered_111nm_20260911,cell_type,astrocyte,vortex_astrocyte_proofreading_status,1718,2026-08-11 19:56:51.325700
864691136484972332,priority,teasar_registered_111nm_20260911,cell_type,L3IT,cell_type_multifeature_combo,1718,2026-08-11 19:56:51.325700
864691136485007404,priority,teasar_registered_111nm_20260911,cell_type,L4IT,cell_type_multifeature_combo,1718,2026-08-11 19:56:51.325700
864691136488414994,priority,teasar_registered_111nm_20260911,cell_type,L4IT,cell_type_multifeature_combo,1718,2026-08-11 19:56:51.325700
864691136488446226,priority,teasar_registered_111nm_20260911,cell_type,L2IT,cell_type_multifeature_combo,1718,2026-08-11 19:56:51.325700
864691136488621842,priority,teasar_registered_111nm_20260911,cell_type,L6CT,cell_type_multifeature_combo,1718,2026-08-11 19:56:51.325700
864691136488999186,priority,teasar_registered_111nm_20260911,cell_type,L4IT,cell_type_multifeature_combo,1718,2026-08-11 19:56:51.325700
864691136489080850,priority,teasar_registered_111nm_20260911,cell_type,L4IT,cell_type_multifeature_combo,1718,2026-08-11 19:56:51.325700
864691136489147922,priority,teasar_registered_111nm_20260911,cell_type,L4IT,cell_type_multifeature_combo,1718,2026-08-11 19:56:51.325700
864691136489157394,remaining,teasar_registered_111nm_20260911,cell_type,astrocyte,vortex_astrocyte_proofreading_status,1718,2026-08-11 19:56:51.325700
864691136489262866,priority,teasar_registered_111nm_20260911,cell_type,L6IT,cell_type_multifeature_combo,1718,2026-08-11 19:56:51.325700
864691136523288465,priority,teasar_registered_111nm_20260911,cell_type,L4IT,cell_type_multifeature_combo,1718,2026-08-11 19:56:51.325700
864691136523476881,remaining,teasar_registered_111nm_20260911,cell_type,astrocyte,vortex_astrocyte_proofreading_status,1718,2026-08-11 19:56:51.325700
864691136523497617,remaining,teasar_registered_111nm_20260911,cell_type,astrocyte,vortex_astrocyte_proofreading_status,1718,2026-08-11 19:56:51.325700
864691136596445602,remaining,teasar_registered_111nm_20260911,cell_type,astrocyte,vortex_astrocyte_proofreading_status,1718,2026-08-11 19:56:51.325700
864691136596901026,priority,teasar_registered_111nm_20260911,cell_type,L4IT,cell_type_multifeature_combo,1718,2026-08-11 19:56:51.325700
864691136603221201,priority,teasar_registered_111nm_20260911,cell_type,L4IT,cell_type_multifeature_combo,1718,2026-08-11 19:56:51.325700
864691136603604177,remaining,teasar_registered_111nm_20260911,cell_type,astrocyte,vortex_astrocyte_proofreading_status,1718,2026-08-11 19:56:51.325700
864691136603935441,priority,teasar_registered_111nm_20260911,cell_type,PV,cell_type_multifeature_combo,1718,2026-08-11 19:56:51.325700
864691136618795227,priority,teasar_registered_111nm_20260911,cell_type,L5IT,cell_type_multifeature_combo,1718,2026-08-11 19:56:51.325700
864691136619043547,remaining,teasar_registered_111nm_20260911,cell_type,astrocyte,vortex_astrocyte_proofreading_status,1718,2026-08-11 19:56:51.325700
864691136619828877,priority,teasar_registered_111nm_20260911,cell_type,L6CT,cell_type_multifeature_combo,1718,2026-08-11 19:56:51.325700
864691136725353725,priority,teasar_registered_111nm_20260911,cell_type,L6CT,cell_type_multifeature_combo,1718,2026-08-11 19:56:51.325700
864691136725397501,remaining,teasar_registered_111nm_20260911,cell_type,astrocyte,vortex_astrocyte_proofreading_status,1718,2026-08-11 19:56:51.325700
864691136906003634,remaining,teasar_registered_111nm_20260911,cell_type,astrocyte,/orcd/compute/sdorkenw/001/collina/labeled_cell_m343_df_221011b.feather; vortex_astrocyte_proofreading_status,1718,2026-08-11 19:56:51.325700
864691136914541041,priority,teasar_registered_111nm_20260911,cell_type,L4IT,cell_type_multifeature_combo,1718,2026-08-11 19:56:51.325700
864691136925008100,priority,teasar_registered_111nm_20260911,cell_type,ITC,cell_type_multifeature_combo,1718,2026-08-11 19:56:51.325700
864691136927622474,remaining,teasar_registered_111nm_20260911,cell_type,astrocyte,vortex_astrocyte_proofreading_status,1718,2026-08-11 19:56:51.325700
864691136953197279,priority,teasar_registered_111nm_20260911,cell_type,L4IT,cell_type_multifeature_combo,1718,2026-08-11 19:56:51.325700
864691136953413599,priority,teasar_registered_111nm_20260911,cell_type,L4IT,cell_type_multifeature_combo,1718,2026-08-11 19:56:51.325700
864691136953677535,priority,teasar_registered_111nm_20260911,cell_type,L4IT,cell_type_multifeature_combo,1718,2026-08-11 19:56:51.325700
864691136953873631,priority,teasar_registered_111nm_20260911,cell_type,L5IT,cell_type_multifeature_combo,1718,2026-08-11 19:56:51.325700
864691136953944031,remaining,teasar_registered_111nm_20260911,cell_type,microglia,vortex_microglia_proofreading_status,1718,2026-08-11 19:56:51.325700
864691136953976287,priority,teasar_registered_111nm_20260911,cell_type,PV,cell_type_multifeature_combo,1718,2026-08-11 19:56:51.325700
864691136954019039,priority,teasar_registered_111nm_20260911,cell_type,L4IT,cell_type_multifeature_combo,1718,2026-08-11 19:56:51.325700
864691136954028511,priority,teasar_registered_111nm_20260911,cell_type,L4IT,cell_type_multifeature_combo,1718,2026-08-11 19:56:51.325700
864691136954050527,priority,teasar_registered_111nm_20260911,cell_type,L4IT,cell_type_multifeature_combo,1718,2026-08-11 19:56:51.325700
864691136966189518,priority,teasar_registered_111nm_20260911,cell_type,MC,cell_type_multifeature_combo,1718,2026-08-11 19:56:51.325700
864691136968109774,priority,teasar_registered_111nm_20260911,cell_type,MC,cell_type_multifeature_combo,1718,2026-08-11 19:56:51.325700
864691137055290998,priority,teasar_registered_111nm_20260911,cell_type,AltDTC,cell_type_multifeature_combo,1718,2026-08-11 19:56:51.325700
864691137055712630,priority,teasar_registered_111nm_20260911,cell_type,L4IT,cell_type_multifeature_combo,1718,2026-08-11 19:56:51.325700
864691137056216950,priority,teasar_registered_111nm_20260911,cell_type,MC,cell_type_multifeature_combo,1718,2026-08-11 19:56:51.325700
864691137056249206,remaining,teasar_registered_111nm_20260911,cell_type,microglia,vortex_microglia_proofreading_status,1718,2026-08-11 19:56:51.325700
864691137056262774,remaining,teasar_registered_111nm_20260911,cell_type,microglia,vortex_microglia_proofreading_status,1718,2026-08-11 19:56:51.325700
864691137056393846,priority,teasar_registered_111nm_20260911,cell_type,L3IT,cell_type_multifeature_combo,1718,2026-08-11 19:56:51.325700
864691137198844737,priority,teasar_registered_111nm_20260911,cell_type,L6IT,cell_type_multifeature_combo,1718,2026-08-11 19:56:51.325700
