condition,architecture,best_epoch,cell_accuracy,cell_balanced_accuracy,cell_macro_precision,cell_macro_f1,window_accuracy,window_balanced_accuracy,window_macro_precision,window_macro_f1
pre_only,graph_transformer,28,0.8941504178272981,0.5718532675054414,0.5845355964167845,0.5735580782020411,0.7467477938034975,0.5012044770598091,0.5507925267425329,0.5066576967854594
pre_only,mean,28,0.9080779944289693,0.6080851515634125,0.5970819304152637,0.6014303537745611,0.7539274471961538,0.5192601574949237,0.5683454794218196,0.5294503710712687
pre_only,pointwise_mlp,28,0.9025069637883009,0.593592397940224,0.5914313142574011,0.5902861719404667,0.7527120133967814,0.5172599752559962,0.5588523515273972,0.5251422647483542
pre_mean_control,graph_transformer,28,0.9080779944289693,0.6080851515634125,0.5954946288279621,0.6011320636707633,0.7579494281322589,0.5170029508550166,0.5711175657662916,0.5267634943256352
pre_mean_control,mean,28,0.9052924791086351,0.6008387747518182,0.5982330407959698,0.5980506421682893,0.7535002038000108,0.5155213396137838,0.5642318054254006,0.5254352012885131
pre_mean_control,pointwise_mlp,28,0.9080779944289693,0.6080851515634125,0.6009348034515819,0.6034961983001158,0.7543939773413675,0.5200632385028403,0.5646382262126353,0.5297672310283071
pre_post,graph_transformer,28,0.9192200557103064,0.6392445718532676,0.768385870448491,0.6421112656573963,0.7722547156375994,0.5421242365533481,0.6209663958077366,0.5557097258517985
pre_post,pointwise_mlp,28,0.9303621169916435,0.6626811594202898,0.7872345468335228,0.6723407524115546,0.7787345738124353,0.5692239898823601,0.6219342245868976,0.5821934580090412
pre_post,mean,28,0.924791086350975,0.6471014492753623,0.7802947265862867,0.6520774112164984,0.7752724290505866,0.5643025115662365,0.6144435188020249,0.5761045716511183
