epoch,train_loss,window_accuracy,window_balanced_accuracy,window_macro_precision,window_macro_f1,cell_accuracy,cell_balanced_accuracy,cell_macro_precision,cell_macro_f1,window_recall_putative_cge,window_recall_putative_parvalbumin,window_recall_putative_somatostatin,window_recall_pyramidal,window_recall_thalamocortical,cell_recall_putative_cge,cell_recall_putative_parvalbumin,cell_recall_putative_somatostatin,cell_recall_pyramidal,cell_recall_thalamocortical,window_precision_putative_cge,window_precision_putative_parvalbumin,window_precision_putative_somatostatin,window_precision_pyramidal,window_precision_thalamocortical,cell_precision_putative_cge,cell_precision_putative_parvalbumin,cell_precision_putative_somatostatin,cell_precision_pyramidal,cell_precision_thalamocortical
0,0.6253208911203091,0.6938244539510443,0.486260076351449,0.5175269190807084,0.48649489258852563,0.8800904977375565,0.4833226244020846,0.4681788511749347,0.47455661195404925,0.08603480257927745,0.6669711891976202,0.7008579169175195,0.8826813122370959,0.09475516082573211,0.0,0.8571428571428571,0.5652173913043478,0.9942528735632183,0.0,0.22748151031529779,0.9660273029465236,0.5471998824868716,0.7939019566077351,0.05302394304711374,0.0,0.9375,0.5,0.9033942558746736,0.0
1,0.4197942953888125,0.7850650652358429,0.6319879223318944,0.6527749585654506,0.6380351070830926,0.9095022624434389,0.7289365706757012,0.853788276465442,0.7619827884257073,0.2784206342195919,0.8735488758662181,0.6303431667670079,0.9403369684120307,0.43728996639462314,0.15151515151515152,0.9714285714285714,0.5217391304347826,1.0,1.0,0.23449473031618104,0.9684144654502338,0.8139546183373014,0.7997362426567558,0.44727473606678125,0.5555555555555556,1.0,0.8,0.9133858267716536,1.0
2,0.3809155016470651,0.7514043086792034,0.5940532803169167,0.6849044138144714,0.6052700569422735,0.8936651583710408,0.6263378700260259,0.826046727355628,0.6829223744292238,0.2846921650030916,0.9356491900443414,0.36161386213124624,0.9654235223799804,0.42288766202592415,0.15151515151515152,0.9714285714285714,0.34782608695652173,0.9942528735632183,0.6666666666666666,0.17100562413780906,0.9219335480093677,0.9254194853029682,0.7672115574196555,0.6389518542025568,0.4166666666666667,0.918918918918919,0.8888888888888888,0.9057591623036649,1.0
3,0.37619702240954933,0.7057328209437125,0.5673902910075178,0.6434883116108521,0.5861535570951621,0.8846153846153846,0.6653867871259176,0.7851270468661773,0.6916882255692387,0.2171186290963696,0.5757778322452224,0.6277562462372065,0.9689871776076145,0.4473115698511762,0.09090909090909091,0.7142857142857143,0.5217391304347826,1.0,1.0,0.19398626785573356,0.988069898160776,0.5687924039412225,0.7655019421973558,0.7010910458991723,0.5,1.0,0.5217391304347826,0.9038961038961039,1.0
4,0.3566451860777843,0.7369240415086775,0.6109223770078617,0.7152178736941897,0.6211504863362968,0.9027149321266968,0.6923094297007341,0.877414007459594,0.7287072919923162,0.3385154432765068,0.8882030942460096,0.3131961167971102,0.9704701543874685,0.5442270763322131,0.2727272727272727,0.9714285714285714,0.21739130434782608,1.0,1.0,0.16200487550551665,0.9600131657113498,0.9026678234464809,0.7650512970964243,0.7863522067111767,0.47368421052631576,1.0,1.0,0.9133858267716536,1.0
5,0.34436541401472387,0.7648715969239562,0.6904009161923681,0.6649332960380423,0.6347614946164477,0.9027149321266968,0.7083355075708899,0.8645776677630463,0.74779895890703,0.280363925448282,0.9044616264474105,0.40746350090307043,0.9525503817396501,0.9071651464234277,0.18181818181818182,0.9714285714285714,0.391304347826087,0.9971264367816092,1.0,0.2055300135983941,0.9690521474101367,0.9488707310127276,0.7863217229806784,0.4148918651882753,0.5454545454545454,0.9714285714285714,0.9,0.9060052219321149,1.0
6,0.3443823837598772,0.7734211390574818,0.676483920497387,0.7041373045241109,0.6765862935220374,0.9230769230769231,0.7655160082296514,0.8757926757926757,0.8037043736208082,0.42396136972587817,0.8445375342587848,0.5355301776038531,0.941808667801924,0.6365818530964954,0.42424242424242425,0.9714285714285714,0.43478260869565216,0.9971264367816092,1.0,0.21804112783548865,0.9803255509190606,0.8003289658662768,0.833696042806373,0.6882948351933559,0.6363636363636364,0.9714285714285714,0.8333333333333334,0.9378378378378378,1.0
7,0.33393182217308737,0.7708065871353809,0.6899791889858463,0.7137048140091353,0.6761393164108971,0.9095022624434389,0.726517325752708,0.8703835978835979,0.7680305841344802,0.35735947943350116,0.8832490325839109,0.427773178807947,0.9660437788278281,0.8154704752760442,0.2727272727272727,0.9714285714285714,0.391304347826087,0.9971264367816092,1.0,0.19689816842685876,0.9779923351481159,0.9158912386706949,0.7924329324699353,0.6853093953300721,0.5625,0.9714285714285714,0.9,0.917989417989418,1.0
8,0.33416658229453905,0.778227990633677,0.6663967278783799,0.7259286897836702,0.6691588705094091,0.920814479638009,0.7568203560557383,0.8743615950445218,0.7935127268729923,0.4423048611724524,0.9390435021576535,0.4362112432269717,0.9451129430604581,0.5693110897743638,0.42424242424242425,0.9714285714285714,0.391304347826087,0.9971264367816092,1.0,0.21838428772878596,0.9379706360216928,0.9102705037101017,0.8321806437518928,0.7308373777058779,0.56,0.9714285714285714,0.9,0.940379403794038,1.0
9,0.3372756754404962,0.792211364983771,0.6949693685412477,0.6999250956003016,0.6787394789062007,0.9072398190045249,0.7202409185017881,0.8754807692307693,0.7582680937286921,0.23186997615051674,0.9050632441305139,0.5163211167971101,0.9740168935301614,0.8475756120979356,0.15151515151515152,0.9714285714285714,0.4782608695652174,1.0,1.0,0.25387665624294786,0.9562504904653535,0.9272235830728947,0.7579618952338327,0.6043128529864795,0.625,1.0,0.8461538461538461,0.90625,1.0
10,0.32994562328770416,0.7978008760668267,0.7142997064941399,0.7250729793183865,0.7043559521092221,0.920814479638009,0.7539695087521174,0.8855999999999999,0.7980359309518503,0.38809881341459823,0.907959921863975,0.5308266857314871,0.9532664960021653,0.7913466154584734,0.36363636363636365,0.9714285714285714,0.43478260869565216,1.0,1.0,0.24124235879790623,0.9675874624030394,0.9097929833612795,0.817586095165323,0.6891559968643847,0.6666666666666666,1.0,0.8333333333333334,0.928,1.0
11,0.32671374589327074,0.7970118187983297,0.7044625691043305,0.7384572265727523,0.7047485476899384,0.918552036199095,0.7479089026915113,0.8958453311394488,0.7947485080988917,0.373435797779937,0.9196209065858568,0.5058699578567128,0.9630045222333743,0.7603816610657705,0.3333333333333333,0.9714285714285714,0.43478260869565216,1.0,1.0,0.23646431501230517,0.961625089316226,0.9227020812957911,0.8068455614872206,0.7646490857522177,0.6470588235294118,1.0,0.9090909090909091,0.9230769230769231,1.0
12,0.32142402481436316,0.7973103810080313,0.6849336437712414,0.7347325448833392,0.6949900233971045,0.9230769230769231,0.7600301148127235,0.9042602870813397,0.8072796284308421,0.3617466066013014,0.9221387880003268,0.5259914960866947,0.9621869114612114,0.652604416706673,0.3939393939393939,0.9714285714285714,0.43478260869565216,1.0,1.0,0.23869751899127664,0.9535198070749428,0.9030491940954165,0.8079392435749323,0.7704569606801275,0.6842105263157895,1.0,0.9090909090909091,0.928,1.0
13,0.32483703645424855,0.8010765300246954,0.7286377576967443,0.703095475369647,0.6937631948905348,0.916289592760181,0.7499692361611403,0.8904585070102311,0.7930625953487288,0.3346877484321173,0.9174669667327703,0.5254458910295003,0.957162834233645,0.9084253480556889,0.30303030303030304,0.9714285714285714,0.4782608695652174,0.9971264367816092,1.0,0.25526038040915316,0.9689603238104203,0.9264874189321435,0.8111560295888526,0.5536132241076653,0.7142857142857143,0.9714285714285714,0.8461538461538461,0.9204244031830239,1.0
14,0.3201203052328053,0.789746094166521,0.7041178057048548,0.7218760463889786,0.6940354891239522,0.9117647058823529,0.7297270845096933,0.8826771653543307,0.7734447767298008,0.32473574183670467,0.8967965715219441,0.49241797110174595,0.9714851194839467,0.8351536245799328,0.24242424242424243,0.9714285714285714,0.43478260869565216,1.0,1.0,0.2393238434163701,0.9678407105183,0.9368076310467635,0.7760381242370874,0.6893699227263721,0.6666666666666666,1.0,0.8333333333333334,0.9133858267716536,1.0
15,0.3201352742723258,0.8282968732006295,0.72655257529769,0.7405972335789762,0.7289451058707941,0.920814479638009,0.7699955866222733,0.9170069585586826,0.8111419155557087,0.30185790418985364,0.9265580783885559,0.6597399909692956,0.959621305245114,0.7849855976956313,0.2727272727272727,0.9714285714285714,0.6086956521739131,0.9971264367816092,1.0,0.2911590128084973,0.9644596663213396,0.8860546796038002,0.8199276357311827,0.7413851734300612,0.8181818181818182,0.9714285714285714,0.875,0.9204244031830239,1.0
16,0.3134944095424763,0.8083209287843827,0.7315391719337697,0.7153891306815388,0.7067066691347832,0.920814479638009,0.7592396009787314,0.8989010989010989,0.8039375619838154,0.3415481553455231,0.9222353439247755,0.5522369807344973,0.9576139298320797,0.8840614498319731,0.30303030303030304,0.9714285714285714,0.5217391304347826,1.0,1.0,0.26059802754251565,0.9657991350611369,0.9249397343585057,0.8156385676412956,0.6099701888042398,0.7142857142857143,1.0,0.8571428571428571,0.9230769230769231,1.0
17,0.311760781500933,0.8175550314130097,0.7464750471064483,0.7030897901297778,0.7083618362119294,0.9276018099547512,0.7774214191605495,0.9024681901357505,0.8218571505587621,0.34466919883402525,0.9277167494819404,0.6257713726670681,0.9314334690379259,0.9027844455112818,0.3939393939393939,0.9714285714285714,0.5217391304347826,1.0,1.0,0.2894945098427144,0.9632380159170831,0.9021644786806987,0.84270402358955,0.5178479226188427,0.7222222222222222,1.0,0.8571428571428571,0.9329758713136729,1.0
18,0.30714866637379407,0.7961267951052858,0.7289850154797104,0.7169935751565071,0.6999489482635276,0.916289592760181,0.7473341900478332,0.8687361005008064,0.7870897056883696,0.3792951152725024,0.9127357264347838,0.4925026339554485,0.9595874730752315,0.9008041286605857,0.3333333333333333,0.9714285714285714,0.43478260869565216,0.9971264367816092,1.0,0.23729000884173299,0.9737173646052059,0.9305901173124778,0.8174687046661991,0.6259016803569195,0.6111111111111112,0.9714285714285714,0.8333333333333334,0.9278074866310161,1.0
19,0.31145651873296737,0.8108267187586636,0.7294448805340334,0.7052569565087549,0.6985734012079206,0.916289592760181,0.7526042822744472,0.8993121693121694,0.7952000170181989,0.310808821364426,0.9473918759330645,0.5515878988561108,0.9512140110292874,0.886221795487278,0.2727272727272727,0.9714285714285714,0.5217391304347826,0.9971264367816092,1.0,0.27065972667367505,0.949507581678912,0.9337983533196376,0.8184221889084566,0.5538969319630935,0.75,0.9714285714285714,0.8571428571428571,0.917989417989418,1.0
20,0.30531645249486883,0.8325492521016647,0.7382173829534524,0.7421269938059887,0.7365342243728756,0.9298642533936652,0.7966572557876905,0.9356,0.8314930347235915,0.31387097723993757,0.9104258116268188,0.6979793798916315,0.955200568380454,0.8136101776284206,0.2727272727272727,0.9714285714285714,0.7391304347826086,1.0,1.0,0.315823778627085,0.9725786103639523,0.87327723180133,0.8245484236810466,0.7244069245565292,0.9,1.0,0.85,0.928,1.0
21,0.3039234094184112,0.8353301458263136,0.7426239514319519,0.7280524150324885,0.7246158689776949,0.920814479638009,0.7726306327355802,0.9228150393667637,0.8082659297528936,0.23151665047257308,0.9165905360339283,0.7023630343166767,0.9629255805036482,0.8997239558329333,0.24242424242424243,0.9714285714285714,0.6521739130434783,0.9971264367816092,1.0,0.35127769835596856,0.9762903072687573,0.8755056812185599,0.8094985281500197,0.6276898601691367,0.8888888888888888,0.9714285714285714,0.8333333333333334,0.9204244031830239,1.0
22,0.3093029765729319,0.7996818179879466,0.7066926405482735,0.7357579860623301,0.7049238232920174,0.916289592760181,0.7418482966309053,0.9078332194121668,0.7910636822864063,0.3163737007920384,0.9250428931125916,0.5023047110174593,0.9737913457309441,0.8159505520883341,0.30303030303030304,0.9714285714285714,0.43478260869565216,1.0,1.0,0.2489342970994347,0.9651134857842492,0.9343797574675836,0.7798932432554485,0.7504691467049344,0.7142857142857143,1.0,0.9090909090909091,0.9157894736842105,1.0
23,0.3032474488389896,0.7977816827819174,0.684417622968458,0.7487008601414267,0.7037514304639604,0.9117647058823529,0.7327084509693205,0.8968842675648958,0.7797520735151677,0.30730500839148484,0.8875940491841025,0.5556046809151114,0.9785334882094888,0.6930508881421027,0.24242424242424243,0.9428571428571428,0.4782608695652174,1.0,1.0,0.25760829322473155,0.9775376485697225,0.8906834358788757,0.7669825246837737,0.8506923983500294,0.7272727272727273,1.0,0.8461538461538461,0.9109947643979057,1.0
24,0.30507999478017317,0.812272612888504,0.7210685359400241,0.7455284363406229,0.7214983496956768,0.920814479638009,0.7592396009787314,0.9221026994114065,0.8088631062735482,0.3260018255160027,0.9217377095449245,0.5619167670078266,0.9712144621248858,0.824471915506481,0.30303030303030304,0.9714285714285714,0.5217391304347826,1.0,1.0,0.27416119846477655,0.9645277622334142,0.9324550038244798,0.7905822845235144,0.7659159326569295,0.7692307692307693,1.0,0.9230769230769231,0.9182058047493403,1.0
25,0.30535231192010587,0.8232490392694609,0.7422732500589251,0.744344216201903,0.7364614003263299,0.9276018099547512,0.7800564652738566,0.9189333333333334,0.8264746748704704,0.38020787327385686,0.9001463193624338,0.6422430012040939,0.9574560463726275,0.8313130100816131,0.36363636363636365,0.9714285714285714,0.5652173913043478,1.0,1.0,0.30186076955444385,0.9763471872004125,0.8892144987561703,0.8231538532390283,0.7311447722594606,0.8,1.0,0.8666666666666667,0.928,1.0
26,0.3006495303195922,0.8145928677753277,0.7185612965105299,0.7570490338712363,0.7283307741080282,0.916289592760181,0.7471183888575192,0.9000410116199589,0.7907672429411561,0.34776079851603214,0.904825568008794,0.5928563365442504,0.9720997372368139,0.7752640422467595,0.24242424242424243,0.9714285714285714,0.5217391304347826,1.0,1.0,0.27867305287497346,0.9746775690466285,0.9056980671121649,0.7967261753464921,0.829470304975923,0.7272727272727273,1.0,0.8571428571428571,0.9157894736842105,1.0
27,0.299506001634803,0.7988778326089645,0.7133350762782007,0.754415644213937,0.7126177583529956,0.9298642533936652,0.7836978264114696,0.9093124576503324,0.822957042957043,0.490062715307835,0.9250577478701991,0.5030008278145696,0.9489021460873096,0.6996519443110898,0.5151515151515151,0.9714285714285714,0.43478260869565216,0.9971264367816092,1.0,0.2510748065348237,0.9623473960747952,0.9181935262299304,0.8397069977246417,0.8007554945054945,0.6296296296296297,0.9714285714285714,1.0,0.9455040871934605,1.0
28,0.2964575032653275,0.8077941797429806,0.7133089370546898,0.7534399092775075,0.7193773378003067,0.9230769230769231,0.7626651609260305,0.9341269841269841,0.8162079348447968,0.37202249506816243,0.922866671123094,0.5386909241420831,0.9693424153913818,0.7636221795487278,0.36363636363636365,0.9714285714285714,0.4782608695652174,1.0,1.0,0.26155629618895815,0.9659193382878821,0.9258390997865873,0.8016162049493362,0.8122686071747734,0.75,1.0,1.0,0.9206349206349206,1.0
29,0.2965746912330569,0.7969627692924502,0.7414647304997366,0.743148927220602,0.7171910268668235,0.9321266968325792,0.7897584324720757,0.9213342092689919,0.8313864824062722,0.4997791714512852,0.9166128181703395,0.48357540638169777,0.9447182344118277,0.8626380220835334,0.5454545454545454,0.9714285714285714,0.43478260869565216,0.9971264367816092,1.0,0.24766907419566644,0.9736642787262916,0.9368860376533197,0.8434878920606153,0.714037353467117,0.6923076923076923,0.9714285714285714,1.0,0.9429347826086957,1.0
