epoch,train_loss,window_accuracy,window_balanced_accuracy,window_macro_precision,window_macro_f1,cell_accuracy,cell_balanced_accuracy,cell_macro_precision,cell_macro_f1,window_recall_AltBasket,window_recall_AltDTC,window_recall_ChC,window_recall_DTC,window_recall_ITC,window_recall_ITCperi,window_recall_L1,window_recall_L2IT,window_recall_L3IT,window_recall_L4IT,window_recall_L5ET,window_recall_L5IT,window_recall_L5NP,window_recall_L6CT,window_recall_L6IT,window_recall_MC,window_recall_NGC,window_recall_NMC,window_recall_OPC,window_recall_PV,window_recall_astrocyte,window_recall_microglia,window_recall_oligo,window_recall_thalamocortical,cell_recall_AltBasket,cell_recall_AltDTC,cell_recall_ChC,cell_recall_DTC,cell_recall_ITC,cell_recall_ITCperi,cell_recall_L1,cell_recall_L2IT,cell_recall_L3IT,cell_recall_L4IT,cell_recall_L5ET,cell_recall_L5IT,cell_recall_L5NP,cell_recall_L6CT,cell_recall_L6IT,cell_recall_MC,cell_recall_NGC,cell_recall_NMC,cell_recall_OPC,cell_recall_PV,cell_recall_astrocyte,cell_recall_microglia,cell_recall_oligo,cell_recall_thalamocortical,window_precision_AltBasket,window_precision_AltDTC,window_precision_ChC,window_precision_DTC,window_precision_ITC,window_precision_ITCperi,window_precision_L1,window_precision_L2IT,window_precision_L3IT,window_precision_L4IT,window_precision_L5ET,window_precision_L5IT,window_precision_L5NP,window_precision_L6CT,window_precision_L6IT,window_precision_MC,window_precision_NGC,window_precision_NMC,window_precision_OPC,window_precision_PV,window_precision_astrocyte,window_precision_microglia,window_precision_oligo,window_precision_thalamocortical,cell_precision_AltBasket,cell_precision_AltDTC,cell_precision_ChC,cell_precision_DTC,cell_precision_ITC,cell_precision_ITCperi,cell_precision_L1,cell_precision_L2IT,cell_precision_L3IT,cell_precision_L4IT,cell_precision_L5ET,cell_precision_L5IT,cell_precision_L5NP,cell_precision_L6CT,cell_precision_L6IT,cell_precision_MC,cell_precision_NGC,cell_precision_NMC,cell_precision_OPC,cell_precision_PV,cell_precision_astrocyte,cell_precision_microglia,cell_precision_oligo,cell_precision_thalamocortical
0,0.3393261584250535,0.5188897013551631,0.42577750940884,0.38062980993934453,0.3702524436125119,0.785876993166287,0.7059231437186259,0.7142255651427436,0.6897002884877896,0.2978209315853058,0.2784688995215311,0.0,0.27798610069496527,0.2516195856873823,0.23806204252352736,0.24601460454592203,0.44692619098681197,0.4981234264756162,0.5136296108857309,0.5808238535999435,0.25901382520097427,0.4819007339221296,0.7472613644464511,0.07727248916793258,0.3374568919397187,0.724136342699217,0.4784618267368991,0.0,0.9290164487390623,0.0,0.0,0.0,0.0,0.8571428571428571,0.5,0.0,0.3333333333333333,0.7142857142857143,0.5,0.3333333333333333,0.7681159420289855,0.9387755102040817,0.908256880733945,0.75,0.4444444444444444,1.0,1.0,0.0,0.6875,1.0,1.0,0.0,0.9714285714285714,0.0,0.0,0.0,0.0,0.34281888182122533,0.04712332569921577,0.0,0.11839359482134491,0.395483068908359,0.10342608366458451,0.15958901824732294,0.7089220017807045,0.4111555803557112,0.5751536160615333,0.5144824133183127,0.3636648256374029,0.03378802679319006,0.37582462234686725,0.3230004066439363,0.5496641685994289,0.5870206489675516,0.323539349570604,0.0,0.9182869456709071,0.0,0.0,0.0,0.0,1.0,0.3333333333333333,0.0,0.25,1.0,0.6666666666666666,0.25,0.9636363636363636,0.6301369863013698,0.8918918918918919,1.0,0.9230769230769231,1.0,0.5862068965517241,0.0,0.9166666666666666,1.0,0.5,0.0,0.9444444444444444,0.0,0.0,0.0,0.0
1,0.31343614837898,0.5304992258782274,0.42478528955071826,0.39701218077098943,0.3846398988540663,0.8086560364464692,0.7375598831376622,0.7858517528715269,0.7381632351344997,0.34932211732068547,0.16760082023239917,0.0,0.24308784560771962,0.27559322033898304,0.19675845242244686,0.17047207651959273,0.4946927514820316,0.4334535169241289,0.5243186214890334,0.5908711933865611,0.28836807739368087,0.48115437243438236,0.817463900704164,0.06432639133135276,0.43092422035111977,0.7604329801934593,0.4331369323978264,0.0,0.9241577213833608,0.0,0.0,0.0,0.0,0.8571428571428571,0.5,0.0,0.6666666666666666,0.7857142857142857,0.5,0.3333333333333333,0.8115942028985508,0.8775510204081632,0.9541284403669725,0.75,0.5185185185185185,1.0,1.0,0.0,0.75,1.0,1.0,0.0,0.9714285714285714,0.0,0.0,0.0,0.0,0.4030667561567453,0.08563246490186492,0.0,0.1370426743333897,0.47168412570507656,0.14541473467284904,0.20758970505354124,0.6931589686514561,0.4883220113453323,0.5692412332396912,0.5521034145826181,0.313284219941859,0.030002404536040892,0.33316008819361276,0.28068571428571426,0.5595562538074321,0.5928040504147366,0.359949478346627,0.0,0.9235209557092225,0.0,0.0,0.0,0.0,1.0,1.0,0.0,0.4,0.9166666666666666,1.0,0.3333333333333333,0.9333333333333333,0.7288135593220338,0.8813559322033898,1.0,0.9333333333333333,1.0,0.5795454545454546,0.0,0.9230769230769231,1.0,0.5714285714285714,0.0,0.9444444444444444,0.0,0.0,0.0,0.0
2,0.30445751398052817,0.5308353274101891,0.4297370298535497,0.4001297327547521,0.38367301094330614,0.8086560364464692,0.7439469135785719,0.7931336479097881,0.7455924363341443,0.29466642802809967,0.17347915242652084,0.0,0.2606869656517174,0.29171374764595104,0.22969675845242243,0.17139771675408824,0.4615545512072038,0.4590300873403164,0.5264817278730543,0.6259167667632304,0.3024677240448719,0.434879960194054,0.8276421991461318,0.07118108822054763,0.4265784340354083,0.7756333486872409,0.48447877412504425,0.0,0.9177811067679914,0.0,0.0,0.0,0.0,0.8571428571428571,0.5,0.0,0.6666666666666666,0.7857142857142857,0.5,0.3333333333333333,0.7971014492753623,0.8979591836734694,0.926605504587156,0.75,0.5925925925925926,1.0,1.0,0.0,0.8125,1.0,1.0,0.0,0.9714285714285714,0.0,0.0,0.0,0.0,0.4510461970480463,0.0714849031095088,0.0,0.11133888532991672,0.43603096410978187,0.11647739825902523,0.1814865232779744,0.7272177377302214,0.46467002281129555,0.587239805615305,0.5262951520912548,0.3216531076331886,0.03528355015492062,0.31357643817692377,0.38016066504136525,0.5900206054120514,0.6109055289508054,0.34453657092093576,0.0,0.9329111339130172,0.0,0.0,0.0,0.0,1.0,1.0,0.0,0.6666666666666666,0.9166666666666666,1.0,0.3333333333333333,0.9482758620689655,0.7096774193548387,0.9017857142857143,1.0,0.8888888888888888,1.0,0.5666666666666667,0.0,0.9285714285714286,1.0,0.4444444444444444,0.0,0.9714285714285714,0.0,0.0,0.0,0.0
3,0.29795299169824957,0.531620959509183,0.42864290027361324,0.39600331239197634,0.383534778766249,0.7972665148063781,0.7226230749333126,0.7226071526950499,0.7050232845131232,0.29202648888093424,0.15625427204374573,0.0,0.32038398080096,0.2987382297551789,0.1863018473335657,0.13462922966162708,0.540849530436256,0.45678053025829113,0.4944493873919467,0.6116441743799901,0.30568674313028166,0.47941286229630553,0.8034756710944245,0.11508557146171172,0.3651283570787756,0.77918010133579,0.4745476879515313,0.0,0.9009975396337229,0.0,0.0,0.0,0.0,0.8571428571428571,0.5,0.0,0.6666666666666666,0.7857142857142857,0.25,0.3333333333333333,0.8695652173913043,0.8163265306122449,0.8899082568807339,0.75,0.6296296296296297,1.0,1.0,0.0,0.6875,1.0,1.0,0.0,0.9714285714285714,0.0,0.0,0.0,0.0,0.48473707664884136,0.0727840040753948,0.0,0.1290894439967768,0.4799406995038122,0.12392047759809888,0.17452169855342978,0.6475227438425207,0.4623655491102153,0.6208773327935099,0.459362795041603,0.31719399832693573,0.0364354863106943,0.3518219213240752,0.34094486443345823,0.5643445959698759,0.6285438264035967,0.2936561106959726,0.0,0.9399969984267617,0.0,0.0,0.0,0.0,1.0,0.5,0.0,0.4,1.0,0.5,0.3333333333333333,0.8823529411764706,0.6896551724137931,0.9238095238095239,1.0,0.85,1.0,0.5666666666666667,0.0,0.9166666666666666,1.0,0.4444444444444444,0.0,1.0,0.0,0.0,0.0,0.0
4,0.2930422127767745,0.5283871856163612,0.43211894681993884,0.3949679554991487,0.3875282925378028,0.7972665148063781,0.7399904055073944,0.7932242377050719,0.7407217302645184,0.38272405924202424,0.20136705399863294,0.0,0.2784860756962152,0.3067043314500942,0.14177413733008018,0.1617299187493572,0.5391338422149323,0.4624180213222267,0.4144695491759789,0.5911820815374832,0.34291987329757917,0.4184600074636149,0.8280144793226085,0.09259827435250803,0.42185403754825224,0.7578074619990788,0.4998646707334846,0.0,0.9366331673247486,0.0,0.0,0.0,0.0,1.0,0.5,0.0,0.6666666666666666,0.7857142857142857,0.25,0.3333333333333333,0.8840579710144928,0.8367346938775511,0.8256880733944955,0.75,0.7037037037037037,1.0,1.0,0.0,0.8125,1.0,1.0,0.0,0.9714285714285714,0.0,0.0,0.0,0.0,0.3799360369564252,0.09363676816477019,0.0,0.14713651732882502,0.46201418439716313,0.1402102723198897,0.1412594322673374,0.6608122799331484,0.44207183449095566,0.6703356546420673,0.5568199968056221,0.2887334453425508,0.03267732597672566,0.334441355348739,0.3413423077984056,0.5499179210969604,0.6237488626023658,0.3345782410568709,0.0,0.9097507624558546,0.0,0.0,0.0,0.0,1.0,1.0,0.0,0.6666666666666666,1.0,1.0,0.25,0.8840579710144928,0.6307692307692307,0.9574468085106383,1.0,0.8260869565217391,1.0,0.5730337078651685,0.0,0.9285714285714286,1.0,0.6666666666666666,0.0,0.8947368421052632,0.0,0.0,0.0,0.0
5,0.28915258247954695,0.5292929436676252,0.434787721883673,0.39241796620104835,0.38931559811098104,0.8200455580865603,0.7872174479442778,0.8207919892731721,0.7902727260631232,0.33457872835473623,0.1446343130553657,0.0,0.23338833058347083,0.3703578154425612,0.20155106308818405,0.1585930268435668,0.51956493535721,0.4971365741460231,0.41680815287040135,0.5887232388892815,0.3217589680842548,0.4231869635526807,0.8250600004752513,0.13060592227851323,0.4361671481600369,0.8289267618608936,0.46759384564135664,0.0,0.9275432052223258,0.0,0.0,0.0,0.0,1.0,0.5,0.0,0.6666666666666666,0.9285714285714286,0.75,0.3333333333333333,0.855072463768116,0.9387755102040817,0.8348623853211009,0.75,0.7037037037037037,1.0,1.0,0.0,0.9375,1.0,1.0,0.0,0.9714285714285714,0.0,0.0,0.0,0.0,0.3715620263857487,0.09631315430131998,0.0,0.11225741288507322,0.4036369607158984,0.17532024558477982,0.18323331947002555,0.6817739637980752,0.4395266556746359,0.6533146962301448,0.5685257713669674,0.3150472500895736,0.03119612661849393,0.3324736591796283,0.3506519598979366,0.53725275505135,0.5475734063593488,0.33846223401048886,0.0,0.9254017939993814,0.0,0.0,0.0,0.0,1.0,1.0,0.0,0.6666666666666666,0.9285714285714286,1.0,0.5,0.9365079365079365,0.6388888888888888,0.978494623655914,1.0,0.8636363636363636,1.0,0.5795454545454546,0.0,0.9375,1.0,0.8,0.0,0.9444444444444444,0.0,0.0,0.0,0.0
6,0.28556725821277584,0.5458799518993922,0.4329400553449991,0.4126159170961057,0.39934573747116286,0.8109339407744874,0.7107892396125819,0.7013240991656131,0.6939573966034066,0.3686294688800394,0.12522214627477785,0.0,0.3152342382880856,0.3274764595103578,0.20468804461484838,0.15334773218142547,0.5166419109801399,0.46191682466664596,0.5380829163571655,0.6130573023387268,0.29777355944607714,0.4285358875482025,0.8397848695831254,0.10921866932074145,0.46306493164440277,0.7011054813450023,0.413420499260894,0.0,0.9157200539693248,0.0,0.0,0.0,0.0,1.0,0.0,0.0,0.6666666666666666,0.8571428571428571,0.5,0.0,0.855072463768116,0.8367346938775511,0.926605504587156,0.75,0.5555555555555556,1.0,1.0,0.0,0.875,1.0,1.0,0.0,0.9714285714285714,0.0,0.0,0.0,0.0,0.44060862124291367,0.08039318939792874,0.0,0.12692501258178157,0.4919512264124254,0.13274186256781192,0.14301472351445974,0.6884870510196881,0.46921434519557503,0.6006049783155363,0.6129447003306112,0.34808646018527184,0.05923518690463909,0.3057327412192168,0.34350067076184426,0.5595770921604901,0.7433580777495604,0.344997133276578,0.0,0.9357134348935696,0.0,0.0,0.0,0.0,1.0,0.0,0.0,0.5,1.0,0.6666666666666666,0.0,0.9076923076923077,0.7192982456140351,0.9017857142857143,1.0,0.9375,1.0,0.5730337078651685,0.0,0.875,1.0,0.5714285714285714,0.0,0.9714285714285714,0.0,0.0,0.0,0.0
7,0.28227607055820847,0.5232669738598393,0.4266041944999318,0.38576965920987427,0.38267663883384484,0.7904328018223234,0.7212232927194131,0.6914177300129816,0.6943621670802955,0.39769117186451297,0.1417634996582365,0.0,0.24843757812109393,0.2841619585687382,0.21209480655280585,0.17355754396791115,0.5338067361944023,0.47930329779628883,0.37584993755560814,0.6062884194163781,0.36795732369724066,0.38151511382012687,0.8113727633486206,0.11658971346469008,0.40512111410158275,0.6968217411331183,0.5056734192500677,0.0,0.940869362487351,0.0,0.0,0.0,0.0,1.0,0.0,0.0,0.6666666666666666,0.7142857142857143,0.75,0.0,0.8115942028985508,0.9387755102040817,0.7889908256880734,0.75,0.7777777777777778,1.0,1.0,0.0,0.8125,1.0,1.0,0.0,0.9714285714285714,0.0,0.0,0.0,0.0,0.4258132515690126,0.06617740906190173,0.0,0.11564689180068424,0.41489771227452704,0.1291863489199087,0.1666995949817248,0.6448655823697804,0.4530664110559002,0.7142413948221571,0.40309669660641134,0.27312003191457757,0.0435128041427254,0.3542551425528089,0.2559511097238422,0.5255453409782505,0.7236546280794068,0.33083157392903356,0.0,0.9032919409950829,0.0,0.0,0.0,0.0,1.0,0.0,0.0,0.5,1.0,0.75,0.0,0.9180327868852459,0.6216216216216216,0.9885057471264368,1.0,0.7241379310344828,1.0,0.5862068965517241,0.0,0.8666666666666667,1.0,0.5714285714285714,0.0,0.918918918918919,0.0,0.0,0.0,0.0
8,0.2794728893269598,0.5315238542097868,0.4352976127961662,0.40562497785863694,0.39572971594418005,0.835990888382688,0.7723054559346958,0.8475161122121035,0.7691615860516645,0.4316076781958924,0.1395762132604238,0.0,0.2624868756562172,0.3006403013182674,0.20930637852910422,0.12275017998560116,0.47925950049114224,0.5125920803157927,0.44499383718747193,0.6401752278668833,0.35641345241226313,0.457892772732927,0.7974399797226117,0.14653037094686114,0.4126439335950682,0.7433901427913404,0.45258270700172804,0.0,0.9250753983213953,0.0,0.0,0.0,0.0,1.0,0.5,0.0,0.6666666666666666,0.9285714285714286,0.5,0.0,0.8260869565217391,0.9591836734693877,0.8715596330275229,0.9166666666666666,0.8518518518518519,1.0,1.0,0.034482758620689655,0.875,1.0,1.0,0.0,0.9714285714285714,0.0,0.0,0.0,0.0,0.4003154050464807,0.07849015990159902,0.0,0.13099129219790914,0.520067761271827,0.1484273620465921,0.13408605774632062,0.7167543081601622,0.43419580327523566,0.6411882667043035,0.5252466695266033,0.2939143472787368,0.02909099530560956,0.37521989325859445,0.3458501863397919,0.568404702787887,0.6875852079072938,0.34346658239848316,0.0,0.9279546003020344,0.0,0.0,0.0,0.0,1.0,1.0,0.0,0.6666666666666666,1.0,1.0,0.0,0.9661016949152542,0.6527777777777778,0.9693877551020408,1.0,0.8846153846153846,1.0,0.6296296296296297,1.0,0.875,1.0,0.6666666666666666,0.0,0.9444444444444444,0.0,0.0,0.0,0.0
9,0.2767767895092707,0.546666421113036,0.4358554404815118,0.4112974490400119,0.39868453587638286,0.8132118451025057,0.7346692827731633,0.7654215379943896,0.7279621498107719,0.3129222784017182,0.14846206425153793,0.0,0.36093195340232986,0.3062523540489642,0.2448588358313001,0.1201275326545305,0.47005885763759264,0.48779255897802504,0.5604690267653805,0.6352010174521303,0.31280517787510437,0.4231869635526807,0.8112064253974289,0.1377449843225,0.3919685259718347,0.7243666513127591,0.4670317086881389,0.0,0.9300110121232564,0.0,0.0,0.0,0.0,0.8571428571428571,0.5,0.0,0.6666666666666666,0.8571428571428571,0.5,0.0,0.7971014492753623,0.8979591836734694,0.926605504587156,0.8333333333333334,0.6666666666666666,1.0,1.0,0.0,0.75,1.0,1.0,0.0,0.9714285714285714,0.0,0.0,0.0,0.0,0.4748760779520608,0.08871824197369496,0.0,0.1530032639565936,0.4633444453941932,0.13035813694562998,0.15103122777526345,0.7172574559029097,0.46907399450785525,0.5918160661954835,0.5227595189914638,0.33302491493130587,0.04572396274343776,0.35042565422095695,0.33868148447993524,0.5737434340513711,0.7440386071158214,0.33149595826744893,0.0,0.92398163731479,0.0,0.0,0.0,0.0,1.0,1.0,0.0,0.4,1.0,1.0,0.0,0.9322033898305084,0.6875,0.9017857142857143,1.0,0.9473684210526315,1.0,0.6071428571428571,0.0,0.8571428571428571,1.0,0.5,0.0,0.9444444444444444,0.0,0.0,0.0,0.0
10,0.27484794242773314,0.5420949380095674,0.4350061442654962,0.40856138928532726,0.402384383607681,0.8314350797266514,0.7487560041843366,0.7746731524909491,0.7490701314912889,0.4109579846973019,0.17703349282296652,0.0,0.29093545322733866,0.39969868173258005,0.2031195538515162,0.1759744934690939,0.509524982062056,0.4860947067416778,0.49027622460390663,0.6084646364728327,0.3660990977598372,0.37977360368205,0.8139787245839571,0.13564966212929636,0.42401046939430603,0.6661446338093044,0.375049447231996,0.0,0.9173247485069148,0.0,0.0,0.0,0.0,1.0,0.5,0.0,0.6666666666666666,0.9285714285714286,0.5,0.3333333333333333,0.8115942028985508,0.9387755102040817,0.908256880733945,0.75,0.8148148148148148,1.0,1.0,0.0,0.9375,0.6666666666666666,0.75,0.0,0.9714285714285714,0.0,0.0,0.0,0.0,0.4126752336448598,0.09964604493690367,0.0,0.1318932886058161,0.41559458771466057,0.14949974345818368,0.16809942525912464,0.6750514769590183,0.44630613919309386,0.6365194675822895,0.5342846507010796,0.30055247581451455,0.05471424219072026,0.33936567903517695,0.33166831338968783,0.583525893706674,0.7664829340682637,0.3724517222842493,0.0,0.9357736885915753,0.0,0.0,0.0,0.0,1.0,0.5,0.0,0.5,0.9285714285714286,1.0,0.25,0.9491525423728814,0.696969696969697,0.9519230769230769,1.0,0.88,1.0,0.6,0.0,0.9375,1.0,0.75,0.0,1.0,0.0,0.0,0.0,0.0
11,0.27282145872562596,0.5329415078695056,0.433000187779408,0.38407344785565,0.38628973228717495,0.7995444191343963,0.7348801488443427,0.7988946200716801,0.7449625810563867,0.38549823258311333,0.16623376623376623,0.0,0.319834008299585,0.3014689265536723,0.20015684907633322,0.1492337755836676,0.5218207476482097,0.4738173313026451,0.44332253140585587,0.6401469653077086,0.32269665748035997,0.3093668366712278,0.8205767966478943,0.12953581130126993,0.3941496497855914,0.8051589129433441,0.47429784930565677,0.0,0.9366877318994424,0.0,0.0,0.0,0.0,1.0,0.5,0.0,0.6666666666666666,0.8571428571428571,0.5,0.3333333333333333,0.8260869565217391,0.8979591836734694,0.8256880733944955,0.8333333333333334,0.7037037037037037,0.5,1.0,0.0,0.8125,1.0,1.0,0.0,0.9714285714285714,0.0,0.0,0.0,0.0,0.41260985129666433,0.06974876677756109,0.0,0.11547139840069315,0.4176799039816313,0.14353558707742298,0.19559210082900855,0.6694826877545543,0.43683822159815455,0.6616534941446998,0.42073000835887436,0.29869016432483925,0.09780556866446437,0.3233546204218714,0.338747553816047,0.533981556851507,0.56054386865059,0.3061468580336505,0.0,0.910709850419467,0.0,0.0,0.0,0.0,1.0,1.0,0.0,0.6666666666666666,1.0,1.0,0.3333333333333333,0.9193548387096774,0.6111111111111112,0.9473684210526315,1.0,0.8260869565217391,1.0,0.5862068965517241,0.0,0.9285714285714286,1.0,0.6666666666666666,0.0,0.8947368421052632,0.0,0.0,0.0,0.0
12,0.2711972318515637,0.5426411553186707,0.4357822354289711,0.396983189789832,0.39599461971171174,0.8291571753986332,0.7343133035763907,0.7183263560433281,0.7189307460367567,0.36695154145599357,0.12344497607655502,0.0,0.30428478576071194,0.3622975517890772,0.23936911815963752,0.14933662449861154,0.518227863518061,0.46645090603922545,0.4906966018823107,0.6266939871405356,0.35134192500771877,0.370692872247792,0.7988182084610571,0.13957090794800608,0.466423039251998,0.7242284661446338,0.4255376735858092,0.0,0.9197131887537451,0.0,0.0,0.0,0.0,1.0,0.0,0.0,0.6666666666666666,0.7857142857142857,0.5,0.3333333333333333,0.8260869565217391,0.9183673469387755,0.9174311926605505,0.8333333333333334,0.7777777777777778,1.0,1.0,0.0,0.9375,1.0,0.75,0.0,0.9714285714285714,0.0,0.0,0.0,0.0,0.4137635276607553,0.06522210184182015,0.0,0.14138692066442096,0.4193843739100105,0.11596588990206011,0.20124740124740126,0.6745960626447557,0.45726245067718885,0.6362965197510478,0.46745580841352996,0.30958858559293856,0.048486031792518834,0.36062033133445615,0.36238754930343714,0.5365112426035503,0.68936338126973,0.31739549040313064,0.0,0.9287637472042238,0.0,0.0,0.0,0.0,1.0,0.0,0.0,0.5,1.0,0.4,0.5,0.9344262295081968,0.7142857142857143,0.9523809523809523,1.0,0.875,1.0,0.6,0.0,0.8823529411764706,1.0,0.6,0.0,0.9714285714285714,0.0,0.0,0.0,0.0
13,0.26923219959176736,0.529148122833181,0.43188328959153277,0.3907696336825994,0.3866784862681532,0.806378132118451,0.7634726239277148,0.8111067163587236,0.7700901196861388,0.35149223678911806,0.19056732740943266,0.0,0.2863356832158392,0.2969868173258004,0.22054722899965146,0.12897253933970998,0.4968479524267192,0.5095149659652504,0.43344570602976107,0.6089874938175652,0.3367505631853995,0.3842517726085334,0.8240144476391892,0.10787167648225338,0.40508819147797887,0.7695992630124366,0.48897586975078594,0.0,0.9336494771721661,0.0,0.0,0.0,0.0,1.0,0.5,0.0,0.6666666666666666,0.8571428571428571,0.5,0.3333333333333333,0.8115942028985508,0.9387755102040817,0.8348623853211009,0.75,0.7037037037037037,1.0,1.0,0.0,0.875,1.0,1.0,0.0,0.9714285714285714,0.0,0.0,0.0,0.0,0.4110675039246468,0.07990828317569504,0.0,0.11816774992262458,0.49089494163424124,0.13760669820040233,0.16263536735620257,0.6778562036729328,0.4308066805077396,0.6612312242197836,0.4712462684119017,0.2905409071849641,0.05650368581828824,0.3270427795382526,0.2678770534453282,0.5642792446773139,0.6383677835937799,0.3349448794192729,0.0,0.9128761515834196,0.0,0.0,0.0,0.0,1.0,1.0,0.0,0.6666666666666666,1.0,1.0,0.3333333333333333,0.9491525423728814,0.6216216216216216,0.9578947368421052,1.0,0.8636363636363636,1.0,0.5795454545454546,0.0,0.9333333333333333,1.0,0.8,0.0,0.8947368421052632,0.0,0.0,0.0,0.0
14,0.2677985193206269,0.5409267445155387,0.44452496430098964,0.3984109826779269,0.3998835205369038,0.8200455580865603,0.7509950329463915,0.8243039095980272,0.7514076700245098,0.43536623562575505,0.16568694463431305,0.0,0.27218639068046596,0.3731261770244821,0.21366329731613803,0.22899310912269877,0.5097553290917708,0.4982283281012029,0.4772792203021819,0.6486116017805412,0.33862022435934086,0.41734046523199403,0.7958082836299694,0.1511400797719092,0.4542828217980691,0.7456471672040534,0.3660552559805126,0.0,0.909658425762416,0.0,0.0,0.0,0.0,1.0,0.5,0.0,0.6666666666666666,0.9285714285714286,0.5,0.3333333333333333,0.8115942028985508,0.8979591836734694,0.8715596330275229,0.75,0.8148148148148148,1.0,1.0,0.034482758620689655,0.9375,1.0,0.5,0.0,0.9714285714285714,0.0,0.0,0.0,0.0,0.42408525290387256,0.06783835217732005,0.0,0.11351836019767708,0.43201343159914524,0.143299631815791,0.1690777233549759,0.6914098972922502,0.44678263959779946,0.6400486021411214,0.47194973985645833,0.3111844386763207,0.049881800205177004,0.35616292672551314,0.36306602671268584,0.5439654662645615,0.6422790033328043,0.3636025230069279,0.0,0.941231872342282,0.0,0.0,0.0,0.0,1.0,0.5,0.0,0.5,1.0,1.0,0.3333333333333333,0.9333333333333333,0.6470588235294118,0.95,1.0,0.8461538461538461,1.0,0.6071428571428571,1.0,0.8823529411764706,1.0,0.6666666666666666,0.0,0.9714285714285714,0.0,0.0,0.0,0.0
15,0.26649353555578936,0.5434464596119387,0.43751123004924775,0.4075773164885903,0.402408988887865,0.8291571753986332,0.7620788131765619,0.8519885417153178,0.7670520439380392,0.4046937223141975,0.16322624743677375,0.0,0.30763461826908656,0.3237099811676083,0.20765074939003136,0.1501594158181631,0.514335793015984,0.47121421688993875,0.4841970793982483,0.6096234013989967,0.35742547084586446,0.3728075631297425,0.8309689581699657,0.15580965494533455,0.44983826761154594,0.7219714417319207,0.4261622702004955,0.0,0.9237732891525625,0.0,0.0,0.0,0.0,1.0,0.5,0.0,0.6666666666666666,0.9285714285714286,0.5,0.0,0.8260869565217391,0.8979591836734694,0.8899082568807339,0.75,0.8148148148148148,1.0,1.0,0.034482758620689655,0.9375,1.0,1.0,0.0,0.9714285714285714,0.0,0.0,0.0,0.0,0.443140617344439,0.07494350991714788,0.0,0.13310978907517576,0.4857433520784469,0.13701701931922722,0.16762342135476463,0.679209395508533,0.4676115311508403,0.6374923092216798,0.5379521903408028,0.31434418810467246,0.05817384215225746,0.3253436127719751,0.3181595916995202,0.5476901493135585,0.7244742315692165,0.35529673152696534,0.0,0.9290662143454022,0.0,0.0,0.0,0.0,1.0,1.0,0.0,0.6666666666666666,1.0,1.0,0.0,0.9344262295081968,0.676923076923077,0.9509803921568627,1.0,0.88,1.0,0.6,1.0,0.8823529411764706,1.0,0.8,0.0,0.9444444444444444,0.0,0.0,0.0,0.0
16,0.26527607623891053,0.5488709625437236,0.43963175044286207,0.40469689395118125,0.4043955658843363,0.8314350797266514,0.7503803519368163,0.8032687523566922,0.7454513463148165,0.4188330574074903,0.16514012303485986,0.0,0.28128593570321486,0.34519774011299437,0.22011153712094805,0.16676951558161063,0.5308757688163075,0.4657088241693345,0.507391293700871,0.6194587719918039,0.3537204542075953,0.40390595845254385,0.8086479892910042,0.16309838286026446,0.4549412742701466,0.7252418240442192,0.36178717911348923,0.0,0.9212558780928193,0.0,0.0,0.0,0.0,1.0,0.5,0.0,0.6666666666666666,0.8571428571428571,0.5,0.3333333333333333,0.8260869565217391,0.8979591836734694,0.9174311926605505,0.75,0.8148148148148148,1.0,1.0,0.034482758620689655,0.9375,1.0,0.5,0.0,0.9714285714285714,0.0,0.0,0.0,0.0,0.4278498948715605,0.06987505784359092,0.0,0.13551075463063322,0.44965043542254385,0.13082660037290242,0.14995144957691775,0.6688003042017872,0.45995633204529496,0.6284771107847623,0.5457125784284433,0.3119107400348892,0.07045523586338584,0.35093309683651125,0.3144159609919358,0.5653241147953444,0.6888480553003457,0.382298587583051,0.0,0.9337477815373632,0.0,0.0,0.0,0.0,1.0,0.5,0.0,0.5,1.0,0.6666666666666666,0.3333333333333333,0.9344262295081968,0.7096774193548387,0.9523809523809523,1.0,0.88,1.0,0.6,1.0,0.8823529411764706,1.0,0.5,0.0,1.0,0.0,0.0,0.0,0.0
17,0.2641953766031479,0.541296330633499,0.44281906897696427,0.3990731895672232,0.4000698624672905,0.8177676537585421,0.7668167991218608,0.7723715010479716,0.7546287722254965,0.41160678330126627,0.16637047163362953,0.0,0.287885605719714,0.3367984934086629,0.2174102474729871,0.15062223593541088,0.4946424458088755,0.4854225592888447,0.4859479711694651,0.6197555288631386,0.3517821816144267,0.36061699216320436,0.8327194670848878,0.15185099265888902,0.39700568738322756,0.787010594196223,0.5131477587391476,0.0,0.920147225143356,0.0,0.0,0.0,0.0,1.0,0.5,0.0,0.6666666666666666,0.9285714285714286,0.5,0.3333333333333333,0.8115942028985508,0.8979591836734694,0.8899082568807339,0.75,0.7407407407407407,1.0,1.0,0.0,0.8125,1.0,1.0,0.0,0.9714285714285714,0.0,0.0,0.0,0.0,0.4380684794514024,0.06132218079209916,0.0,0.12898745519713262,0.4722845749597275,0.12751060458935964,0.151958495460441,0.7174176007741668,0.45287149671601107,0.6474356185836089,0.5517783677012694,0.30362818057995616,0.0835133811540345,0.3209194419854086,0.28845169727639736,0.5457435734974656,0.6248994221344452,0.33270788336933044,0.0,0.933818957987762,0.0,0.0,0.0,0.0,1.0,0.5,0.0,0.6666666666666666,1.0,1.0,0.3333333333333333,0.9333333333333333,0.676923076923077,0.9509803921568627,1.0,0.8333333333333334,1.0,0.5795454545454546,0.0,0.9285714285714286,1.0,0.5,0.0,1.0,0.0,0.0,0.0,0.0
18,0.26274645055135637,0.5377507315335648,0.4357294741979489,0.39234905161892414,0.39112381485679737,0.8109339407744874,0.7263650916176622,0.7586003219750036,0.7235050692442972,0.40046534520560206,0.14518113465481886,0.0,0.2998850057497125,0.3378907721280603,0.1668699895433949,0.2121258870718914,0.5523536435869534,0.43350791035961833,0.47176533968932893,0.6312442591676677,0.31460622762981855,0.38636646349048387,0.8171074622373247,0.12779220390478258,0.4566203280739442,0.7918931368033164,0.37835980928983365,0.0,0.9190956169765273,0.0,0.0,0.0,0.0,1.0,0.5,0.0,0.6666666666666666,0.9285714285714286,0.25,0.3333333333333333,0.8695652173913043,0.8571428571428571,0.8807339449541285,0.75,0.6296296296296297,1.0,1.0,0.0,0.9375,1.0,0.5,0.0,0.9714285714285714,0.0,0.0,0.0,0.0,0.4252387513659904,0.060943417881326754,0.0,0.12299300756659216,0.4356863602146621,0.12048571788096137,0.16598929620538408,0.6382459929695316,0.48158314989857137,0.6464369101712688,0.4977380607492256,0.32536439700795317,0.047212257554569224,0.31232950537256765,0.3591301970515867,0.552525695163732,0.6037788860012643,0.3326012555134611,0.0,0.934000070571986,0.0,0.0,0.0,0.0,1.0,0.5,0.0,0.5,1.0,1.0,0.3333333333333333,0.8955223880597015,0.6885245901639344,0.9320388349514563,1.0,0.85,1.0,0.5730337078651685,0.0,0.8823529411764706,1.0,0.5,0.0,1.0,0.0,0.0,0.0,0.0
19,0.26189056586243886,0.5423925322676306,0.4346005287507209,0.40152680164123544,0.3959156737842764,0.8200455580865603,0.7649198105722219,0.7815202256628994,0.760673157577414,0.35871851089534207,0.17826384142173615,0.0,0.2632868356582171,0.34903954802259884,0.22533983966538865,0.1343721073742672,0.5132158298715087,0.48004149442078764,0.4962676211543642,0.6138203914364446,0.3591864972726961,0.3845005597711158,0.8222243344501738,0.11463657384888237,0.4248829189198087,0.7593735605711653,0.42287272802981407,0.0,0.9227663247286653,0.0,0.0,0.0,0.0,1.0,0.5,0.0,0.6666666666666666,0.7857142857142857,0.5,0.3333333333333333,0.8115942028985508,0.8979591836734694,0.8990825688073395,0.75,0.7777777777777778,1.0,1.0,0.0,0.875,1.0,1.0,0.0,0.9714285714285714,0.0,0.0,0.0,0.0,0.43288336933045357,0.08643775686066552,0.0,0.12271911631050314,0.4343974124595697,0.11843913162956857,0.15092704903829493,0.6785584261009592,0.46222134100491197,0.6223264597951758,0.5087729572713643,0.30743669801994733,0.05848738859770289,0.33304351173937874,0.361143854024235,0.585150759464974,0.6963757708878939,0.33771740214824914,0.0,0.9304440248583897,0.0,0.0,0.0,0.0,1.0,1.0,0.0,0.6666666666666666,1.0,0.5,0.3333333333333333,0.9333333333333333,0.676923076923077,0.9514563106796117,1.0,0.875,1.0,0.5862068965517241,0.0,0.9333333333333333,1.0,0.6666666666666666,0.0,0.9444444444444444,0.0,0.0,0.0,0.0
20,0.26085714467391624,0.5503279605919907,0.44321018587780286,0.4087694082049459,0.40814915973519533,0.8382687927107062,0.7889005598371932,0.8492066620683233,0.7867843909695034,0.3980491297149761,0.15611756664388243,0.0,0.2840857957102145,0.34706214689265535,0.24041477866852562,0.17062634989200864,0.5194775623459389,0.5167337519037702,0.4969900170599711,0.6499964671801032,0.37270866447872475,0.37852966786913794,0.7821923341967065,0.20028286849608248,0.39708799394223726,0.7422846614463381,0.40948554058837,0.0,0.9156580487708089,0.0,0.0,0.0,0.0,1.0,0.5,0.0,0.6666666666666666,0.9285714285714286,0.5,0.3333333333333333,0.8260869565217391,0.9387755102040817,0.8807339449541285,0.8333333333333334,0.8148148148148148,1.0,1.0,0.06896551724137931,0.9375,1.0,1.0,0.0,0.9714285714285714,0.0,0.0,0.0,0.0,0.46816124618461213,0.09318645450836394,0.0,0.1278894415809494,0.47270815164417995,0.13362716133094396,0.19059107358262967,0.6720374309387535,0.4425201880558578,0.639779649930254,0.5211416011420543,0.31337313834645747,0.05793983244478294,0.3917104981317086,0.34596690796277146,0.5623812465758216,0.6707596253902185,0.31775882124854593,0.0,0.9363168786901211,0.0,0.0,0.0,0.0,1.0,0.5,0.0,0.6666666666666666,1.0,1.0,0.3333333333333333,0.95,0.6666666666666666,0.9504950495049505,1.0,0.88,1.0,0.6296296296296297,1.0,0.9375,1.0,0.8,0.0,0.9714285714285714,0.0,0.0,0.0,0.0
21,0.2599247712057782,0.5466283323964625,0.4378262370638327,0.4061989707186451,0.40275035111731633,0.8223234624145785,0.7478934952151612,0.7966373047377326,0.7567632722218093,0.40147210166002956,0.15037593984962405,0.0,0.2606869656517174,0.33738229755178906,0.2269083304287208,0.15339915663889747,0.5391470805499734,0.45406474372921396,0.49608804251116245,0.6022327421748039,0.36968404441445873,0.3917153874860057,0.820901551695459,0.14870800936908352,0.43857049968311973,0.7855366190695532,0.3812745934917033,0.0,0.9227241611936745,0.0,0.0,0.0,0.0,1.0,0.5,0.0,0.6666666666666666,0.9285714285714286,0.5,0.3333333333333333,0.8405797101449275,0.8571428571428571,0.8990825688073395,0.75,0.7777777777777778,1.0,1.0,0.0,0.9375,1.0,0.5,0.0,0.9714285714285714,0.0,0.0,0.0,0.0,0.4386136435851685,0.07225433526011561,0.0,0.12373335864638459,0.46608736373806486,0.1422173675587111,0.1832534709423762,0.6571179631153492,0.47196342827604865,0.6305892911800869,0.5298644784284471,0.2962574342714185,0.07363153833563262,0.33339123721289327,0.3427625224230716,0.580686994616508,0.6524350587245112,0.38431512455142597,0.0,0.9324068620693976,0.0,0.0,0.0,0.0,1.0,1.0,0.0,0.5,1.0,1.0,0.3333333333333333,0.9206349206349206,0.6885245901639344,0.9423076923076923,1.0,0.875,1.0,0.5862068965517241,0.0,0.8823529411764706,1.0,0.6666666666666666,0.0,0.9444444444444444,0.0,0.0,0.0,0.0
22,0.2585985605675916,0.5408920042575651,0.4406644186915835,0.40143452118474693,0.40094847159179864,0.8132118451025057,0.751686860941543,0.7461110207118985,0.7399587369361958,0.33907557385117904,0.15078605604921394,0.0,0.26538673066346685,0.33822975517890774,0.26481352387591495,0.2200966779800473,0.5383104177753772,0.4440369253722065,0.4733529781485442,0.6212958383381615,0.3786149641505335,0.33971887050628186,0.8253213886842669,0.14287104040230186,0.38684082734553116,0.7875633348687241,0.49332722616643415,0.0,0.9223174070914105,0.0,0.0,0.0,0.0,0.8571428571428571,0.5,0.0,0.6666666666666666,0.7857142857142857,0.5,0.3333333333333333,0.8695652173913043,0.8163265306122449,0.8899082568807339,0.75,0.7777777777777778,1.0,1.0,0.0,0.8125,1.0,1.0,0.0,0.9714285714285714,0.0,0.0,0.0,0.0,0.4411970190964136,0.07348434377081946,0.0,0.1255113381097633,0.4468550955414013,0.13461794019933554,0.19084139653096713,0.6702235671855324,0.47885364729542884,0.6388797845061461,0.553087103104715,0.2906394427644082,0.07540865915617406,0.3258884868122691,0.29598164454917525,0.5695726992898519,0.6521722546439334,0.33072789447972645,0.0,0.9318790642893837,0.0,0.0,0.0,0.0,1.0,0.5,0.0,0.6666666666666666,1.0,0.5,0.3333333333333333,0.8955223880597015,0.7017543859649122,0.941747572815534,1.0,0.84,1.0,0.5795454545454546,0.0,0.9285714285714286,1.0,0.5714285714285714,0.0,0.9714285714285714,0.0,0.0,0.0,0.0
23,0.25816686930742005,0.5382797879923438,0.43989139219407536,0.3952203955614756,0.39460826852070724,0.7927107061503417,0.7362053845012166,0.8033857230838234,0.7324399164730192,0.44890151684639135,0.11004784688995216,0.0,0.30103494825258736,0.31310734463276835,0.191878703380969,0.13442353183173916,0.543057684721108,0.5346369626705623,0.4321233542025484,0.6327563060835159,0.28473738979290786,0.38537131484015424,0.8263748623751476,0.14207032799275618,0.4058289505090661,0.786273606632888,0.5262851075347171,0.0,0.9191353003035775,0.0,0.0,0.0,0.0,1.0,0.5,0.0,0.6666666666666666,0.8571428571428571,0.5,0.0,0.8115942028985508,0.9387755102040817,0.8165137614678899,0.75,0.5925925925925926,1.0,1.0,0.034482758620689655,0.8125,1.0,1.0,0.0,0.9714285714285714,0.0,0.0,0.0,0.0,0.36975951349857183,0.06158671869023028,0.0,0.15777474975106126,0.45872420262664165,0.13342220067862337,0.13346949195813124,0.6444688131364706,0.406462303720595,0.6668010202475045,0.5002346054160336,0.355402039636605,0.07713567213604561,0.3193438588543548,0.3626482779698573,0.5773518184585841,0.6355884871728041,0.3199341855461334,0.0,0.9338591606083133,0.0,0.0,0.0,0.0,1.0,1.0,0.0,0.6666666666666666,1.0,1.0,0.0,0.9333333333333333,0.5897435897435898,0.956989247311828,1.0,0.9411764705882353,1.0,0.5730337078651685,0.5,0.9285714285714286,1.0,0.4,0.0,0.9714285714285714,0.0,0.0,0.0,0.0
24,0.2577610635694932,0.5426662687581697,0.43976643962766104,0.39977684862183266,0.4031149066972013,0.8314350797266514,0.7703139851477175,0.8342109991989362,0.7673202163289863,0.4121884648082688,0.1747095010252905,0.0,0.22623868806559672,0.3574576271186441,0.19240153363541304,0.18055127018409955,0.5004355412228515,0.4756278556553632,0.468439053457297,0.6214512824136226,0.4145330421159762,0.3381017539494962,0.8113490007841646,0.16892038523995181,0.47011860375153297,0.7824504836480884,0.40613353875621994,0.0,0.9146882874660212,0.0,0.0,0.0,0.0,1.0,0.5,0.0,0.6666666666666666,0.9285714285714286,0.5,0.3333333333333333,0.8260869565217391,0.8979591836734694,0.8807339449541285,0.75,0.8888888888888888,1.0,1.0,0.034482758620689655,0.9375,1.0,0.75,0.0,0.9714285714285714,0.0,0.0,0.0,0.0,0.4010361115343593,0.0663035019455253,0.0,0.12782485875706215,0.43481547659954645,0.1476528019259061,0.1571057812779667,0.6990712830053297,0.4565947939861178,0.6577063139829064,0.5320806765798357,0.2800001544807131,0.09462140992167102,0.34349063911551964,0.33469744821553016,0.5548076269293158,0.6522173161835285,0.3205962594089998,0.0,0.9353608213431538,0.0,0.0,0.0,0.0,1.0,0.5,0.0,0.6666666666666666,1.0,1.0,0.3333333333333333,0.9344262295081968,0.676923076923077,0.9504950495049505,1.0,0.8571428571428571,1.0,0.6144578313253012,1.0,0.8823529411764706,1.0,0.6,0.0,1.0,0.0,0.0,0.0,0.0
25,0.2565485170764381,0.5449394535901545,0.4420504831860471,0.403738455700267,0.4032313828175911,0.8382687927107062,0.7829509027358906,0.8742580594926874,0.7894298390864831,0.39216519754798873,0.19671907040328093,0.0,0.2680865956702165,0.3737099811676083,0.1789822237713489,0.21104597346497994,0.5413128721626939,0.46377008671867714,0.46070696846762277,0.6428460397088956,0.36341181717343823,0.34544097524567735,0.8109371163335948,0.15292858692967948,0.4455336345753393,0.746245969599263,0.4294309924840207,0.0,0.9336345959245224,0.0,0.0,0.0,0.0,1.0,0.5,0.0,0.6666666666666666,0.9285714285714286,0.5,0.3333333333333333,0.855072463768116,0.9183673469387755,0.8990825688073395,0.8333333333333334,0.7777777777777778,1.0,1.0,0.034482758620689655,0.875,1.0,1.0,0.0,0.9714285714285714,0.0,0.0,0.0,0.0,0.44089239901403493,0.08755704289625799,0.0,0.13122858541360743,0.4401952085181899,0.13854040199649265,0.17880794701986755,0.6670114023783502,0.46707282715875476,0.666374452836983,0.4983076097315179,0.289538178405809,0.05034992928890017,0.3440569686826832,0.367970902281362,0.5648648648648649,0.6730785209804736,0.34080732307793987,0.0,0.9206376380587159,0.0,0.0,0.0,0.0,1.0,1.0,0.0,0.6666666666666666,1.0,1.0,0.3333333333333333,0.9365079365079365,0.7142857142857143,0.9514563106796117,1.0,0.875,1.0,0.6071428571428571,1.0,0.9333333333333333,1.0,0.8,0.0,0.918918918918919,0.0,0.0,0.0,0.0
26,0.2558963260211098,0.5409932951302111,0.44165763819324844,0.40432115151020764,0.40325182678234445,0.8223234624145785,0.766427596522724,0.8328833077916497,0.7636925191569355,0.38122511074320997,0.17375256322624744,0.0,0.28208589570521475,0.33843691148775895,0.21932729173928198,0.20981178648565257,0.5213018049145995,0.5079880645261555,0.4485323527251059,0.6203914364445701,0.3783691065649693,0.3542729195173529,0.8092262116927659,0.1725422993167753,0.4337391046692511,0.757623215108245,0.4265578480564635,0.0,0.9146535645548522,0.0,0.0,0.0,0.0,1.0,0.5,0.0,0.6666666666666666,0.9285714285714286,0.5,0.3333333333333333,0.8260869565217391,0.9387755102040817,0.8440366972477065,0.75,0.8148148148148148,1.0,1.0,0.034482758620689655,0.9375,1.0,0.75,0.0,0.9714285714285714,0.0,0.0,0.0,0.0,0.44359982297659645,0.0695904511607534,0.0,0.12073872755676347,0.466512642126577,0.1335845451650568,0.17881404216154623,0.6664286052761625,0.44080036410835594,0.6641275577418146,0.5236902376180933,0.29262511828641674,0.0731137524709265,0.3449121041988096,0.35282325937260905,0.5719029790004884,0.6614654548379313,0.33821417369628737,0.0,0.9348368894285489,0.0,0.0,0.0,0.0,1.0,0.5,0.0,0.5,1.0,1.0,0.3333333333333333,0.95,0.647887323943662,0.9484536082474226,1.0,0.8461538461538461,1.0,0.6071428571428571,1.0,0.9375,1.0,0.75,0.0,0.9714285714285714,0.0,0.0,0.0,0.0
27,0.255196207171151,0.5455220853865315,0.4311307678612054,0.40154596954926436,0.4002049571125541,0.8337129840546698,0.7421220650452105,0.7837158999738413,0.7279304280620373,0.33750950825540293,0.13082706766917293,0.0,0.3064846757662117,0.3760263653483992,0.20338096897873822,0.13293222256505194,0.5074015531214671,0.4850107232772822,0.4811646491278192,0.6202642549282837,0.39725439970725795,0.2987933822614753,0.7937171779578452,0.16489437331158188,0.4689498506135954,0.7053431598341778,0.42447585934084237,0.0,0.925923629437092,0.0,0.0,0.0,0.0,1.0,0.0,0.0,0.6666666666666666,0.9285714285714286,0.5,0.0,0.8260869565217391,0.9183673469387755,0.8899082568807339,0.8333333333333334,0.8518518518518519,1.0,1.0,0.034482758620689655,0.9375,1.0,1.0,0.0,0.9714285714285714,0.0,0.0,0.0,0.0,0.44166642269520157,0.06547619047619048,0.0,0.11646685539490434,0.4271655648974178,0.1455929137296488,0.14326885772875908,0.6903543973659753,0.44783979737898527,0.6489387467523889,0.5408072743402085,0.2849719043517493,0.08058239398819109,0.3665165818705857,0.3540896673630082,0.5193753931140099,0.7039488806141682,0.32245207819320554,0.0,0.9283135316321608,0.0,0.0,0.0,0.0,1.0,0.0,0.0,0.5,0.9285714285714286,1.0,0.0,0.9344262295081968,0.6923076923076923,0.9509803921568627,1.0,0.8518518518518519,1.0,0.6219512195121951,1.0,0.8823529411764706,1.0,0.8,0.0,0.9444444444444444,0.0,0.0,0.0,0.0
28,0.25496441662903424,0.5526614176787732,0.44254022005582316,0.4059922926053034,0.406723801046165,0.8291571753986332,0.7674084930375936,0.847636083435899,0.7719133954418769,0.3579131057318001,0.1797676008202324,0.0,0.3185840707964602,0.3734086629001883,0.24686301847333567,0.15617607734238403,0.5414531985141293,0.45822195629875984,0.5185823082385784,0.621083869144351,0.32539537330329676,0.3511630799850728,0.8067073798604345,0.16974354753013896,0.4658715853066331,0.738093044679871,0.40921488205533924,0.0,0.92748120002381,0.0,0.0,0.0,0.0,1.0,0.5,0.0,0.6666666666666666,0.8571428571428571,0.75,0.3333333333333333,0.8840579710144928,0.8571428571428571,0.9174311926605505,0.75,0.6666666666666666,1.0,1.0,0.034482758620689655,0.875,1.0,0.75,0.0,0.9714285714285714,0.0,0.0,0.0,0.0,0.42645412379378367,0.06728063443335891,0.0,0.12726437516227607,0.442076161598145,0.11334266853370674,0.14556173312883436,0.668917084531321,0.4761133897429273,0.6174487512482658,0.6167609211209497,0.3337966873123123,0.08527155198453452,0.3423970415195831,0.32818739510388334,0.5552209524743734,0.6821916641832347,0.35367258070320656,0.0,0.9259035503207644,0.0,0.0,0.0,0.0,1.0,1.0,0.0,0.5,1.0,0.75,0.3333333333333333,0.9104477611940298,0.7368421052631579,0.9174311926605505,1.0,0.9,1.0,0.6071428571428571,1.0,0.9333333333333333,1.0,0.75,0.0,0.918918918918919,0.0,0.0,0.0,0.0
29,0.25422638071402837,0.5451491508099712,0.4353836662638877,0.4000044774753386,0.39629000855179086,0.8132118451025057,0.7453157000241433,0.7788991913280339,0.7489258267918739,0.30310080987963667,0.1543403964456596,0.0,0.30538473076346184,0.34167608286252354,0.20930637852910422,0.19078473722102232,0.5486601481104925,0.47457883939949647,0.5041486747912398,0.5746626156998517,0.2961497558576999,0.37840527428784676,0.8379868355392914,0.1348414664262035,0.4653119007053672,0.8060340856748043,0.3974724656992359,0.0,0.9140607948570408,0.0,0.0,0.0,0.0,0.8571428571428571,0.5,0.0,0.6666666666666666,0.9285714285714286,0.5,0.3333333333333333,0.8405797101449275,0.8979591836734694,0.8899082568807339,0.75,0.5925925925925926,1.0,1.0,0.0,0.9375,1.0,0.75,0.0,0.9714285714285714,0.0,0.0,0.0,0.0,0.4884978726472921,0.06317851147174035,0.0,0.13769161406672678,0.44689393566185526,0.12435930623867461,0.18299299595541088,0.6389905611796521,0.47000269344722767,0.6242523783654028,0.5709672437274476,0.3543884616437231,0.06562398878222414,0.3181220888799348,0.3104155181918412,0.5322049215822868,0.5964822578995808,0.335447708743323,0.0,0.9395685360717508,0.0,0.0,0.0,0.0,1.0,0.5,0.0,0.6666666666666666,1.0,1.0,0.3333333333333333,0.9354838709677419,0.676923076923077,0.9238095238095239,1.0,0.9411764705882353,1.0,0.5604395604395604,0.0,0.8823529411764706,1.0,0.6,0.0,1.0,0.0,0.0,0.0,0.0
30,0.25322599951123953,0.5487173520054547,0.4399894894187581,0.3980521773244509,0.4017584225468731,0.8314350797266514,0.7303148987733233,0.7739738335489081,0.712598564382985,0.41417960535146986,0.13629528366370472,0.0,0.3238838058097095,0.3862900188323917,0.20808644126873474,0.12413864033734444,0.5245584353347048,0.4718358561526746,0.5104645372993004,0.6296191620151205,0.35719104849683814,0.3540241323547705,0.7986439496550468,0.16843397115938666,0.3955077080092513,0.7646706586826347,0.4308259249234869,0.0,0.9211616301910752,0.0,0.0,0.0,0.0,1.0,0.0,0.0,0.6666666666666666,0.9285714285714286,0.5,0.0,0.8405797101449275,0.9183673469387755,0.908256880733945,0.75,0.8148148148148148,1.0,1.0,0.034482758620689655,0.8125,1.0,1.0,0.0,0.9714285714285714,0.0,0.0,0.0,0.0,0.4025965553235908,0.07930952191551985,0.0,0.1180393586005831,0.4513587853449224,0.13949412932998423,0.13178294573643412,0.6822818375921207,0.47825384948607885,0.628177665497264,0.47214598323566503,0.30334901743703296,0.07905116382423198,0.3630890005221556,0.3203666538565552,0.566856590107466,0.6746454260982647,0.3409341790921822,0.0,0.9332065288400655,0.0,0.0,0.0,0.0,1.0,0.0,0.0,0.4,1.0,1.0,0.0,0.9354838709677419,0.7142857142857143,0.9428571428571428,1.0,0.88,1.0,0.6144578313253012,1.0,0.9285714285714286,1.0,0.5714285714285714,0.0,0.9444444444444444,0.0,0.0,0.0,0.0
31,0.25296229623974775,0.5413335822354226,0.43898372521109214,0.39712302074962097,0.3998969662034336,0.8382687927107062,0.7847357890474069,0.8180712433028665,0.7866921643982624,0.42594746968544456,0.14805194805194805,0.0,0.2912854357282136,0.38749529190207155,0.2192401533635413,0.1703178031471768,0.5238991662496592,0.46779131569949955,0.4649495139132635,0.5847099554864693,0.42244622580018065,0.3408384127379027,0.8099786929005378,0.12273349746690514,0.39749952673728567,0.7801473975126669,0.4197289250692261,0.0,0.9246463223476656,0.0,0.0,0.0,0.0,1.0,0.5,0.0,0.6666666666666666,0.9285714285714286,0.5,0.3333333333333333,0.8405797101449275,0.9183673469387755,0.8899082568807339,0.75,0.8888888888888888,1.0,1.0,0.0,0.9375,1.0,1.0,0.0,0.9714285714285714,0.0,0.0,0.0,0.0,0.3961424023636628,0.07289002557544758,0.0,0.13932466041706523,0.40139677337547064,0.13916698932463079,0.154831471179468,0.6774559112027143,0.4729994107248085,0.6675475810988186,0.5385666684021451,0.27125407973331667,0.10575883896865833,0.3377950284912049,0.334039389804273,0.544009642245652,0.6402434414455281,0.3274109201935882,0.0,0.9273811389467242,0.0,0.0,0.0,0.0,1.0,1.0,0.0,0.6666666666666666,1.0,1.0,0.3333333333333333,0.9354838709677419,0.703125,0.97,1.0,0.8275862068965517,1.0,0.6071428571428571,0.0,0.9375,1.0,0.8,0.0,0.9444444444444444,0.0,0.0,0.0,0.0
32,0.2525918788735532,0.5439876542331423,0.43793258575237404,0.3977325071016623,0.40018567185579657,0.8314350797266514,0.7614779413392898,0.7887515410695022,0.7578606350749957,0.39858606649067074,0.15064935064935064,0.0,0.2997850107494625,0.38361581920903953,0.21906587661205995,0.12156741746374576,0.5285961275222338,0.4561316942778106,0.4872172656702773,0.6353281989684166,0.3545495088565907,0.3439482522701829,0.8184223241372209,0.1522999902717184,0.4375498983513996,0.7600184246890834,0.41616872436551394,0.0,0.9192865929879561,0.0,0.0,0.0,0.0,1.0,0.5,0.0,0.6666666666666666,0.9285714285714286,0.5,0.0,0.8405797101449275,0.8979591836734694,0.8990825688073395,0.75,0.8148148148148148,1.0,1.0,0.0,0.9375,1.0,1.0,0.0,0.9714285714285714,0.0,0.0,0.0,0.0,0.4310044513257209,0.08129841386942088,0.0,0.13529186127845844,0.41300028384899234,0.13166439719283546,0.17075989598381972,0.6777310068572204,0.4755136840655669,0.6459514739621661,0.46025408720043404,0.3053205841514934,0.06699781923915678,0.33795165157209256,0.2767548750305964,0.5579450041981528,0.7261045590565042,0.33227500914259117,0.0,0.9333660698547002,0.0,0.0,0.0,0.0,1.0,1.0,0.0,0.6666666666666666,1.0,1.0,0.0,0.9206349206349206,0.6984126984126984,0.9514563106796117,1.0,0.88,1.0,0.6,0.0,0.9375,1.0,0.5714285714285714,0.0,0.9714285714285714,0.0,0.0,0.0,0.0
33,0.25207195276119526,0.5430513414971544,0.43848927348558925,0.407202543229317,0.40611138009674197,0.8200455580865603,0.7629553743005018,0.8687331892932987,0.7672531755038983,0.42518680925321045,0.16527682843472316,0.0,0.24263786810659468,0.3645574387947269,0.19004879749041478,0.17407178854263086,0.5221119910191135,0.5103852609330806,0.4385596160282102,0.6176640994842083,0.3910565015037336,0.3583779076999627,0.820355012712972,0.1656726358404861,0.43727828670666763,0.7383233532934131,0.4015739834690096,0.0,0.929668743427449,0.0,0.0,0.0,0.0,1.0,0.5,0.0,0.6666666666666666,0.9285714285714286,0.25,0.3333333333333333,0.8260869565217391,0.9387755102040817,0.8440366972477065,0.75,0.8148148148148148,1.0,1.0,0.034482758620689655,0.875,1.0,1.0,0.0,0.9714285714285714,0.0,0.0,0.0,0.0,0.4202414647090041,0.07379600805713239,0.0,0.1302504092970826,0.4220371500828464,0.15147937213501875,0.1835185687178097,0.6623705972846423,0.4382719344485444,0.6718519931098516,0.5652854297612581,0.29082845394666906,0.09904768453260906,0.3330696278858863,0.3457328023737019,0.5617136453024888,0.7080885276317533,0.34585522422851406,0.0,0.9262068846228926,0.0,0.0,0.0,0.0,1.0,1.0,0.0,0.6666666666666666,1.0,1.0,0.3333333333333333,0.9344262295081968,0.6388888888888888,0.9583333333333334,1.0,0.8461538461538461,1.0,0.6071428571428571,1.0,0.9333333333333333,1.0,0.8,0.0,0.918918918918919,0.0,0.0,0.0,0.0
34,0.2515597433315073,0.54303752910543,0.44509869962288395,0.39850135996216884,0.40157694843169933,0.8291571753986332,0.7795307225845656,0.8448476902292162,0.7837511343381803,0.47787373036824915,0.15338345864661654,0.0,0.23868806559672015,0.35725047080979283,0.21200766817706518,0.14537694127326956,0.520976141872589,0.5046428682435583,0.4589499546972059,0.6402741468239949,0.34273119189470436,0.40079611892026373,0.8085767015976364,0.16330043178603768,0.3818530498695441,0.7916628281897743,0.48283400303970353,0.0,0.9305988214051866,0.0,0.0,0.0,0.0,1.0,0.5,0.0,0.6666666666666666,0.9285714285714286,0.5,0.3333333333333333,0.8260869565217391,0.9387755102040817,0.8715596330275229,0.8333333333333334,0.8148148148148148,1.0,1.0,0.034482758620689655,0.8125,1.0,1.0,0.0,0.9714285714285714,0.0,0.0,0.0,0.0,0.39545303069574556,0.0682357234081372,0.0,0.12837819668163605,0.4424696195740909,0.1438623462630085,0.18666226477385275,0.6708968226096266,0.4416588175688312,0.6535549995495771,0.4762400277488727,0.3067644469918733,0.08253073770491803,0.34115464951123736,0.35687185190030746,0.5589369187027131,0.6637701309234156,0.3325398987653967,0.0,0.9230439959457997,0.0,0.0,0.0,0.0,1.0,1.0,0.0,0.6666666666666666,0.9285714285714286,1.0,0.5,0.95,0.6571428571428571,0.9595959595959596,1.0,0.9166666666666666,1.0,0.6144578313253012,0.5,0.9285714285714286,1.0,0.6666666666666666,0.0,0.918918918918919,0.0,0.0,0.0,0.0
35,0.25090044750519563,0.5545457627558484,0.42930971138362517,0.4038361816682017,0.399832691092943,0.8200455580865603,0.6890826218627819,0.711367640701718,0.6785698729555404,0.32654704908497023,0.10649350649350649,0.0,0.3399330033498325,0.3054613935969868,0.14151272220285813,0.11632212280160445,0.5008300436070756,0.4533420880862835,0.5592160575957684,0.6095386137214724,0.3439376093494494,0.37330513745490734,0.7998796030067565,0.15810702606431143,0.5071154020263875,0.7445416858590511,0.4063417376277821,0.0,0.9351500029762495,0.0,0.0,0.0,0.0,0.8571428571428571,0.0,0.0,0.6666666666666666,0.8571428571428571,0.25,0.0,0.8115942028985508,0.8571428571428571,0.9541284403669725,0.75,0.7407407407407407,1.0,1.0,0.0,0.9375,1.0,0.75,0.0,0.9714285714285714,0.0,0.0,0.0,0.0,0.4806058610470859,0.07065118810085252,0.0,0.14585746771356245,0.4706906558328497,0.12109462381627023,0.11979028756023936,0.70035543707653,0.47676504357703514,0.5988954671317331,0.5309388116837558,0.3071369489517702,0.08873710044649458,0.3625983389646716,0.32747957902568314,0.5297582198376668,0.6829762961085055,0.3345503788268367,0.0,0.9201695643260868,0.0,0.0,0.0,0.0,1.0,0.0,0.0,0.4,1.0,1.0,0.0,0.9180327868852459,0.7241379310344828,0.9122807017543859,1.0,0.9523809523809523,1.0,0.5930232558139535,0.0,0.8333333333333334,1.0,0.5,0.0,0.9714285714285714,0.0,0.0,0.0,0.0
36,0.2505185558314692,0.5414863556590416,0.4406541729618729,0.40513355982767885,0.4012462089356923,0.8109339407744874,0.7189538912941056,0.7928797785894973,0.717166963755294,0.4969573582710636,0.12494873547505127,0.0,0.3303834808259587,0.3348210922787194,0.19039735099337748,0.14152010696287154,0.5521338872252715,0.47229431510894226,0.4266870189128962,0.6348759980216209,0.4044357282530389,0.3653439482522702,0.8177569723324541,0.13024672418824973,0.45797838629760407,0.7337632427452787,0.39378734567258644,0.0,0.9234434214964583,0.0,0.0,0.0,0.0,1.0,0.0,0.0,0.6666666666666666,0.8571428571428571,0.5,0.3333333333333333,0.8405797101449275,0.8979591836734694,0.8256880733944955,0.75,0.8888888888888888,1.0,1.0,0.034482758620689655,0.875,1.0,0.5,0.0,0.9714285714285714,0.0,0.0,0.0,0.0,0.3679598462761728,0.08423963133640552,0.0,0.13521034539204452,0.4805265007162356,0.14855860756051129,0.17225838758137205,0.6501653972183337,0.4564437034867566,0.684051598635116,0.5376358240390599,0.27735191364390266,0.06625758567013333,0.33983548224636845,0.37142552283397356,0.5634334781331957,0.6705392094961485,0.3534732474910763,0.0,0.9330377951414123,0.0,0.0,0.0,0.0,1.0,0.0,0.0,0.4,1.0,1.0,0.5,0.8787878787878788,0.6470588235294118,0.9782608695652174,1.0,0.8,1.0,0.6071428571428571,1.0,0.875,1.0,0.6666666666666666,0.0,0.918918918918919,0.0,0.0,0.0,0.0
37,0.2500784075869124,0.5423389569300328,0.4379600776824863,0.39568921040550215,0.3977913059920449,0.8337129840546698,0.7698998428229883,0.8615682173269594,0.7759167434349076,0.42185332677077275,0.15338345864661654,0.0,0.3183840807959602,0.3398305084745763,0.1896131056117114,0.12007610819705852,0.48199454051062907,0.49860131165884436,0.49956737872319584,0.6088885748604537,0.35308579857974365,0.347058091802463,0.7985726619616789,0.1820460821216634,0.4128085467130876,0.7735605711653616,0.46761466552851283,0.0,0.9163425861624238,0.0,0.0,0.0,0.0,1.0,0.5,0.0,0.6666666666666666,0.9285714285714286,0.5,0.3333333333333333,0.8260869565217391,0.9183673469387755,0.8899082568807339,0.75,0.8518518518518519,1.0,1.0,0.034482758620689655,0.9375,1.0,0.75,0.0,0.9714285714285714,0.0,0.0,0.0,0.0,0.43561428637434735,0.06837294332723949,0.0,0.11730680666850879,0.4313477076062533,0.13392417528311176,0.16596773047124885,0.7281770872916509,0.453975272830182,0.6333231576387559,0.47309938952083974,0.3074250155569384,0.07540336747655468,0.3451393477137116,0.3272749286982726,0.5149542593714386,0.6547113172975713,0.32296100310594733,0.0,0.9334279910664659,0.0,0.0,0.0,0.0,1.0,1.0,0.0,0.5,1.0,1.0,0.3333333333333333,0.9344262295081968,0.6818181818181818,0.9603960396039604,1.0,0.8518518518518519,1.0,0.6144578313253012,1.0,0.9375,1.0,0.75,0.0,0.9444444444444444,0.0,0.0,0.0,0.0
38,0.24974542982852585,0.5372271163200105,0.4361876332130297,0.38974189932928327,0.39324250040585607,0.8200455580865603,0.7416493051420414,0.7884996736337528,0.7473829721527423,0.42397870150789746,0.16090225563909774,0.0,0.2488875556222189,0.3425423728813559,0.23196235622168002,0.11189961945901471,0.5130410838489665,0.46205280825536943,0.45643381302598174,0.6352434112908923,0.36858054408855445,0.29095658664012936,0.8307471742350434,0.1478249807305191,0.4095903602558088,0.8064025794564716,0.48787241573150675,0.0,0.9224587789440266,0.0,0.0,0.0,0.0,1.0,0.5,0.0,0.6666666666666666,0.9285714285714286,0.75,0.0,0.8260869565217391,0.8979591836734694,0.8807339449541285,0.75,0.7407407407407407,0.5,1.0,0.0,0.9375,1.0,1.0,0.0,0.9714285714285714,0.0,0.0,0.0,0.0,0.4032899917005384,0.079280614306884,0.0,0.11631928217590429,0.4436233262603351,0.13941552320100556,0.15555078990635499,0.6952772913855958,0.46132868868993127,0.6681892459498295,0.4286545246495661,0.28205520868427614,0.08402184064947195,0.326366069205875,0.31902454780361755,0.5351658278487547,0.6313834391229083,0.3163159244610629,0.0,0.9300920519251881,0.0,0.0,0.0,0.0,1.0,1.0,0.0,0.6666666666666666,1.0,1.0,0.0,0.9344262295081968,0.676923076923077,0.96,1.0,0.8333333333333334,1.0,0.5730337078651685,0.0,0.9375,1.0,0.6666666666666666,0.0,0.9444444444444444,0.0,0.0,0.0,0.0
39,0.2494206175407165,0.5378629048966603,0.4347404486008266,0.40290531984746375,0.39648275986732917,0.8223234624145785,0.7693712575639895,0.8572163889810949,0.7697910073366725,0.37666114814980534,0.15105946684894053,0.0,0.295935203239838,0.3284745762711864,0.24093760892296967,0.14362850971922247,0.504430870738249,0.4910755913343487,0.4641352880196557,0.610753903765986,0.36907797687795174,0.34183356138823234,0.8224144349658216,0.1399750057995525,0.36605842119558507,0.7532012897282359,0.4923903312444047,0.0,0.933284886604893,0.0,0.0,0.0,0.0,1.0,0.5,0.0,0.6666666666666666,0.9285714285714286,0.5,0.3333333333333333,0.8260869565217391,0.9387755102040817,0.8715596330275229,0.75,0.7777777777777778,1.0,1.0,0.034482758620689655,0.75,1.0,1.0,0.0,0.9714285714285714,0.0,0.0,0.0,0.0,0.4376397192617624,0.07580434931741785,0.0,0.12427563618039808,0.48309098462816785,0.13595908934454443,0.1687715269804822,0.6774755617508064,0.4525226270264077,0.6563916826597018,0.4844802654440695,0.28749003487237956,0.06734963972354296,0.32745467217948837,0.3212647922642255,0.5976858571198194,0.7073582212224769,0.3264094955489614,0.0,0.9208716017296948,0.0,0.0,0.0,0.0,1.0,1.0,0.0,0.6666666666666666,1.0,1.0,0.3333333333333333,0.95,0.6764705882352942,0.95,1.0,0.84,1.0,0.6,1.0,0.9230769230769231,1.0,0.5714285714285714,0.0,0.918918918918919,0.0,0.0,0.0,0.0
40,0.24876700228171275,0.5473532736833338,0.4395548892407112,0.4045726199528054,0.4054392933297588,0.826879271070615,0.7846217356575942,0.8439368538384557,0.7796604211450977,0.37017316211016155,0.14121667805878332,0.0,0.30538473076346184,0.33246704331450094,0.19536423841059603,0.14949089787102746,0.5372725323081566,0.46183523451341185,0.468853308736501,0.6478626439624108,0.3940811215679996,0.3312601069784799,0.808972744338569,0.16883058571738593,0.47401993464859216,0.7787655458314141,0.4214986154775041,0.0,0.9246388817238437,0.0,0.0,0.0,0.0,1.0,0.5,0.0,0.6666666666666666,0.9285714285714286,0.5,0.3333333333333333,0.8260869565217391,0.8775510204081632,0.8623853211009175,0.8333333333333334,0.8518518518518519,1.0,1.0,0.034482758620689655,0.9375,1.0,1.0,0.0,0.9714285714285714,0.0,0.0,0.0,0.0,0.4523113091495585,0.07763998496805712,0.0,0.14100373978484695,0.4747996342316175,0.13918549788924758,0.15428298482114425,0.6682946749966243,0.47127598839145535,0.6464160212025468,0.4983531713680091,0.28175600822490116,0.10353407721317212,0.3448005779761382,0.35429818775715316,0.5467145108313873,0.6509452123358873,0.34563706827377805,0.0,0.931058509734973,0.0,0.0,0.0,0.0,1.0,0.5,0.0,0.6666666666666666,1.0,1.0,0.3333333333333333,0.9047619047619048,0.6417910447761194,0.9690721649484536,1.0,0.8518518518518519,1.0,0.6144578313253012,1.0,0.9375,1.0,0.8,0.0,0.9714285714285714,0.0,0.0,0.0,0.0
