rank,distance_um,presynaptic_root_id,synapse_id,presynaptic_x_nm,presynaptic_y_nm,presynaptic_z_nm
889,8.616341796875,864691136058023640,162922641,716640.0,916088.0,877840.0
7944,5.6059111328125,864691136058023640,163116422,714872.0,917576.0,881800.0
12862,4.85501123046875,864691136058023640,183083687,754520.0,901040.0,884320.0
13767,4.75445068359375,864691136058023640,183419356,759992.0,951768.0,865840.0
15624,4.5642578125,864691136058023640,254515787,936760.0,645608.0,773720.0
18695,4.30387353515625,864691136058023640,183419512,761424.0,953264.0,867480.0
20354,4.18474951171875,864691136058023640,224374238,852008.0,775432.0,778640.0
22483,4.04870361328125,864691136058023640,176789201,745728.0,907328.0,885680.0
24403,3.93711376953125,864691136058023640,146792237,674560.0,777480.0,909520.0
24405,3.936959228515625,864691136058023640,224374229,851904.0,775352.0,778240.0
30191,3.664296875,864691136058023640,148708045,680048.0,878464.0,935040.0
30634,3.645709716796875,864691136058023640,203193273,807176.0,847120.0,811280.0
31979,3.5916435546875,864691136058023640,155260933,688240.0,855344.0,933160.0
32380,3.575579345703125,864691136058023640,169581822,678376.0,810648.0,925360.0
33622,3.5295234375,864691136058023640,241387234,907008.0,691016.0,753840.0
36076,3.44357958984375,864691136058023640,190552820,774352.0,893640.0,880280.0
40777,3.30066650390625,864691136058023640,183244255,759912.0,901208.0,874440.0
41714,3.275411376953125,864691136058023640,139562191,666080.0,745984.0,911120.0
42814,3.24643310546875,864691136058023640,176659188,742672.0,918520.0,866400.0
45378,3.18271337890625,864691136058023640,206814604,825400.0,813248.0,787440.0
47148,3.139080078125,864691136058023640,190010339,774208.0,806848.0,872000.0
49823,3.079792236328125,864691136058023640,155260762,687752.0,855816.0,933160.0
50656,3.060509765625,864691136058023640,193767760,791936.0,914456.0,819920.0
52174,3.028874267578125,864691136058023640,251499716,923256.0,670992.0,754760.0
53027,3.012347900390625,864691136058023640,190553827,779120.0,881472.0,880640.0
56919,2.937710693359375,864691136058023640,197116114,789464.0,857944.0,875600.0
58458,2.909999267578125,864691136058023640,161269313,703896.0,924456.0,918280.0
59954,2.8853837890625,864691136058023640,257858598,942616.0,626448.0,770680.0
60785,2.8705400390625,864691136058023640,185950751,774592.0,798600.0,873960.0
61600,2.8565712890625,864691136058023640,181183796,753352.0,775368.0,887520.0
61692,2.855193115234375,864691136058023640,175832774,741864.0,751880.0,906080.0
61855,2.85264794921875,864691136058023640,169582269,680536.0,813160.0,926560.0
67670,2.756751708984375,864691136058023640,183187511,761864.0,891592.0,869560.0
73896,2.66527294921875,864691136058023640,257857884,940536.0,631216.0,776560.0
74355,2.6585771484375,864691136058023640,224250699,856648.0,762520.0,775480.0
78033,2.610023681640625,864691136058023640,148709055,684928.0,867104.0,932880.0
78136,2.6086748046875,864691136058023640,148148368,681640.0,831200.0,853400.0
83077,2.546841064453125,864691136058023640,244246076,900224.0,731528.0,760680.0
83115,2.5464013671875,864691136058023640,257858527,942752.0,627160.0,769800.0
94077,2.421609375,864691136058023640,190567226,783144.0,862416.0,839240.0
95238,2.408730712890625,864691136058023640,141229264,657640.0,723720.0,908840.0
96783,2.39244140625,864691136058023640,197144193,789392.0,851144.0,865480.0
100982,2.34980859375,864691136058023640,175833785,744688.0,757816.0,904840.0
104172,2.32006884765625,864691136058023640,190828273,775552.0,946128.0,849240.0
105886,2.303388916015625,864691136058023640,176217788,743792.0,752032.0,911560.0
114122,2.229260009765625,864691136058023640,190553099,775488.0,893872.0,881000.0
116398,2.209593505859375,864691136058023640,207082874,820216.0,817520.0,786240.0
128177,2.1166767578125,864691136058023640,197143970,788048.0,849816.0,866000.0
128936,2.110711669921875,864691136058023640,127714885,633760.0,874064.0,938200.0
130988,2.095236572265625,864691136058023640,155130322,685600.0,825904.0,925520.0
133790,2.074284423828125,864691136058023640,254516186,937920.0,642136.0,773600.0
138833,2.0384307861328126,864691136058023640,183186985,759032.0,896224.0,873680.0
140563,2.0261016845703126,864691136058023640,133997431,647728.0,935448.0,831360.0
142389,2.0138878173828125,864691136058023640,203969988,815408.0,829024.0,797840.0
142778,2.0111846923828125,864691136058023640,169582393,681104.0,813920.0,925320.0
