root_id,cell_type,split,graph_node_index,skeleton_node_id,x_nm,y_nm,z_nm,center_vox_x,center_vox_y,center_vox_z,ng_x,ng_y,ng_z,clipped,seg_resolution_nm
864691135280944545,L4IT,train,3363,3363,735816.0,451184.0,953080.0,22994,14099,23827,183954.0,112796.0,23827.0,False,32x32x40
864691135280944545,L4IT,train,3367,3367,735880.0,452696.0,951920.0,22996,14146,23798,183970.0,113174.0,23798.0,False,32x32x40
864691135294190518,L3IT,train,1850,1850,730680.0,563880.0,1015480.0,22833,17621,25387,182670.0,140970.0,25387.0,False,32x32x40
864691135294190518,L3IT,train,1853,1853,730944.0,564000.0,1014840.0,22842,17625,25371,182736.0,141000.0,25371.0,False,32x32x40
864691135294190518,L3IT,train,1936,1936,732912.0,563048.0,1020680.0,22903,17595,25517,183228.0,140762.0,25517.0,False,32x32x40
864691135294190518,L3IT,train,1937,1937,731968.0,565072.0,1014640.0,22874,17658,25366,182992.0,141268.0,25366.0,False,32x32x40
864691135294190518,L3IT,train,1938,1938,732272.0,566328.0,1013720.0,22883,17697,25343,183068.0,141582.0,25343.0,False,32x32x40
864691135294190518,L3IT,train,1940,1940,732984.0,569128.0,1008240.0,22905,17785,25206,183246.0,142282.0,25206.0,False,32x32x40
864691135294190518,L3IT,train,2004,2004,733320.0,563080.0,1021120.0,22916,17596,25528,183330.0,140770.0,25528.0,False,32x32x40
864691136742244188,L4IT,train,2529,2529,764872.0,768080.0,903400.0,23902,24002,22585,191218.0,192020.0,22585.0,False,32x32x40
864691136742244188,L4IT,train,2530,2530,765848.0,769120.0,904320.0,23932,24035,22608,191462.0,192280.0,22608.0,False,32x32x40
864691136742244188,L4IT,train,2577,2577,766424.0,770424.0,904760.0,23950,24075,22619,191606.0,192606.0,22619.0,False,32x32x40
864691136742244188,L4IT,train,2578,2578,767600.0,770888.0,905440.0,23987,24090,22636,191900.0,192722.0,22636.0,False,32x32x40
864691136742244188,L4IT,train,2610,2610,769256.0,771912.0,906960.0,24039,24122,22674,192314.0,192978.0,22674.0,False,32x32x40
864691136742244188,L4IT,train,2611,2611,770048.0,773096.0,908120.0,24064,24159,22703,192512.0,193274.0,22703.0,False,32x32x40
864691136742244188,L4IT,train,2635,2635,771568.0,774320.0,909560.0,24111,24197,22739,192892.0,193580.0,22739.0,False,32x32x40
864691136742244188,L4IT,train,2636,2636,771944.0,774976.0,910000.0,24123,24218,22750,192986.0,193744.0,22750.0,False,32x32x40
864691136742244188,L4IT,train,2661,2661,772856.0,775544.0,909680.0,24151,24235,22742,193214.0,193886.0,22742.0,False,32x32x40
864691136742244188,L4IT,train,2689,2689,774944.0,776600.0,910000.0,24217,24268,22750,193736.0,194150.0,22750.0,False,32x32x40
864691136742244188,L4IT,train,2690,2690,775976.0,777064.0,911280.0,24249,24283,22782,193994.0,194266.0,22782.0,False,32x32x40
864691136742244188,L4IT,train,2712,2712,778200.0,777912.0,912200.0,24318,24309,22805,194550.0,194478.0,22805.0,False,32x32x40
864691136742244188,L4IT,train,2732,2732,779856.0,778216.0,911720.0,24370,24319,22793,194964.0,194554.0,22793.0,False,32x32x40
864691136742244188,L4IT,train,2759,2759,781840.0,778456.0,911200.0,24432,24326,22780,195460.0,194614.0,22780.0,False,32x32x40
864691136742244188,L4IT,train,2781,2781,782704.0,779032.0,910560.0,24459,24344,22764,195676.0,194758.0,22764.0,False,32x32x40
864691136742244188,L4IT,train,2782,2782,783408.0,779152.0,910360.0,24481,24348,22759,195852.0,194788.0,22759.0,False,32x32x40
864691136742244188,L4IT,train,2801,2801,785360.0,780216.0,909640.0,24542,24381,22741,196340.0,195054.0,22741.0,False,32x32x40
864691136742244188,L4IT,train,2816,2816,788096.0,781024.0,907720.0,24628,24407,22693,197024.0,195256.0,22693.0,False,32x32x40
864691136742244188,L4IT,train,2817,2817,788248.0,781184.0,907560.0,24632,24412,22689,197062.0,195296.0,22689.0,False,32x32x40
864691136742244188,L4IT,train,2832,2832,789664.0,782192.0,907640.0,24677,24443,22691,197416.0,195548.0,22691.0,False,32x32x40
864691136742244188,L4IT,train,2853,2853,791720.0,782928.0,907840.0,24741,24466,22696,197930.0,195732.0,22696.0,False,32x32x40
864691136742244188,L4IT,train,2875,2875,793200.0,783032.0,908360.0,24787,24469,22709,198300.0,195758.0,22709.0,False,32x32x40
864691136742244188,L4IT,train,2876,2876,793984.0,783528.0,908760.0,24812,24485,22719,198496.0,195882.0,22719.0,False,32x32x40
864691136742244188,L4IT,train,2896,2896,795848.0,784440.0,909360.0,24870,24513,22734,198962.0,196110.0,22734.0,False,32x32x40
864691136742244188,L4IT,train,2913,2913,797712.0,784608.0,909960.0,24928,24519,22749,199428.0,196152.0,22749.0,False,32x32x40
864691136742244188,L4IT,train,2928,2928,799816.0,785136.0,909400.0,24994,24535,22735,199954.0,196284.0,22735.0,False,32x32x40
864691136742244188,L4IT,train,2942,2942,801264.0,785072.0,908840.0,25039,24533,22721,200316.0,196268.0,22721.0,False,32x32x40
864691136742244188,L4IT,train,2943,2943,802376.0,785552.0,908720.0,25074,24548,22718,200594.0,196388.0,22718.0,False,32x32x40
864691136742244188,L4IT,train,2959,2959,804032.0,786192.0,908200.0,25126,24568,22705,201008.0,196548.0,22705.0,False,32x32x40
864691136742244188,L4IT,train,2973,2973,805848.0,786944.0,907960.0,25182,24592,22699,201462.0,196736.0,22699.0,False,32x32x40
864691136742244188,L4IT,train,2974,2974,806856.0,787232.0,908040.0,25214,24601,22701,201714.0,196808.0,22701.0,False,32x32x40
864691136742244188,L4IT,train,2986,2986,808320.0,787672.0,908000.0,25260,24614,22700,202080.0,196918.0,22700.0,False,32x32x40
864691136742244188,L4IT,train,3004,3004,810376.0,788568.0,907440.0,25324,24642,22686,202594.0,197142.0,22686.0,False,32x32x40
864691136742244188,L4IT,train,3022,3022,811232.0,789272.0,906840.0,25351,24664,22671,202808.0,197318.0,22671.0,False,32x32x40
864691136742244188,L4IT,train,3023,3023,812184.0,789536.0,906680.0,25380,24673,22667,203046.0,197384.0,22667.0,False,32x32x40
864691136742244188,L4IT,train,3038,3038,813680.0,789672.0,905160.0,25427,24677,22629,203420.0,197418.0,22629.0,False,32x32x40
864691136742244188,L4IT,train,3044,3044,816400.0,790152.0,904320.0,25512,24692,22608,204100.0,197538.0,22608.0,False,32x32x40
864691136742244188,L4IT,train,3046,3046,818296.0,790376.0,904360.0,25571,24699,22609,204574.0,197594.0,22609.0,False,32x32x40
864691136742244188,L4IT,train,3048,3048,819992.0,791064.0,904600.0,25624,24720,22615,204998.0,197766.0,22615.0,False,32x32x40
864691136742244188,L4IT,train,3050,3050,821576.0,791152.0,905000.0,25674,24723,22625,205394.0,197788.0,22625.0,False,32x32x40
864691136742244188,L4IT,train,3051,3051,822576.0,791736.0,905120.0,25705,24741,22628,205644.0,197934.0,22628.0,False,32x32x40
864691136742244188,L4IT,train,3053,3053,824016.0,792256.0,905160.0,25750,24758,22629,206004.0,198064.0,22629.0,False,32x32x40
864691136742244188,L4IT,train,3055,3055,826560.0,792880.0,906360.0,25830,24777,22659,206640.0,198220.0,22659.0,False,32x32x40
864691136742244188,L4IT,train,3057,3057,827728.0,792824.0,907280.0,25866,24775,22682,206932.0,198206.0,22682.0,False,32x32x40
864691136742244188,L4IT,train,3059,3059,830592.0,792784.0,908240.0,25956,24774,22706,207648.0,198196.0,22706.0,False,32x32x40
864691136742244188,L4IT,train,3061,3061,832328.0,793032.0,908640.0,26010,24782,22716,208082.0,198258.0,22716.0,False,32x32x40
864691136742244188,L4IT,train,3062,3062,833336.0,793960.0,909000.0,26041,24811,22725,208334.0,198490.0,22725.0,False,32x32x40
864691136742244188,L4IT,train,3064,3064,834264.0,794704.0,908920.0,26070,24834,22723,208566.0,198676.0,22723.0,False,32x32x40
864691136742244188,L4IT,train,3065,3065,835488.0,795576.0,908960.0,26109,24861,22724,208872.0,198894.0,22724.0,False,32x32x40
864691136742244188,L4IT,train,3067,3067,836400.0,796360.0,908840.0,26137,24886,22721,209100.0,199090.0,22721.0,False,32x32x40
864691136742244188,L4IT,train,3069,3069,837792.0,797464.0,908560.0,26181,24920,22714,209448.0,199366.0,22714.0,False,32x32x40
864691136742244188,L4IT,train,3070,3070,838856.0,797984.0,907880.0,26214,24937,22697,209714.0,199496.0,22697.0,False,32x32x40
864691136742244188,L4IT,train,3072,3072,840352.0,798600.0,907640.0,26261,24956,22691,210088.0,199650.0,22691.0,False,32x32x40
864691136742244188,L4IT,train,3073,3073,841464.0,800584.0,906640.0,26295,25018,22666,210366.0,200146.0,22666.0,False,32x32x40
864691136742244188,L4IT,train,3074,3074,841680.0,802048.0,906400.0,26302,25064,22660,210420.0,200512.0,22660.0,False,32x32x40
864691136742244188,L4IT,train,3076,3076,842080.0,802320.0,906280.0,26315,25072,22657,210520.0,200580.0,22657.0,False,32x32x40
864691136927732810,L3IT,train,1571,1571,728000.0,517984.0,738680.0,22750,16187,18467,182000.0,129496.0,18467.0,False,32x32x40
864691136927732810,L3IT,train,1572,1572,728008.0,519528.0,739160.0,22750,16235,18479,182002.0,129882.0,18479.0,False,32x32x40
864691136927732810,L3IT,train,1649,1649,730144.0,507512.0,740800.0,22817,15859,18520,182536.0,126878.0,18520.0,False,32x32x40
864691136927732810,L3IT,train,1651,1651,730648.0,509416.0,740760.0,22832,15919,18519,182662.0,127354.0,18519.0,False,32x32x40
