nucleus_id,pt_root_id
190151,864691135275621605
223016,864691135763941174
222257,864691136488446226
420681,864691136145537844
298793,864691135387945813
258319,864691136968429774
256338,864691136446104451
276438,864691135164434989
267109,864691135592972811
260552,864691135778954848
260263,864691135694415551
262898,864691135778773856
269633,864691136453183487
296516,864691136953944031
258171,864691136925008100
291326,864691135398817569
260604,864691136006493898
129122,864691136086328195
306794,864691136123919654
275879,864691135684284914
291498,864691135764644150
234739,864691135701340194
255258,864691135351022807
260639,864691135503287618
296633,864691135480803014
221197,864691135480585158
256465,864691134942472035
255133,864691135571557157
294589,864691136228491601
553469,864691135468161164
221113,864691135465900101
497789,864691136137140093
367994,864691135849088094
581998,864691135616363211
300761,864691135866751870
292671,864691136211325884
359672,864691135518989962
260718,864691136058804696
274195,864691135763447862
262895,864691135695057855
296747,864691136118779044
256471,864691136619529179
256874,864691135941898918
497103,864691136595955362
256446,864691135470556242
194684,864691135890948233
255134,864691135942163457
263170,864691136196240342
298767,864691136007128778
298531,864691135271970725
332773,864691135877951571
257700,864691136239108156
588839,864691136210344892
164596,864691136053263859
260742,864691136006519498
262958,864691135954393891
389133,864691136120663064
296508,864691135294520844
256521,864691135398805281
260824,864691136392806271
614178,864691136275364365
305251,864691135336669673
271543,864691135741960340
262726,864691135518173395
296800,864691136905758130
391048,864691135214970752
305355,864691135325309084
256586,864691135891796617
558709,864691135462420637
309216,864691136025624889
188180,864691135566945559
267291,864691136927176778
296730,864691136195891788
260743,864691135274816017
264849,864691136489623826
291204,864691135940881830
262774,864691135843236323
553584,864691135496333968
254974,864691135577644318
264751,864691135640672571
309241,864691135685980087
298945,864691135867644805
368011,864691136904488114
298913,864691134966710559
298675,864691136239863868
337698,864691135464595518
391352,864691135209194617
335521,864691134942595939
292609,864691135119630813
670904,864691136378487159
305205,864691135431089968
291334,864691136389688695
309419,864691135591725067
255210,864691135409870281
303093,864691135942024705
234165,864691135594817067
265000,864691135699321109
309578,864691135518791818
260947,864691135839843475
587776,864691135585415544
273837,864691135476581440
296513,864691135725842603
292783,864691135447979922
306954,864691136057790424
256505,864691135584316781
582399,864691135565962775
340088,864691136380264405
271701,864691136177725958
260855,864691134949081852
267102,864691135398243105
294649,864691136040742142
264822,864691135293678006
580826,864691135122469671
307130,864691136596177570
453792,864691135610877191
255289,864691135764932662
299155,864691136927761226
305113,864691135562410721
292664,864691136438529438
269414,864691136110765496
395147,864691135662059760
298610,864691135101595680
517056,864691135772053835
271303,864691135308347974
258489,864691136373008520
551915,864691135857976366
362959,864691135731889337
296579,864691135499616019
616606,864691136675339655
296735,864691136006393034
262778,864691136053635571
309375,864691135577208606
271773,864691135942120449
305242,864691136905506482
324409,864691135943389556
309187,864691135183693826
232688,864691135878407251
309557,864691135566657623
309280,864691136953631711
365589,864691134886569210
267235,864691135971464805
301188,864691135294480310
269596,864691135014696182
305115,864691137021162094
264800,864691136330122730
342244,864691135948150625
296783,864691135996177834
616159,864691135724393131
291333,864691135480800198
260468,864691136975639836
426435,864691135569902316
271901,864691136335213235
309163,864691135941371046
300822,864691135477268288
296665,864691136111294392
269251,864691135892176009
303033,864691135726706859
453769,864691135938629892
292575,864691135774368763
307183,864691135106408781
256675,864691136380312021
260629,864691135387513685
292900,864691135920665264
258375,864691135774053371
262797,864691135102351392
337962,864691136390677264
256516,864691136524172689
260555,864691135342541509
394760,864691135988742147
294523,864691135511324169
276555,864691135849610334
262652,864691135977010031
260706,864691136274655166
452630,864691136025184569
309347,864691135388514689
309540,864691135989086467
303164,864691135878061395
301144,864691136381347029
304952,864691135954701347
264781,864691135977045871
256652,864691135939477508
553325,864691136108938168
260628,864691135375888840
226288,864691135430749232
260222,864691135384344043
263073,864691135955909640
292675,864691135395833333
303238,864691135464678206
426052,864691135940996774
264994,864691137199765313
518134,864691136136778621
269495,864691135368979961
254965,864691135343506885
260303,864691134966714655
256426,864691135369651193
307122,864691135779049568
228219,864691136445557123
194844,864691135569866988
330600,864691135578360837
255221,864691135102353696
533737,864691136715774812
269834,864691135993185985
291132,864691135592935691
256651,864691135164887085
286611,864691135611692295
265077,864691135656674242
301401,864691135810297885
498727,864691135012451062
307069,864691135469807954
298899,864691136925094628
305034,864691135809509917
264941,864691135492991839
516758,864691136309871706
299071,864691135591726603
294591,864691136579129876
301031,864691136392254847
298820,864691135757083346
306978,864691135702061947
582011,864691135358995288
298714,864691135728030015
303100,864691136137794941
525389,864691135755197133
258166,864691135465932357
299074,864691135473540914
292739,864691134941412707
488601,864691136363009250
256676,864691135739689073
301119,864691136118771108
337922,864691136364183266
533187,864691136227020113
309329,864691135773724747
306979,864691136013161891
298797,864691135971164005
298819,864691136176885510
230650,864691135492614239
335092,864691136314473021
389134,864691135774177531
192146,864691135519105162
307172,864691136484415020
296580,864691135920591792
307312,864691135976028015
262821,864691135214977920
299076,864691135742097044
359237,864691135495698832
301121,864691135350717399
258234,864691135362357319
259950,864691136620797837
325974,864691135686399415
303135,864691135699301397
262555,864691135258628527
553492,864691135134695328
307221,864691135852558279
228758,864691135868916246
262419,864691135656664770
296750,864691135480916422
303089,864691136372039560
291345,864691136177731846
300627,864691135384716762
299010,864691135611702023
291339,864691135342594225
300966,864691135324705692
194600,864691135927381774
260651,864691135751110185
292953,864691135571440006
303028,864691135308912454
258390,864691135430290480
298802,864691135545730856
262806,864691135570303724
294762,864691135105832269
305109,864691135384404954
271698,864691135491891559
222739,864691135742895723
274051,864691135989177347
274050,864691136138335101
490689,864691135464787525
342232,864691136904366770
192139,864691136675875719
554741,864691136066631832
391336,864691135271081125
299066,864691136523497617
309151,864691135868334870
312041,864691136274786494
291161,864691136010651052
309205,864691135343097029
330318,864691136814345075
307047,864691135742370411
251777,864691134949597180
263078,864691135305643175
300965,864691136381294805
344436,864691135970293349
271810,864691136120038424
265045,864691136437631902
260450,864691135662825456
256620,864691136312150874
292838,864691135701629474
396528,864691136725343485
294725,864691135941519361
306940,864691137055253878
291311,864691135492749415
309579,864691135059954075
392879,864691135698922005
332199,864691136390183696
267006,864691135511861968
258150,864691136364362466
262567,864691135492888039
264927,864691135361430087
559381,864691135809608652
463716,864691136966189518
262934,864691135593082635
296879,864691136484732972
260615,864691136363303138
256304,864691136111559352
495010,864691136578820884
258403,864691135584646253
260625,864691136043283030
311832,864691135456165738
260617,864691136275894285
296687,864691135277501669
298868,864691136489147922
583741,864691135952121379
302898,864691135742793835
292740,864691136421279639
262604,864691135510593289
487512,864691135272206865
267454,864691135014600950
518623,864691136118618136
588983,864691135572530981
260556,864691135990701056
305244,864691135875460494
262825,864691135583277677
256473,864691135853055175
583729,864691136136766845
342451,864691135164836397
265037,864691136425681967
294661,864691135520064650
230575,864691135586022264
256647,864691135784960307
307068,864691135464633245
610356,864691135417948090
303174,864691136195798504
299054,864691135875764366
263029,864691135369668089
260699,864691136052637171
581093,864691135468854156
260598,864691135455507818
397167,864691135466283333
305255,864691135778331232
264743,864691135183968002
608213,864691135855860782
256530,864691135732318393
296734,864691135760106830
171091,864691136104410499
251862,864691136596445602
264851,864691136742470492
304978,864691135447540882
291203,864691135779683261
307189,864691135276188133
291335,864691136664950750
301104,864691136974813212
269733,864691136372759688
306933,864691135276189669
276440,864691135495542672
328395,864691135732578745
298869,864691135388363393
291341,864691136814442867
291110,864691136445215875
299075,864691136314457149
224351,864691134948788476
271561,864691135688823008
307155,864691135852637127
299056,864691136101341045
300984,864691135977654851
518752,864691135270320293
294540,864691134941495395
274061,864691135809384221
267203,864691135885663600
258399,864691136011686318
309640,864691135970292837
262710,864691136488999186
368359,864691135339088102
256339,864691135878468435
344429,864691135655473858
344321,864691135993650113
256267,864691136145572404
256472,864691135442606920
344425,864691135476793920
294651,864691135782542416
301106,864691136336107187
323838,864691135577349150
307150,864691135539591282
261049,864691136196517452
258355,864691135751149353
562808,864691135697613077
291107,864691137056262774
305374,864691136175508486
309095,864691136058607320
428864,864691136136383883
255137,864691135518510218
485867,864691135763495478
560732,864691135382556378
291179,864691135502885954
294605,864691135214986368
255117,864691135741458324
330148,864691135479833030
559081,864691135975633475
339037,864691134800773453
307153,864691135562519009
266859,864691136010541996
223029,864691136336179123
271900,864691135698820373
226449,864691136664127454
298772,864691135339600102
301115,864691136579629844
260723,864691135281091489
305126,864691136438445982
296482,864691136033227451
292707,864691136484548908
262670,864691135853088967
296668,864691135465343045
294385,864691135774163963
256602,864691135919756208
432233,864691136033116347
363582,864691135640398651
309227,864691136523628945
188913,864691136954023903
303350,864691136239793212
338034,864691135990672896
330086,864691135339729126
258335,864691135778419901
291111,864691135409937097
330299,864691135587622268
271899,864691135947876644
309453,864691135499317779
258322,864691135619756943
260609,864691135478095016
335338,864691135686540471
262682,864691135137299481
187567,864691135361778503
291120,864691135577574430
168549,864691136324937182
298916,864691135577816862
306968,864691135343081925
271788,864691135583913069
309296,864691136287879619
309291,864691135764053814
307249,864691135014883478
264783,864691135336840425
324188,864691135997140906
494888,864691135397023777
298929,864691135686283703
269402,864691136425073455
262816,864691136814508659
264841,864691135877825107
296386,864691136108378073
294359,864691135760050254
311767,864691136311722074
256442,864691135570165484
291175,864691136674749575
267319,864691135779049056
260622,864691136330880234
309421,864691136579217172
460391,864691135857099310
294484,864691135562842337
392397,864691135342523057
309393,864691136195537366
192925,864691135067066948
296531,864691136118686884
307067,864691135773240571
292871,864691135577644574
396756,864691135477670312
258317,864691136968529870
269488,864691136274695358
294534,864691135886208112
299035,864691135478400936
298795,864691135215023416
300425,864691135360096071
267299,864691135774294603
309463,864691135396312821
303353,864691135456493418
262642,864691135060768923
258398,864691135938816260
256532,864691135210387321
520364,864691135807579933
192545,864691136125411622
302983,864691136211175612
274192,864691135693735103
262800,864691135941300993
307239,864691136488621842
260562,864691136196265704
582010,864691135387690069
309384,864691135133991072
294677,864691135136360217
256617,864691136953958879
298669,864691135196592938
226337,864691135502873666
337808,864691135492600167
362756,864691136022214648
309405,864691135763364662
305250,864691136488591378
256371,864691135277309669
522520,864691135778187360
296642,864691136211385020
274181,864691135083619831
581988,864691136451224831
222500,864691135778638013
304956,864691135750307881
344555,864691135510267401
258243,864691135349839831
292683,864691135777789357
305096,864691135212492992
263132,864691135386899029
256650,864691135511316745
344437,864691137055244406
255185,864691135102396704
292878,864691135954640675
580988,864691135659358850
267163,864691135868919318
296749,864691135060911771
305052,864691136330665194
307170,864691135014246390
301003,864691136298624539
260621,864691135782506832
264786,864691135616183499
294482,864691135939094020
344307,864691135885298544
267296,864691136268671476
311693,864691135503439170
296515,864691135787578308
305024,864691135573315053
271696,864691135868435734
291169,864691136927622474
493398,864691136090632503
260648,864691135765013302
291124,864691135839932307
192790,864691135808684573
302677,864691135465001373
517993,864691135686414775
612250,864691135782265424
330154,864691135779020221
256543,864691135503004765
489411,864691135489836346
264902,864691136453344255
306963,864691135492274791
309382,864691135920381616
610535,864691135927648212
294444,864691135757092306
339947,864691136813553523
256551,864691135801163874
307059,864691135618339945
260635,864691135517917907
256546,864691136288604355
311831,864691135586773628
307066,864691135356708303
306959,864691135465583685
292680,864691135727867967
368218,864691136067404440
394232,864691135809568029
582471,864691135700648226
307213,864691135727846719
291331,864691135891847561
258249,864691135496444816
294582,864691135801463650
264952,864691135210178169
299084,864691135504203357
286913,864691135309733190
518884,864691135989836288
394533,864691136138131325
299157,864691136314448701
258382,864691135741930603
332859,864691136110366904
269630,864691135939515652
395099,864691135405224174
264934,864691135546339880
301226,864691135325492892
294653,864691135868210454
260689,864691136975624220
271702,864691136058023640
331945,864691136912172017
256331,864691135469753426
420750,864691136117770660
309504,864691135947366692
519033,864691136663528670
296509,864691136392785279
582414,864691135585046648
262549,864691136013554851
553589,864691135257404079
192966,864691135304679079
294445,864691135442704968
256654,864691136299026971
300820,864691135592837899
612794,864691135741684075
260777,864691135405480430
307065,864691135465098653
291109,864691136389679223
269714,864691135324437916
344448,864691136390099728
264746,864691135015425942
262879,864691135060094107
564808,864691135888577417
328514,864691135347627423
271889,864691135838738579
324313,864691136314126653
298828,864691135763362102
256657,864691136145574196
228276,864691136312057178
269350,864691135853198023
264845,864691135878560595
258306,864691136196202472
466163,864691135099901728
303374,864691135271915173
296416,864691135503344477
258250,864691134966495519
344535,864691135356320463
269491,864691135868957462
307337,864691135384203226
301200,864691135938404612
330340,864691135209369465
434471,864691135510191369
426103,864691135726077611
258213,864691135562052065
274179,864691135655521986
584004,864691135491204327
265055,864691135741998484
292831,864691136026013497
291464,864691135476528704
291201,864691136336204979
267015,864691135700757026
304846,864691135067181124
307346,864691135361432391
304973,864691136228250961
292825,864691136111251896
302973,864691135102390816
294544,864691135214875776
307110,864691135325416604
307240,864691136596060322
262823,864691135336954857
526226,864691135775906989
303255,864691135119636189
264932,864691136620192653
553585,864691135491167207
266850,864691135969582181
560743,864691135386365313
292796,864691135409856713
298814,864691135593133067
305036,864691135388660865
307056,864691136742623580
582210,864691135517531786
286601,864691135566934039
428660,864691135134114976
269405,864691135760635214
344446,864691136107964377
266872,864691136196112104
311785,864691135431088176
256441,864691135277224421
362932,864691135576991518
291402,864691135540440178
337859,864691135389004929
309278,864691135694189759
298961,864691135162585389
583659,864691135359010904
307198,864691135917058150
267236,864691136011600302
304878,864691135375361480
262547,864691135102433056
614235,864691136619882637
305073,864691135214246528
256615,864691135347633055
256699,864691135164804909
304989,864691135701272610
520348,864691135740865684
563757,864691135065027652
583739,864691136334080435
264917,864691135014966262
582390,864691135429763120
307123,864691136579193108
419719,864691135755707597
305065,864691135573276197
260523,864691136033989051
342111,864691136042515798
269344,864691136452920319
265054,864691135340055782
271898,864691136392123775
302999,864691136195796182
292565,864691136381324501
193069,864691136596107938
294506,864691136391023120
235751,864691135593907263
296578,864691135258563503
291116,864691135060772763
396178,864691135977134403
256525,864691135942611316
296806,864691135294187190
610403,864691135404763374
292685,864691135441799752
260542,864691135988557315
269320,864691135342823877
307232,864691135279848865
296762,864691135591664907
161736,864691135375430985
298661,864691136067382936
153534,864691135886221168
463358,864691135157025636
262957,864691136436788382
269510,864691135455977578
256550,864691135060651419
294579,864691135764631862
262417,864691136210885820
274191,864691135473453362
394538,864691135468948364
301107,864691136118878116
264912,864691135641229883
300400,864691137022180974
264898,864691136034526651
396122,864691135578146565
296504,864691135849640798
260267,864691135356665807
332531,864691135060020123
309561,864691135455875690
291324,864691137056249206
346884,864691135787242948
363583,864691135727961663
582294,864691135801133666
305110,864691135750642473
296533,864691136274488254
298762,864691135408788169
301084,864691135593108235
305232,864691135387753601
199219,864691135773910603
263172,864691135779780797
298807,864691135778542509
298912,864691135858298670
256512,864691135573191405
335440,864691135586724220
260839,864691136052738803
260799,864691136913993713
194731,864691135947629348
587235,864691135511802576
309171,864691135476769344
557121,864691135593659947
309052,864691135082074359
303243,864691134966621471
260533,864691136177799686
262956,864691135583223405
296785,864691135783308368
294935,864691135478434216
260802,864691136118370724
291208,864691136144827444
194161,864691135476041792
296397,864691134966025503
256511,864691136195824204
324396,864691136438372254
252032,864691136101829237
296777,864691135362148935
307058,864691135211756736
296377,864691135838788755
264891,864691136229366097
300835,864691135839577235
222807,864691135015437462
394228,864691136991606421
260649,864691135465955397
271699,864691136967869902
252358,864691135308927302
224285,864691136298913563
294489,864691136091532855
326376,864691135741524587
263169,864691136523889553
309483,864691136742372956
312018,864691135619541903
305105,864691135470154834
309344,864691135717180698
273964,864691135431109168
583891,864691135118894813
291318,864691135741874836
580774,864691135428676144
306975,864691135994077377
305062,864691135586163064
300796,864691135360482392
333112,864691136033332155
302968,864691135929072340
262698,864691135294441654
296731,864691135466236229
309502,864691135119679197
223191,864691135594721579
300823,864691135324725404
258292,864691136138803837
264719,864691135572346349
264848,864691135763975990
302984,864691135943509108
262888,864691135398774817
303216,864691135517376211
303195,864691135702887291
301099,864691135739558513
255135,864691135343765681
309417,864691135119678429
337543,864691134990847098
296398,864691135584019053
291112,864691136102330485
258265,864691135990793216
309661,864691136725353725
258290,864691135874782350
291143,864691135727929663
258402,864691135294442678
344334,864691135119678941
258277,864691135778815421
292899,864691136453384959
256595,864691135994226881
255132,864691135492225127
553321,864691136602371025
309447,864691135271103653
260433,864691135662774512
518312,864691136066069400
230507,864691136011485614
307144,864691135640929595
294658,864691135375762888
332897,864691135742826603
396638,864691135941708033
299041,864691135464995134
299018,864691136954050527
264580,864691135571192966
291214,864691135976979567
262936,864691135886132080
301244,864691135611748615
309284,864691135939209988
296828,864691135616235979
260696,864691135886173552
227818,864691135134016928
266869,864691136195652328
291332,864691136275123134
303055,864691135817889359
256598,864691135442718280
262722,864691136967634382
265082,864691135124690471
262887,864691135727799359
294671,864691135731679929
262772,864691135280944545
299038,864691135493149927
292729,864691136041437182
610607,864691135518453642
303167,864691135850040926
271700,864691135565770007
234684,864691135700814114
303171,864691135293885366
342241,864691136619939213
267207,864691135942163201
258370,864691135573296677
491560,864691135772987899
267317,864691135764890678
291348,864691135309722950
303175,864691135480702150
194171,864691135342848433
294776,864691135015605910
291304,864691135562780385
255121,864691136111478712
309221,864691135587086972
301337,864691136390905207
262996,864691136914541041
255164,864691135305512871
294546,864691135695146943
294511,864691135387901525
267197,864691136927187786
296644,864691135662765296
294498,864691135464162366
258220,864691135396794101
294378,864691136927732810
296637,864691136196922956
587426,864691135919645872
292587,864691136904656818
303090,864691136196979020
262534,864691135760319822
255178,864691135431633200
255260,864691135409760457
258367,864691135783192656
344573,864691135939114293
522656,864691135385422677
294570,864691135727790911
296530,864691136311213914
256536,864691134887552506
230506,864691136025992761
305371,864691136043246934
330853,864691136091074615
294655,864691136026021433
260509,864691134966324767
306999,864691135196456490
305305,864691135527691867
305227,864691135786943684
302974,864691135727857727
307230,864691136380400341
612577,864691135498992403
342338,864691135782330192
311962,864691135214653240
269396,864691135305496231
260745,864691135584625773
256367,864691136579969300
307081,864691135763549238
264919,864691135778527149
294396,864691135997574570
344331,864691135989136899
269410,864691135787536580
262942,864691135490483514
294885,864691136138756221
154704,864691136034271675
301194,864691135325243548
296791,864691135106412109
304964,864691135811472076
401824,864691135777381805
298809,864691135504168285
291206,864691135619781519
262929,864691135388368001
255247,864691135875763086
614445,864691135867905302
309269,864691135919749808
554200,864691136925601354
296784,864691135101521952
296528,864691136391042167
271776,864691135417827770
258221,864691136145377076
262684,864691135579295749
526397,864691135446065810
255125,864691136011684526
271686,864691135477448360
298953,864691136968773070
516621,864691136275919117
262784,864691136489157394
307343,864691136042688854
292713,864691136034011579
309563,864691135585503864
299034,864691135703164283
258226,864691136674327431
307243,864691135868142870
230236,864691137199828801
347172,864691135943149428
260522,864691135943534196
262558,864691135742824555
296501,864691135212359360
554833,864691135937286404
294543,864691135102151968
251780,864691135772065787
300982,864691135742609771
264875,864691135778116013
260746,864691136108462553
264624,864691135060882843
299253,864691135325413788
256470,864691135336847849
294664,864691136042462038
298831,864691136814627955
399458,864691135210446457
260109,864691134966114591
361588,864691136086088556
264798,864691136618795227
311843,864691135572712485
260546,864691135361032024
302509,864691136021592568
335237,864691136011733934
309281,864691136311179354
267010,864691135495529360
126461,864691135132659104
256440,864691135398925345
490761,864691135778414176
194599,864691135276505573
305057,864691135274355473
309170,864691135702946683
394177,864691135503443549
298704,864691135271282085
306886,864691135503448898
267206,864691135308295238
302840,864691135720061233
264846,864691136238090767
192061,864691135996158378
612049,864691135519106442
256600,864691136906067890
300763,864691135015154934
273959,864691135592283403
342342,864691136619828877
260559,864691135571515270
363525,864691136107283417
266848,864691135955962888
258225,864691135763433270
291119,864691135739008132
271577,864691136177127174
292829,864691135779629245
422239,864691135397846049
292577,864691136268801268
271566,864691135476145832
365621,864691135773208651
264960,864691135595810859
303323,864691135447888274
294667,864691135210134905
330852,864691135478268840
327859,864691136990522517
554775,864691135654715586
194975,864691135646147567
294694,864691135885911920
520027,864691136903681458
294669,864691135234382937
337811,864691135566825495
256469,864691135892202633
294375,864691136438496158
301122,864691135430346544
556922,864691135518844554
301029,864691135309628742
553216,864691135134155168
267295,864691135214123064
519746,864691136195391208
292837,864691135656578242
564115,864691136723466749
555607,864691135544366632
491214,864691136578982164
255120,864691135303514791
312043,864691135868946966
584198,864691135257638575
533923,864691136770973038
264843,864691136086206316
269511,864691135695042751
269325,864691135742365803
303237,864691135756844242
294268,864691135689555680
225989,864691137055712630
309274,864691135810803660
304979,864691135430131760
304962,864691135611337735
262937,864691135396940021
258299,864691135850033758
258217,864691135782241616
200901,864691135012351734
294897,864691135294190518
256669,864691135498973715
296742,864691135576872222
269422,864691136814271603
298956,864691135493665631
300817,864691136619693275
530836,864691135014276342
256449,864691135839950227
614654,864691136228367697
309418,864691136991901845
305991,864691135454214130
273958,864691135686442423
302902,864691136041321982
493796,864691135741659499
258372,864691136314491965
306988,864691135106189901
262775,864691136085781356
299294,864691135456535658
399297,864691135587532924
522408,864691135911276969
304992,864691135861182824
305138,864691135214643256
296519,864691135215381304
428755,864691136420195223
264973,864691135272102053
264988,864691135274830353
299023,864691135843242211
298893,864691135773694795
260643,864691135196385578
296612,864691135810473245
296154,864691136523216017
299070,864691135448698196
307132,864691135492371303
274060,864691135562048225
307094,864691135849634142
394472,864691135732038329
260729,864691135611019015
266041,864691135588675012
192536,864691135346685855
342230,864691135503350082
264920,864691135858282030
292637,864691135164887853
274275,864691136675220103
258457,864691136314120765
303035,864691135456207722
582468,864691136084684396
361200,864691135717275162
296548,864691136239859772
228156,864691135215254584
299131,864691135810495005
260647,864691135640297787
306970,864691136125840678
303086,864691136314485053
621193,864691135538080370
457858,864691136603171281
262959,864691135274860561
258401,864691135742664043
256664,864691135562975969
269593,864691135480311494
233782,864691135494051472
304208,864691135620793284
303115,864691136453186559
296503,864691135750958889
428284,864691135464302493
309427,864691135569363948
300897,864691135362104647
330167,864691135360346200
518632,864691135719761713
298947,864691135809954845
258113,864691135518283475
260672,864691136312445786
335486,864691136390828919
291299,864691135892214409
262678,864691135196475434
591972,864691135908742552
264975,864691134919955466
361263,864691136438585502
298437,864691135808925981
342328,864691135948010081
260489,864691135662059248
260543,864691135546161704
342329,864691135864397694
337568,864691135356087247
309258,864691135738266500
311722,864691135784641843
389432,864691136380324821
298759,864691135387529301
292903,864691136425577775
553556,864691135720638769
235718,864691136210255082
269504,864691134919529994
256468,864691135817949519
309220,864691135417307322
264935,864691135756075981
485307,864691136438426526
300968,864691136725771005
309511,864691136392130687
273961,864691135566274391
309426,864691135809375005
267183,864691134941063523
292669,864691135448017554
292643,864691136968542926
260803,864691135562001633
330066,864691136013367715
189149,864691135855890478
309264,864691136125985318
256466,864691135464928318
607613,864691135196201514
307001,864691135802215266
309332,864691135954702627
305002,864691135764678198
255152,864691136005148874
330372,864691135869457430
255215,864691135892048777
264649,864691135084038647
403100,864691135570170266
307025,864691135124209447
307147,864691135325426076
225881,864691135417478842
262423,864691135211926464
556654,864691135059845275
258224,864691136091634487
273962,864691135214611512
555010,864691135416233914
258357,864691135398767137
520182,864691136904761266
292734,864691135540272498
582056,864691135975539779
296419,864691136118921124
330171,864691135398746401
337860,864691135566979927
291221,864691136484948012
358984,864691136924515300
305104,864691135875965582
256552,864691135567047191
294749,864691136138622333
299078,864691135234815577
553360,864691136194355176
265008,864691136034464443
269472,864691135868684566
309222,864691135941368742
188961,864691135939008565
399282,864691135591854347
258354,864691135732369081
267264,864691135866537342
302951,864691136991202453
301100,864691135499964947
271802,864691136725397501
269486,864691136010920366
221159,864691135742733163
303010,864691135115058329
610434,864691135496339088
300819,864691135699522069
516988,864691136143696692
256607,864691135947258916
256341,864691135577651230
258154,864691135774127611
307210,864691136364261346
291295,864691136137293195
255123,864691136619043547
552453,864691135503466818
267194,864691135977666883
291118,864691135101656096
292823,864691136120735000
258289,864691135466158917
267205,864691137021264750
309398,864691136579484948
260575,864691136011458734
294668,864691135615831499
299132,864691135577718046
256533,864691135774346571
301186,864691135357320911
305215,864691136196275688
269500,864691136424990255
304991,864691134887239162
256370,864691135742677867
325816,864691135134585248
307055,864691135996657066
460199,864691135782156368
530669,864691135783909427
300846,864691135274713617
309414,864691135309022022
292834,864691135470684498
292732,864691136118667428
307090,864691135157567332
194703,864691135157619556
255122,864691135308961606
301218,864691136034487483
580948,864691136452081151
527784,864691135464714565
260731,864691135595978283
342326,864691135689341408
399355,864691135970497125
294704,864691136102207349
305220,864691136238257935
309383,864691136007120842
291083,864691135839999379
344558,864691135356637647
296527,864691135885996912
267189,864691136906003634
255160,864691135503556930
304889,864691136034369211
302861,864691135617409385
306885,864691137021481838
192278,864691135890695049
264775,864691136603514321
291308,864691135875799694
299064,864691135448212882
552173,864691135397960481
329954,864691136489055762
296113,864691135417443514
307096,864691136136640139
307264,864691136903387826
294418,864691136137210507
260724,864691135992790209
255116,864691135562318305
300961,864691136022388472
301108,864691135885609328
267401,864691136118288804
256510,864691135685087474
301087,864691136298356507
329901,864691136954028511
309324,864691136603604177
256454,864691135466212933
582444,864691135455123562
262863,864691135448256146
255209,864691135773645899
194481,864691137199050049
306977,864691135866223998
262909,864691136012173475
298949,864691135405609454
294542,864691135741308308
296739,864691135493546591
301236,864691135409859785
264780,864691135573209893
258379,864691135271343525
256297,864691135941886118
303139,864691136330101226
291395,864691136314114621
298862,864691136299083547
292733,864691135701636386
264899,864691135917217894
296803,864691136381243349
260817,864691136118337956
260712,864691135014734486
256757,864691135566824983
294660,864691135102073888
194533,864691136488414994
262945,864691135939102980
304959,864691136298097435
296262,864691136085904236
262868,864691136026198585
292867,864691135948215076
258362,864691135995711402
299027,864691136010068652
260682,864691136313406781
299088,864691135717457178
262881,864691135398868257
296599,864691135659315842
296522,864691135577607454
333202,864691135582973549
255214,864691135504081986
269557,864691135442591048
428164,864691136363473634
262198,864691135214931072
303092,864691135892146569
344651,864691136523476881
328510,864691136108370905
298548,864691135499231763
192020,864691135839248787
267266,864691135716679194
396252,864691135756319186
362903,864691135619317391
194320,864691136725093373
255218,864691135976155459
262886,864691135886314096
365890,864691135990009600
262686,864691135165079085
302957,864691135585266808
291480,864691135592789259
309266,864691135343923633
298805,864691136927801674
332599,864691136424439855
292666,864691135757002450
258353,864691135183999490
296873,864691135455819114
291316,864691136524089489
456175,864691136117695908
262355,864691137199038273
222507,864691135970180709
394342,864691136195526120
292963,864691135528193883
262926,864691134991032954
227723,864691136975300636
427884,864691136905203378
255275,864691136196262102
227810,864691136025504569
194726,864691136424704815
292820,864691135067961412
294768,864691135102434592
395167,864691135778572973
425861,864691135866396798
342105,864691135787093956
301471,864691135659824514
188569,864691135782145872
330175,864691134919869706
301227,864691135875777166
296741,864691136523081105
425602,864691136274546622
296724,864691135347733151
340252,864691135742668395
292579,864691135350977751
426518,864691135698016410
329860,864691135742102635
365335,864691135616048587
262773,864691136023889209
225498,864691135753932237
430555,864691136420378007
299042,864691135587771772
308678,864691136100014453
404262,864691135114295961
225820,864691136040834558
337870,864691135448811860
260842,864691135465113157
258391,864691135584504429
219287,864691135584471405
256597,864691135496381840
396289,864691135741965931
227603,864691136335276211
394838,864691135339729894
307010,864691135388545921
224188,864691134949221372
307027,864691135939462453
294446,864691135717271834
299083,864691136453442303
330181,864691135868060950
227502,864691136975332380
294431,864691136452602367
194361,864691136210847932
255208,864691135990564864
261949,864691135375107272
262654,864691135474504498
260154,864691135134052512
425525,864691136311529306
299072,864691135448215698
296745,864691135868386070
363677,864691135293605558
260727,864691134886335738
258281,864691135386940245
298122,864691135134945184
262813,864691135570301676
194310,864691136489080850
299073,864691135955262472
260895,864691135810982860
263209,864691135066958404
292864,864691135323181212
292982,864691135431579440
262872,864691135741197716
292937,864691135215078712
266839,864691135124538151
260632,864691136012739747
258365,864691135577956101
400905,864691135118298333
292718,864691135732518585
294364,864691136137168779
344421,864691136742708828
423614,864691135477469864
296788,864691136975088156
394030,864691135742189163
291342,864691135727925311
296328,864691135405337326
309459,864691135684809458
260740,864691135990134784
366070,864691135741090196
330544,864691136445062787
271688,864691135503293250
258293,864691135570381292
262780,864691135478429352
258544,864691135398762529
294858,864691135782702387
294691,864691136331247338
296532,864691135211568576
296315,864691136086630764
255324,864691136010650796
330802,864691135374981320
264244,864691135562474977
298502,864691136420303511
306956,864691135941549825
292901,864691135955877896
363596,864691135342585541
396875,864691136674492295
425915,864691135335635177
493885,864691136084313196
309352,864691135727278655
262885,864691135389195393
221168,864691136025913913
296265,864691135810905036
426425,864691136136240011
271772,864691135731966649
307126,864691134886792442
260697,864691135886130288
333180,864691135685250546
305238,864691135868415766
453705,864691135115049881
292951,864691135587666812
394398,864691135927494158
255212,864691135727907391
392850,864691135619463567
326194,864691135592678411
269452,864691135810098717
229767,864691135577202181
296417,864691135779377341
296728,864691135779705021
301216,864691136125956134
363954,864691136372047496
426549,864691136380266965
307004,864691135577135390
296602,864691136034181307
321910,864691136314178365
267192,864691135619865231
363500,864691136335689907
256507,864691135993020097
362831,864691135271463077
267188,864691135448127572
256625,864691136177726726
255246,864691136364166370
342231,864691136363161570
292751,864691136335553971
363868,864691135430486576
311769,864691135885361520
366165,864691136196338764
222718,864691135810531357
262804,864691135295165196
286641,864691135305383591
296761,864691135939049988
299019,864691135694406335
260700,864691135157198692
326204,864691135350976727
394229,864691134886499066
271673,864691135474179378
329980,864691134966069023
363864,864691136953677535
269818,864691136438410654
299068,864691136058745048
299079,864691135732557241
298873,864691135511486985
426555,864691136210975676
224368,864691135566902039
427914,864691135455701354
394291,864691135375484489
258352,864691136238679567
493375,864691136228538961
556712,864691135586414716
269585,864691135404765166
296786,864691135405713902
303048,864691135258642863
487390,864691135938555908
342109,864691136111402424
301239,864691135920776624
307009,864691135764062006
299067,864691135701746978
261962,864691136523118481
489084,864691136239068732
307091,864691135469215372
305045,864691135686055351
300765,864691136137064075
197609,864691135384176619
265201,864691136314250813
558663,864691137054934902
333154,864691135592830731
296517,864691135867984005
230644,864691135547082280
294545,864691136390474359
303284,864691135115194009
457171,864691135014099446
344546,864691135591533579
292964,864691135470860370
363900,864691136101464181
452379,864691135810308125
294646,864691136311267930
520668,864691135473383730
294562,864691136927688266
335638,864691135732257721
307190,864691135866910428
269476,864691136484364844
298789,864691136229363025
335537,864691135878154067
296634,864691135335937513
335604,864691135885917808
298950,864691136211371452
301335,864691136196383190
425858,864691136311381338
425514,864691135976105839
303087,864691135885406064
291376,864691135562950369
330326,864691136378815445
260739,864691136620914829
226662,864691135295103500
260612,864691135659566210
306964,864691135014681590
260443,864691135765006134
291176,864691135738995588
363867,864691135375590217
228483,864691135877606483
271690,864691135773640699
294777,864691135778618029
292721,864691136034482107
298942,864691136814655859
612266,864691135739733140
262935,864691136111556792
301220,864691135779297981
309498,864691136392355711
269613,864691136579358228
296207,864691136967703758
558641,864691136106969561
363488,864691135750649129
296547,864691135941435393
361787,864691135195825450
333227,864691135336113129
227555,864691136125440038
307236,864691135731707065
301030,864691135375655880
363613,864691135583172717
307139,864691135257689519
335691,864691135134565280
368160,864691135361291591
299043,864691136391034487
262889,864691135662802416
225873,864691135977309763
426330,864691136603221201
292720,864691135586240120
271884,864691135773074683
307049,864691136927119946
296910,864691136674744199
330079,864691135469422674
298773,864691136313301565
274058,864691136452543231
296725,864691135375351369
459562,864691136925029092
269502,864691136968094158
291315,864691135655390658
265035,864691135817952079
305420,864691135941956865
333364,864691135442598728
333230,864691135868466710
195369,864691135335855337
298800,864691135742247787
307113,864691135431591728
424084,864691136107486169
344441,864691135492276839
225880,864691135368949241
264217,864691135617440105
304980,864691135697271450
294670,864691135387535957
299278,864691135611140359
296760,864691135694264511
365663,864691135619294351
263131,864691135360809560
335175,864691136991390869
292858,864691136968585678
225650,864691135874914702
298951,864691136058895576
432201,864691135502902338
302753,864691135466025285
256399,864691135579134981
262805,864691136021595384
299321,864691136438216350
306958,864691135492308071
309213,864691136117811876
309208,864691136090728503
269709,864691135976425327
309257,864691135294767884
258369,864691136381353685
260504,864691135725920939
264635,864691135499797523
298934,864691135210358137
260690,864691135688387040
459533,864691135137137433
395199,864691135209280633
294494,864691135405700334
395176,864691135570791558
339622,864691135585989240
262673,864691135594982187
359649,864691136311059034
299091,864691135717457946
333268,864691135941789606
263047,864691136927566154
262057,864691135655472066
262692,864691135359413848
335567,864691136034199739
292889,864691136126503206
190978,864691135778467517
303158,864691136010027182
394316,864691134887460346
309200,864691135384262362
298895,864691135274860817
344210,864691136390601335
298791,864691135569592300
395083,864691136101516661
262696,864691135920571056
307006,864691135989149187
294657,864691135562798817
298946,864691135567059223
294682,864691136975144988
299318,864691135773209163
424435,864691136298111003
292719,864691136108410329
298827,864691135478316200
298829,864691135954940424
489675,864691135440543560
555510,864691135447820946
392918,864691135570502278
293049,864691135948823905
298919,864691135725748139
269247,864691135479404742
309268,864691135293398284
296618,864691136954019039
269471,864691135361548615
301246,864691135469845388
292712,864691135943593332
262814,864691135779716797
298894,864691135376096329
307234,864691135942730612
342238,864691136227297105
307021,864691135885623408
262932,864691135939949365
309273,864691135993767617
363939,864691136953197279
309388,864691135473961522
309153,864691135993615041
301241,864691135405733870
258307,864691136144674612
311845,864691136275729677
298944,864691135490505018
301101,864691135546797608
304975,864691136664680926
325900,864691136110256824
258348,864691135409962953
398518,864691134989909114
301319,864691135157994084
301203,864691135646493679
262636,864691135493624415
560530,864691136521831825
301102,864691135920800688
309239,864691135948238177
256761,864691135546902056
262910,864691136391027728
262899,864691135928395278
307141,864691135970293605
298941,864691135954680867
262946,864691136438717086
434406,864691135308553030
260596,864691136596901026
269591,864691135350542039
296507,864691136336039091
296743,864691135510406921
304974,864691136111478968
612352,864691135927647956
256576,864691135155894884
452396,864691135480718022
296779,864691135280682401
258388,864691135885921648
305059,864691136380718037
296535,864691136026254649
309538,864691136118346148
309479,864691135938925109
394967,864691135499821331
366062,864691137055405174
294502,864691136053465587
455492,864691135504315317
260624,864691135865774206
262677,864691136438666398
292700,864691135493620831
305061,864691136905458866
256935,864691136420279191
300952,864691136118359716
296727,864691135866576604
303169,864691135346975135
309240,864691135592276491
274163,864691135756460754
260705,864691135989943040
298769,864691136421324951
264888,864691135196576298
325994,864691135947139108
363845,864691135763795510
395023,864691136953413599
273955,864691135688407776
307135,864691135839499155
330839,864691135646481135
309386,864691135447582354
426596,864691135539491442
164494,864691135118918109
342450,864691136275771917
296680,864691136239902780
305051,864691135396115189
307074,864691135989998080
262699,864691135990004992
298815,864691136299034139
260518,864691136101340021
517898,864691135686494647
301375,864691135281109665
558881,864691135741619051
227896,864691136120159768
264990,864691136288644291
304986,864691136228723281
516611,864691135257521583
533149,864691135955060232
619464,864691136310966106
262810,864691136239980604
267402,864691135343601093
298790,864691135295330828
304988,864691135343499441
267007,864691135646292719
271687,864691135083577335
311807,864691135867561349
269609,864691135817419343
262892,864691136011768494
228126,864691135430275120
262893,864691135124603687
271774,864691135801376610
291160,864691136288598467
305136,864691135503367517
298811,864691135726881195
335310,864691136118882468
304990,864691136274933950
296511,864691136742244188
299060,864691135357351375
298788,864691135741982868
309253,864691135866279900
296613,864691135258509487
391333,864691135209116537
306962,864691137055840886
228195,864691135527555163
292826,864691136814180211
330172,864691136523288465
269409,864691135477841320
271518,864691136134678667
298958,864691135184104194
298824,864691136111294648
234459,864691135756630226
236197,864691136903144370
264884,864691135351096279
292822,864691135447994514
307077,864691135764946742
265033,864691134949263100
333030,864691135396720885
262691,864691135562004193
256427,864691136381224149
260206,864691135106209101
262786,864691135431648048
260592,864691135387988609
426535,864691135583352941
292708,864691135993150913
301116,864691136523472529
342344,864691135519178378
335367,864691134920000010
309250,864691135067448132
309270,864691135941293057
363826,864691135942924148
307178,864691136967985870
309494,864691135369087481
455349,864691135464143934
309508,864691135472556082
269380,864691135778288573
296619,864691135741963627
296758,864691135584068717
307109,864691135809663773
305228,864691136523033233
397219,864691135405138670
365661,864691135662070512
257894,864691136390788215
298917,864691135976063855
267180,864691135570135020
262815,864691135060869787
306976,864691136021997560
294652,864691135493051879
396693,864691135346571423
258360,864691135997332650
296681,864691134949350652
296914,864691135499707667
301041,864691135339982310
301096,864691135810466333
303067,864691135891467401
221097,864691136523971473
583961,864691135801604706
262777,864691136380816597
309390,864691135782278224
192995,864691135503163202
296540,864691135810773452
267360,864691136484876588
328420,864691135235206489
298938,864691135810492189
264792,864691135561699041
256514,864691136034487739
300907,864691135493031519
309331,864691134949041148
307237,864691135123833127
267287,864691136118805668
309523,864691136389885047
294453,864691136620636045
224565,864691135953985800
269509,864691135498997267
309327,864691135136312089
330815,864691135342958789
298937,864691136034412219
297074,864691136195834070
258291,864691135587371132
311752,864691135619527311
344442,864691135646353391
344319,864691135773731403
309267,864691135939925813
371878,864691136107670745
262787,864691135755384269
366186,864691135396115445
294673,864691136331214058
311619,864691135732377785
585723,864691135915343462
292670,864691135660772080
292737,864691135398892065
260769,864691135492568551
330597,864691136523335057
265231,864691135499752723
255156,864691135325071004
300986,864691135646017007
309338,864691135938990901
346889,864691136033794747
256610,864691135928366606
262700,864691135717299738
271887,864691135778335328
294504,864691135738953860
391223,864691134965778719
294663,864691135646806255
304958,864691136177632518
294565,864691135919956656
223068,864691136452447743
554734,864691136176327430
301374,864691135891690121
518224,864691135360017752
518969,864691136445249923
582129,864691135701624699
306953,864691135279678881
309526,864691135778604640
307092,864691137198844737
298679,864691137056216950
309351,864691135927533070
301198,864691135280481697
292833,864691134942468707
612143,864691135341198789
300401,864691135293096118
228180,864691135858273326
460053,864691135113733529
303002,864691135849300318
294549,864691135646775791
298803,864691136381346005
256459,864691135492613471
363553,864691135787537348
255129,864691135492665959
294465,864691135587758716
309330,864691136275807757
299069,864691135916843366
344547,864691136489262866
264989,864691135480892614
292725,864691135272003237
273952,864691135101824288
309345,864691135885635952
271983,864691135566122071
294825,864691135571356038
226093,864691135336055529
610474,864691135493079783
304857,864691135778544480
306967,864691136041000190
260713,864691135685620210
307235,864691135014256630
255213,864691135375745736
265135,864691135857993774
299317,864691135210443897
291122,864691135132887456
301224,864691135447312274
267195,864691135375767369
423560,864691135339103718
269411,864691135865648254
296987,864691136010639022
260536,864691135655894978
309514,864691134949095932
292649,864691136005322698
292678,864691135431654960
265036,864691136268801012
305233,864691136925825354
256638,864691135572576237
271881,864691135725838763
307112,864691135867532933
459186,864691135772920651
554921,864691135848030814
258285,864691135741780116
296666,864691137055367798
256451,864691135271038885
292647,864691136364308962
272001,864691136904967346
260620,864691134991067002
296615,864691134919403530
267261,864691136177129478
305173,864691135499283987
258336,864691136619344859
224406,864691134942169955
296661,864691135384292843
488668,864691135740860820
292709,864691135361314119
304951,864691135477839784
300902,864691136381325781
300958,864691136675427975
262707,864691135941975974
264885,864691135502748482
301245,864691135466333509
301192,864691134949248508
256622,864691135496262032
394953,864691135977801539
262820,864691135465100189
309206,864691135993274305
296611,864691135511977680
269576,864691135817195343
582412,864691136724880893
294576,864691136389921911
556676,864691136389607287
294499,864691135276234469
194797,864691135477469352
255217,864691135164772653
330401,864691135325165724
292824,864691136275166398
260526,864691135157210468
309512,864691135779305405
296546,864691136524297617
274161,864691135659140738
271873,864691135917047910
258230,864691136298125851
258363,864691135742756203
305184,864691135369002233
298872,864691136485007404
271766,864691136136838027
294493,864691136665051614
365720,864691135503836253
300969,864691135430859056
292890,864691136086632812
226128,864691135119709149
311953,864691135465585221
296726,864691135698211994
260623,864691135520105354
333375,864691135528046939
459250,864691135397982753
518939,864691135989817088
296641,864691136021865976
264870,864691136953873631
271695,864691135809456669
258377,864691135257669039
291177,864691136052366067
582091,864691135501703746
262799,864691134941824611
267165,864691135464263742
558684,864691136275031565
292656,864691136914445809
258361,864691135309290822
304972,864691134919927050
296928,864691134918921738
292832,864691134887444986
307202,864691136239387708
304994,864691135360300632
344443,864691135493079135
294822,864691136484972332
311867,864691135361780551
301473,864691136742921308
255219,864691135060727707
294842,864691135939776309
361751,864691134989865338
309355,864691135742327147
264924,864691136026155577
305219,864691135473954354
490973,864691135430004016
330485,864691135309486662
269485,864691136195284556
303138,864691136967478222
337804,864691135738047620
256458,864691136196969548
292659,864691135866947804
260722,864691135417313722
263109,864691134887026938
260548,864691137056393846
256517,864691135351066583
307087,864691135271590309
496739,864691135014258070
256766,864691135274195217
296550,864691135757040082
309348,864691135210061689
307177,864691136138988157
396772,864691135860969064
292648,864691136043380566
256519,864691135276504549
262809,864691135476311616
269334,864691136238652476
324332,864691136007059658
344563,864691136372630152
301189,864691135689417440
294860,864691135409940425
518004,864691136124845606
267272,864691135741910164
258229,864691135448130450
328465,864691135816693327
294684,864691136742067804
294535,864691135135019168
499540,864691135594101291
256461,864691136138583677
262688,864691136381301461
363820,864691135386963541
262925,864691135719900721
305046,864691135464946757
256435,864691136314404669
292945,864691135970226021
347197,864691135209715577
296401,864691135584008045
342233,864691136195901772
587042,864691135014355094
309416,864691135659857026
309263,864691135778675552
292861,864691136137239691
262779,864691135840033171
256422,864691135404860654
307287,864691136913135089
262891,864691135585713528
330329,864691135384285931
260505,864691135875919502
264889,864691135324623260
228115,864691136125457446
301240,864691136093003700
391039,864691135975824495
426184,864691135595040043
309533,864691135183646466
258232,864691135294361782
292744,864691135774307659
583848,864691135497743635
396676,864691136579408916
262687,864691135802341986
292714,864691136976001308
303172,864691135875414414
271770,864691135763491126
294715,864691135842486243
305290,864691135702298491
404260,864691135341516741
292655,864691135343818161
296648,864691135694246079
304981,864691135694421439
454103,864691137198382657
300978,864691135656579010
363529,864691136125433894
346873,864691135212086720
291125,864691135920851376
305067,864691135811335116
264997,864691136619096795
307035,864691136926764362
309376,864691135946994785
292842,864691135405626862
331122,864691135764015926
190709,864691135890141321
305181,864691135209715833
485031,864691135764274742
305199,864691135577221406
296650,864691136991359893
292856,864691135102381856
291099,864691135464795710
307089,864691136274712254
304955,864691135465571653
294505,864691135347725215
291483,864691135802453858
301120,864691137199860033
256537,864691135566966807
296551,864691135573327085
305200,864691135388828033
267260,864691135877954899
256609,864691137198691137
222998,864691135591041291
307222,864691136913691121
260541,864691135772774651
335531,864691136914542577
307203,864691136603306193
294548,864691135470787666
271778,864691136177029382
493333,864691136010028974
330281,864691135954480163
269595,864691135124146727
262655,864691135886300016
292728,864691136058646488
430233,864691135849426270
294557,864691135732210873
298914,864691136025333561
267240,864691135480702662
298863,864691136052688115
617832,864691135526405723
258295,864691135258646703
273805,864691135113360025
260603,864691135209432185
309396,864691135234582361
328513,864691136120658712
610835,864691135698731541
260707,864691135499765267
292736,864691135928376590
344561,864691136021849848
587208,864691136380264149
330650,864691136603935441
299222,864691135853090503
328518,864691136196932172
258208,864691135504327861
583792,864691135502730562
269498,864691135350420951
557030,864691135700409211
264776,864691136452609023
260549,864691136618553563
307078,864691136311451226
301085,864691136968109774
256531,864691135464671550
258316,864691135739587697
344661,864691135801393250
301083,864691135849699166
223037,864691136195400150
292682,864691135577617694
256443,864691136042982742
292727,864691136331249642
260449,864691136034433723
298957,864691135741889940
556224,864691135970206821
305032,864691135510846217
389316,864691135275949029
556823,864691135162908461
296556,864691136092725684
309251,864691135646778863
361632,864691136119885080
493419,864691136391623039
342110,864691135778465376
298812,864691135853091015
262427,864691135741641876
269505,864691135503782210
422361,864691135417045946
294584,864691136453419007
271886,864691135465795653
333396,864691135703016059
337534,864691136953976287
307270,864691135739004292
344423,864691135928151310
267193,864691135970210661
298774,864691135994134977
263126,864691135739131780
307129,864691135773776459
553260,864691135996891050
301182,864691136380757461
292624,864691136524282001
338049,864691136484883756
309627,864691135465643333
298806,864691135136735001
201147,864691135470235986
256714,864691136390675216
296554,864691135271077541
267350,864691136445968259
304963,864691135955477512
306984,864691135527713115
292860,864691135726939455
309541,864691136145208372
267168,864691135212078784
582353,864691135852138183
301404,864691135720572977
610498,864691135952122147
264928,864691135587519868
296510,864691135476495936
517249,864691135749995049
303085,864691136580010516
292676,864691135764583990
388845,864691136814060915
492688,864691136298045979
264824,864691135571546917
303108,864691135389122689
292881,864691135861093992
260521,864691135726140843
554891,864691136227484753
292674,864691135490326074
258231,864691135496440208
294809,864691135817803599
256423,864691135584629613
267381,864691135430186032
269219,864691135463999294
258464,864691135274708753
264900,864691136139027581
344554,864691136372012168
558471,864691135993770945
292743,864691135801267554
305197,864691135388675969
262782,864691135939017525
326237,864691135066892868
296628,864691136041575422
256439,864691136438469534
338062,864691136392682879
296421,864691136145494068
262853,864691136364187874
294510,864691135274038801
422097,864691136135963787
306982,864691135566649431
337814,864691135912137641
294496,864691136022090744
298796,864691135346954143
342334,864691135396485877
553219,864691135273918993
296598,864691135325487004
258590,864691136034084795
292673,864691136813937267
581967,864691136812081779
296738,864691135689296608
298897,864691135892233097
256437,864691136604001745
256436,864691135448303762
269601,864691135662408944
271952,864691136392622207
294481,864691135389168001
256424,864691135573245165
294583,864691135743102827
258284,864691135455400554
292646,864691135738969220
264987,864691135209947769
256535,864691135387558997
269695,864691135106309709
256548,864691136177778950
300955,864691136674495623
305068,864691136239460668
106221,864691136619199963
256762,864691136905941426
258216,864691135838916755
519002,864691135408560329
524491,864691135082864887
342331,864691134989919098
296378,864691135499624723
258222,864691136137237899
533106,864691135569282284
558388,864691136311106650
307206,864691135726340523
300975,864691135384843738
256702,864691135101431072
303325,864691136312076122
260618,864691135576881950
259167,864691135816565839
298930,864691136336192947
301112,864691135430356784
300931,864691135867965317
258223,864691136904594610
300830,864691135774221643
532459,864691135885194352
267293,864691135478334888
582313,864691136273494206
610396,864691135940685057
260519,864691136042989910
294449,864691134991010426
311793,864691135479744454
324476,864691135408808649
294536,864691135325263004
526606,864691134886037498
554924,864691135578103301
553623,864691135731705273
256522,864691135717163802
258209,864691135277186789
305182,864691135977768259
305198,864691135272069285
260516,864691135717386266
518848,864691134884807418
518132,864691135727686463
264918,864691135994235841
258260,864691136372954248
292747,864691136177629702
256544,864691136229186129
303149,864691135839979667
311979,864691135119409885
554900,864691135463695429
301095,864691135617152361
258202,864691135276132325
531133,864691135566155351
305222,864691135271696549
294561,864691136391024144
294539,864691136914414321
551802,864691135851792071
589183,864691135777400237
293058,864691135990520064
344453,864691135015048342
490753,864691136118430628
553339,864691135684657079
258245,864691135773073147
294500,864691135778811325
256509,864691135304641703
291113,864691136380268245
309480,864691135340141542
311978,864691136195906774
292684,864691134950156796
255265,864691136314078013
531202,864691136991166101
311757,864691135115269785
304976,864691135578670597
493806,864691136023980601
256444,864691135774179147
339714,864691135641196091
256606,864691135577749022
309467,864691137055290998
267366,864691136138695549
302975,864691136424640047
517537,864691135760577870
303236,864691136273370302
258241,864691136043508822
303097,864691135480652998
294568,864691135782156880
292711,864691136603811281
326322,864691135387551061
610615,864691135572385061
300956,864691135447653010
292667,864691134919972106
518898,864691135749141801
264893,864691136210743740
294547,864691135015652246
269406,864691136579434260
291477,864691136011549614
553283,864691135946676260
493968,864691135117980637
307093,864691135842794979
335300,864691135994158785
302998,864691136010928046
294491,864691135489677882
525405,864691135059143323
463826,864691135474086450
485971,864691136009893294
258297,864691136330407914
436425,864691135725779883
335201,864691136524014993
305444,864691135343509701
273595,864691135373601736
107130,864691136275890189
258301,864691135493686111
582409,864691136196127208
309481,864691135994804394
305048,864691136052101363
612510,864691136335899059
305070,864691135954582563
301193,864691135858363694
518853,864691136137834877
301225,864691136905560754
307176,864691134990435194
309279,864691135778290109
580905,864691134886828794
265129,864691135618332265
305354,864691135996104618
311964,864691135720245297
553407,864691136596815778
608166,864691135864188286
267068,864691136211068860
464506,864691135212863360
303066,864691136419797655
525758,864691135367033849
525498,864691135233242713
525220,864691135778132576
303046,864691136362774498
335669,864691135388984961
337669,864691135271967397
552408,864691136484824108
256456,864691136138779517
267185,864691135866427006
582388,864691135885140848
307012,864691136487168530
303144,864691135640544571
302962,864691135941829121
256529,864691135102274592
302972,864691135465503813
303095,864691135566168599
340410,864691136814025587
560217,864691136089194039
267038,864691135811658700
369392,864691135618505065
267307,864691135948123745
267008,864691134887444730
337175,864691135660029314
303032,864691135756148685
303137,864691136022520056
267029,864691135503182685
267294,864691135774389755
526436,864691135273655569
303145,864691135688186080
232635,864691136579127060
560109,864691135782544435
337966,864691135105879117
589294,864691136974876956
302955,864691135324963484
267033,864691135431616048
