root_id,cell_type,split,valid_sites,removed_sites,unique_before,unique_removed,unique_retained
864691134886037498,MartFam,train,8536,159,8022,155,7867
864691134886335738,L4IT,train,249,4,243,4,239
864691134886499066,L4IT,train,827,26,804,26,778
864691134886569210,L4IT,train,407,7,397,7,390
864691134886792442,MartFam,train,206,14,204,14,190
864691134887026938,L4IT,train,748,23,740,23,717
864691134887444986,NglFam,test,833,37,831,37,794
864691134887460346,L3IT,train,528,31,522,31,491
864691134887552506,L2IT,train,275,22,271,21,250
864691134918921738,L3IT,train,451,28,437,28,409
864691134919403530,L4IT,test,415,9,409,9,400
864691134919529994,L6CT,train,149,26,145,25,120
864691134919869706,L4IT,test,468,24,458,23,435
864691134920000010,BasketFam,train,2337,25,2282,24,2258
864691134941063523,L5ET,train,174,38,173,38,135
864691134941412707,L3IT,train,375,9,368,9,359
864691134941495395,L4IT,train,360,7,353,7,346
864691134941824611,L4IT,train,384,27,374,27,347
864691134942468707,L3IT,train,506,20,501,20,481
864691134942595939,BasketFam,train,3286,35,3209,35,3174
864691134948788476,L3IT,train,639,34,628,34,594
864691134949041148,L6CT,train,52,17,50,16,34
864691134949081852,L4IT,train,574,10,560,10,550
864691134949221372,L2IT,train,587,38,575,38,537
864691134949248508,L5IT,test,1065,19,1048,19,1029
864691134950156796,L2IT,train,699,29,683,29,654
864691134965778719,L2IT,train,579,14,567,14,553
864691134966025503,L4IT,train,306,7,304,7,297
864691134966069023,L4IT,train,576,5,564,5,559
864691134966114591,L3IT,train,524,16,515,16,499
864691134966249759,thalamocortical,train,1824,0,1465,0,1465
864691134966495519,L3IT,train,569,28,560,27,533
864691134966621471,MartFam,train,5405,53,5158,53,5105
864691134966710559,L4IT,train,819,8,807,8,799
864691134966714655,L4IT,train,375,13,371,13,358
864691134989909114,MartFam,test,2271,29,2175,28,2147
864691134989919098,L6CT,train,143,23,139,23,116
864691134990435194,L6IT,train,460,32,455,32,423
864691134990847098,BasketFam,train,1525,32,1497,32,1465
864691134991032954,L4IT,train,824,14,780,13,767
864691135014099446,L4IT,train,1298,12,1273,12,1261
864691135014246390,L6CT,train,82,4,81,4,77
864691135014256630,L6CT,train,132,16,132,16,116
864691135014258070,BasketFam,train,2510,52,2433,52,2381
864691135014276342,BasketFam,test,3550,53,3441,52,3389
864691135014600950,L5NP,train,611,26,587,26,561
864691135014681590,L6IT,test,367,17,366,17,349
864691135014696182,L6IT,train,1138,21,1121,21,1100
864691135014734486,L4IT,train,470,7,463,7,456
864691135015048342,L6IT,train,233,43,227,42,185
864691135015154934,L4IT,test,551,13,536,13,523
864691135015425942,BipFam,test,206,17,197,17,180
864691135015437462,BasketFam,test,5600,34,5494,34,5460
864691135015605910,L3IT,train,1452,28,1410,28,1382
864691135059845275,L4IT,train,577,13,562,13,549
864691135059954075,L6CT,train,118,35,117,34,83
864691135060020123,L4IT,train,435,21,424,21,403
864691135060094107,L4IT,train,620,10,609,10,599
864691135060651419,L2IT,train,975,31,949,31,918
864691135060727707,L2IT,train,304,18,300,18,282
864691135060768923,BipFam,test,228,16,224,15,209
864691135060784027,thalamocortical,test,1421,0,1091,0,1091
864691135060869787,L4IT,test,634,14,624,14,610
864691135060882843,L4IT,train,665,18,660,18,642
864691135066892868,L2IT,train,713,30,693,29,664
864691135066958404,L4IT,train,682,11,666,11,655
864691135067066948,L4IT,train,590,17,586,17,569
864691135067181124,L5IT,train,441,4,437,4,433
864691135067448132,L6CT,train,106,16,104,16,88
864691135067961412,L2IT,train,474,17,463,17,446
864691135082864887,L5IT,test,1087,38,1069,36,1033
864691135083619831,L6IT,train,473,18,464,18,446
864691135084038647,MartFam,train,2391,48,2320,48,2272
864691135101521952,L4IT,test,378,7,371,7,364
864691135101595680,L4IT,test,1230,18,1199,18,1181
864691135102151968,L3IT,train,269,13,267,13,254
864691135102274592,L3IT,train,1131,38,1088,38,1050
864691135102351392,L4IT,train,182,7,179,7,172
864691135102353696,L2IT,train,268,21,268,21,247
864691135102381856,L3IT,train,781,25,765,25,740
864691135102390816,L5IT,train,423,17,417,17,400
864691135102433056,L4IT,test,714,10,706,10,696
864691135102434592,L3IT,train,348,10,345,10,335
864691135105879117,L5ET,train,380,86,376,86,290
864691135106189901,BasketFam,test,5490,64,5349,64,5285
864691135106209101,BasketFam,train,5978,42,5827,42,5785
864691135106309709,NglFam,train,1040,42,1031,42,989
864691135113360025,BasketFam,test,2121,90,2088,90,1998
864691135114295961,MartFam,test,1335,30,1296,29,1267
864691135115049881,L2IT,train,486,27,475,26,449
864691135115058329,BasketFam,train,1876,39,1825,39,1786
864691135115194009,BipFam,train,651,4,643,4,639
864691135115269785,L6CT,train,155,24,152,24,128
864691135118298333,MartFam,train,2681,24,2580,24,2556
864691135119335645,thalamocortical,train,5073,0,3620,0,3620
864691135119630813,BipFam,test,519,12,507,11,496
864691135119636189,BasketFam,train,2465,47,2402,47,2355
864691135119709149,L3IT,train,1591,18,1539,18,1521
864691135123833127,L6CT,train,354,20,342,20,322
864691135124146727,L6CT,train,163,20,152,20,132
864691135124209447,L6IT,train,610,18,601,18,583
864691135124538151,L5ET,train,473,104,468,103,365
864691135124603687,L4IT,train,659,13,647,13,634
864691135124690471,BasketFam,train,4666,33,4450,33,4417
864691135132887456,NglFam,test,542,21,533,21,512
864691135133991072,L6CT,train,45,15,44,15,29
864691135134016928,L3IT,test,450,23,443,23,420
864691135134052512,L3IT,train,449,23,442,23,419
864691135134114976,L4IT,train,907,13,887,13,874
864691135134565280,BasketFam,train,2587,36,2512,36,2476
864691135134585248,BipFam,train,897,45,871,44,827
864691135134695328,L2IT,test,1006,28,994,28,966
864691135134945184,L4IT,train,431,19,426,19,407
864691135135019168,L3IT,train,825,17,807,16,791
864691135136312089,L6CT,train,77,15,75,15,60
864691135136735001,L4IT,train,1283,16,1258,16,1242
864691135137137433,L4IT,test,544,2,531,2,529
864691135137299481,L4IT,test,791,7,779,7,772
864691135155894884,L2IT,train,947,19,927,19,908
864691135157198692,L4IT,train,561,5,551,5,546
864691135157619556,L4IT,train,530,16,521,16,505
864691135157994084,L4IT,test,395,15,393,15,378
864691135164434989,L6CT,test,168,41,161,40,121
864691135164887853,L3IT,test,405,22,401,22,379
864691135165079085,L4IT,train,402,10,395,10,385
864691135183646466,L6CT,train,364,10,354,10,344
864691135183693826,L6CT,train,233,14,230,13,217
864691135196475434,MartFam,train,8727,59,8171,58,8113
864691135196576298,L5IT,train,856,7,846,7,839
864691135196592938,L4IT,train,475,21,471,20,451
864691135209116537,L2IT,train,219,13,214,13,201
864691135209194617,L2IT,train,571,33,559,33,526
864691135209280633,L4IT,train,1285,20,1259,20,1239
864691135209432185,L3IT,train,398,26,386,26,360
864691135209715577,L6CT,train,54,24,54,24,30
864691135209715833,L6IT,train,315,16,310,16,294
864691135209947769,L5IT,test,920,43,912,41,871
864691135210061689,L6CT,train,143,37,140,37,103
864691135210134905,L2IT,test,403,31,394,30,364
864691135210178169,BasketFam,test,3349,45,3268,45,3223
864691135210358137,L4IT,train,858,9,840,9,831
864691135210387321,L2IT,test,198,20,195,20,175
864691135210443897,BasketFam,train,4279,16,4086,16,4070
864691135210446457,MartFam,train,13597,117,12654,111,12543
864691135211568576,L4IT,train,367,8,359,7,352
864691135211756736,L6CT,test,125,14,123,14,109
864691135211926464,L4IT,train,565,12,554,11,543
864691135212086720,L6CT,train,115,36,114,36,78
864691135212492992,L6IT,train,368,19,361,19,342
864691135212863360,MartFam,train,7907,48,7691,48,7643
864691135214611512,L6CT,train,190,25,186,25,161
864691135214643256,L6IT,test,1126,10,1114,10,1104
864691135214653240,L6CT,train,106,32,104,32,72
864691135214931072,L4IT,train,602,25,583,25,558
864691135214970752,BipFam,train,1336,16,1276,15,1261
864691135214977920,L4IT,train,745,9,734,9,725
864691135214986368,L3IT,train,462,14,459,14,445
864691135215023416,L4IT,train,574,18,557,18,539
864691135215078712,BipFam,train,947,29,916,29,887
864691135215254584,L4IT,train,752,7,739,7,732
864691135215381304,L4IT,test,390,8,386,8,378
864691135234382937,L3IT,train,356,16,350,16,334
864691135234582361,L6CT,train,150,30,147,30,117
864691135235206489,MartFam,train,3556,29,3403,28,3375
864691135257521583,L2IT,train,134,25,134,25,109
864691135257638575,L3IT,train,289,23,288,23,265
864691135257669039,L3IT,train,557,17,548,17,531
864691135257689519,L6CT,train,186,12,182,12,170
864691135258509487,L3IT,train,348,9,337,9,328
864691135258563503,L4IT,train,1246,15,1218,15,1203
864691135258628527,BasketFam,test,4125,22,4056,22,4034
864691135258642863,L5ET,train,240,68,240,68,172
864691135258646703,L3IT,test,558,24,547,23,524
864691135271038885,L3IT,train,268,15,265,14,251
864691135271077541,L3IT,train,320,20,310,20,290
864691135271103653,L6CT,train,137,29,136,29,107
864691135271282085,L4IT,train,635,8,624,8,616
864691135271343525,BipFam,train,1373,29,1313,29,1284
864691135271590309,L6IT,train,724,7,703,7,696
864691135271696549,L6IT,test,786,30,774,30,744
864691135271915173,MartFam,train,2678,40,2601,40,2561
864691135271967397,MartFam,train,14411,80,13403,80,13323
864691135271970725,BasketFam,train,9741,70,9487,69,9418
864691135272069285,L5ET,train,296,33,294,33,261
864691135273655569,L5ET,train,611,108,593,108,485
864691135273918993,L2IT,test,288,38,280,38,242
864691135274038801,L3IT,train,787,25,770,25,745
864691135274195217,L2IT,train,407,21,399,21,378
864691135274355473,L6CT,train,333,17,324,17,307
864691135274708753,BasketFam,train,5442,48,5312,46,5266
864691135274713617,BipFam,test,87,19,85,18,67
864691135274816017,L3IT,train,366,22,360,22,338
864691135274830353,L4IT,train,727,25,717,25,692
864691135274860561,L4IT,train,869,12,851,11,840
864691135274860817,L4IT,train,379,8,371,8,363
864691135275621605,L2IT,train,513,35,502,34,468
864691135275949029,L2IT,train,540,18,527,18,509
864691135276132325,L3IT,train,283,21,280,21,259
864691135276188133,L6CT,train,195,24,191,23,168
864691135276234469,L3IT,test,383,12,377,12,365
864691135276504549,L2IT,train,282,12,279,12,267
864691135277186789,L3IT,train,291,19,287,19,268
864691135277309669,L2IT,train,374,14,371,14,357
864691135277501669,L4IT,train,891,13,868,12,856
864691135279678881,L6IT,train,356,24,347,24,323
864691135279848865,L6CT,train,207,27,204,27,177
864691135280481697,L5IT,train,290,18,284,17,267
864691135280682401,L4IT,train,495,21,487,21,466
864691135280944545,L4IT,test,458,15,446,15,431
864691135281109665,BasketFam,train,2884,28,2845,28,2817
864691135293096118,NglFam,train,621,46,612,46,566
864691135293398284,MartFam,train,283,33,271,32,239
864691135293605558,L4IT,train,1095,15,1068,14,1054
864691135293678006,L4IT,train,1494,18,1465,17,1448
864691135294187190,L4IT,train,365,8,361,8,353
864691135294194358,thalamocortical,train,5364,0,5210,0,5210
864691135294361782,L3IT,test,266,16,264,16,248
864691135294441654,L4IT,train,828,4,811,4,807
864691135294442678,L2IT,train,324,20,318,19,299
864691135294520844,L4IT,test,297,12,293,12,281
864691135294767884,L6CT,train,157,17,157,17,140
864691135295103500,L4IT,train,323,12,322,12,310
864691135295165196,L4IT,test,529,13,518,13,505
864691135295330828,L4IT,train,560,13,551,13,538
864691135303514791,NglFam,train,431,37,424,37,387
864691135304641703,L2IT,train,476,20,465,20,445
864691135305383591,NglFam,train,139,16,136,16,120
864691135305643175,L4IT,train,670,13,663,13,650
864691135308295238,L6IT,test,416,6,406,6,400
864691135308553030,L6IT,train,427,15,417,15,402
864691135309290822,L3IT,test,308,20,301,19,282
864691135309486662,BasketFam,train,7123,64,6900,63,6837
864691135309628742,L5IT,train,638,28,629,28,601
864691135309722950,L2IT,test,441,20,431,19,412
864691135309733190,NglFam,train,265,25,264,25,239
864691135323181212,MartFam,test,1429,23,1382,23,1359
864691135324437916,L6IT,train,741,22,718,21,697
864691135324705692,L4IT,train,688,9,672,9,663
864691135324725404,L4IT,train,400,15,383,12,371
864691135324963484,L5ET,train,283,44,277,43,234
864691135325071004,L2IT,train,490,17,484,17,467
864691135325263004,L3IT,train,438,28,429,28,401
864691135325309084,L6IT,train,373,27,368,27,341
864691135325413788,L4IT,test,279,16,273,16,257
864691135325426076,MartFam,train,3964,71,3819,71,3748
864691135335635177,L3IT,train,622,32,606,32,574
864691135336055529,L4IT,train,876,23,849,23,826
864691135336113129,L4IT,train,863,11,840,11,829
864691135336669673,MartFam,train,1077,34,1054,34,1020
864691135336840425,BasketFam,train,2350,32,2261,32,2229
864691135336847849,L2IT,train,408,11,402,11,391
864691135336954857,L4IT,train,748,13,728,13,715
864691135339088102,L4IT,test,1555,18,1530,18,1512
864691135339103718,L3IT,train,539,17,533,17,516
864691135339729126,L4IT,train,678,13,664,13,651
864691135339729894,L4IT,train,433,4,426,4,422
864691135339982310,BasketFam,train,3693,36,3550,36,3514
864691135340141542,MartFam,test,770,59,752,59,693
864691135341516741,MartFam,test,3066,42,2982,42,2940
864691135342523057,L3IT,test,659,20,643,20,623
864691135342541509,L4IT,train,626,8,611,8,603
864691135342585541,L4IT,train,965,7,950,7,943
864691135342594225,L2IT,test,370,34,360,33,327
864691135342848433,L4IT,train,561,12,548,12,536
864691135342958789,L4IT,train,1518,16,1481,16,1465
864691135343081925,L6CT,test,261,24,255,24,231
864691135343097029,L6CT,train,187,31,185,31,154
864691135343499441,L6CT,test,135,16,131,16,115
864691135343506885,BipFam,train,3170,35,3040,35,3005
864691135343509701,MartFam,train,5205,31,5089,31,5058
864691135343601093,BasketFam,train,3371,29,3292,29,3263
864691135346571423,L4IT,train,1209,10,1192,10,1182
864691135346685855,L4IT,train,566,11,555,11,544
864691135346954143,MartFam,train,10730,52,10062,50,10012
864691135347627423,BipFam,train,246,9,238,9,229
864691135347633055,L2IT,train,307,20,303,20,283
864691135347733151,L4IT,train,655,13,641,13,628
864691135349839831,L3IT,train,618,22,600,22,578
864691135350542039,L5IT,test,970,12,957,12,945
864691135350717399,L5IT,train,785,18,769,18,751
864691135350977751,MartFam,train,4527,19,4356,19,4337
864691135351066583,L2IT,train,279,19,276,19,257
864691135351096279,L4IT,train,386,16,382,16,366
864691135351159255,thalamocortical,train,1077,0,859,0,859
864691135356087247,MartFam,train,623,22,609,22,587
864691135356320463,L6CT,train,52,21,51,20,31
864691135356708303,MartFam,train,847,49,834,48,786
864691135357351375,L4IT,train,397,20,394,20,374
864691135359413848,BipFam,train,324,16,321,16,305
864691135360300632,L6IT,train,654,18,644,18,626
864691135360482392,L4IT,train,442,14,435,14,421
864691135360809560,L4IT,test,859,10,846,10,836
864691135361291591,MartFam,train,3245,25,3126,25,3101
864691135361314119,L2IT,train,639,13,626,13,613
864691135361430087,L5IT,test,388,6,384,6,378
864691135361432391,L6CT,train,144,15,141,15,126
864691135361548615,L6IT,train,357,23,353,23,330
864691135361780551,L6CT,train,114,28,111,28,83
864691135362104647,L5ET,test,188,38,185,38,147
864691135362357319,BasketFam,train,6607,28,6447,28,6419
864691135369002233,L6CT,train,302,21,293,21,272
864691135369087481,L6CT,train,176,28,174,28,146
864691135369651193,BipFam,train,505,19,500,19,481
864691135369668089,BasketFam,train,5864,46,5723,46,5677
864691135373601736,BasketFam,train,4487,79,4385,79,4306
864691135374981320,L4IT,train,820,7,806,7,799
864691135375107272,L4IT,train,696,19,693,19,674
864691135375361480,MartFam,train,712,23,688,23,665
864691135375484489,L4IT,test,656,22,644,21,623
864691135375590217,L4IT,train,741,4,724,4,720
864691135375655880,BipFam,train,544,15,534,15,519
864691135375745736,L2IT,train,286,25,285,25,260
864691135375767369,L5IT,test,518,15,506,15,491
864691135375888840,L4IT,train,849,11,823,11,812
864691135376096329,BipFam,train,520,27,513,27,486
864691135384176619,L4IT,train,292,14,284,14,270
864691135384262362,L6CT,test,215,36,211,36,175
864691135384285931,L4IT,train,873,7,856,7,849
864691135384292843,L4IT,train,629,15,620,14,606
864691135384344043,L3IT,train,516,43,509,42,467
864691135384404954,L5NP,train,432,15,425,14,411
864691135384716762,MartFam,train,6241,45,5910,43,5867
864691135386899029,L4IT,train,641,14,632,12,620
864691135386940245,BipFam,test,152,20,151,20,131
864691135386963541,L4IT,train,802,15,790,15,775
864691135387277397,thalamocortical,test,3039,0,2977,0,2977
864691135387513685,L4IT,test,607,14,595,13,582
864691135387529301,BasketFam,test,6942,41,6769,41,6728
864691135387535957,L4IT,train,450,9,439,9,430
864691135387551061,BasketFam,train,7134,39,6974,39,6935
864691135387753601,MartFam,train,708,41,693,41,652
864691135387988609,L3IT,train,329,8,325,8,317
864691135388368001,L4IT,train,596,16,589,16,573
864691135388545921,L6IT,train,203,13,199,12,187
864691135388660865,L6IT,train,662,16,647,16,631
864691135388828033,L6IT,train,272,11,271,11,260
864691135388984961,BasketFam,train,5742,42,5598,42,5556
864691135389004929,BasketFam,train,2234,30,2170,30,2140
864691135389168001,L2IT,test,421,15,413,15,398
864691135389195393,L4IT,train,583,11,571,11,560
864691135395833333,BipFam,train,216,12,213,12,201
864691135396115189,L6IT,train,476,12,470,12,458
864691135396115445,L4IT,test,1235,14,1219,14,1205
864691135396312821,L6CT,test,161,16,159,16,143
864691135396485877,L6IT,test,881,21,862,21,841
864691135396720885,BasketFam,train,4757,49,4639,48,4591
864691135396794101,L3IT,train,855,28,841,28,813
864691135396940021,L4IT,train,1010,9,997,9,988
864691135397023777,L5ET,train,274,80,271,79,192
864691135397846049,L2IT,test,404,25,401,25,376
864691135397960481,L2IT,train,461,40,458,40,418
864691135397982753,L5IT,train,422,22,410,22,388
864691135398243105,L5IT,train,457,30,454,30,424
864691135398746401,MartFam,train,5216,42,4938,40,4898
864691135398762529,BipFam,train,923,20,897,20,877
864691135398817569,L2IT,train,190,9,187,9,178
864691135398868257,L4IT,train,643,13,635,13,622
864691135398892065,L3IT,train,252,23,251,23,228
864691135398925345,L3IT,train,598,21,587,21,566
864691135404765166,MartFam,train,1750,34,1698,34,1664
864691135404860654,L2IT,train,259,12,254,12,242
864691135405138670,L4IT,train,694,13,685,13,672
864691135405224174,L4IT,train,903,17,889,17,872
864691135405337326,L3IT,test,814,25,793,24,769
864691135405480430,BasketFam,train,3002,19,2960,19,2941
864691135405713902,L3IT,train,1211,19,1185,19,1166
864691135405733870,L4IT,train,983,18,970,18,952
864691135408560329,L2IT,train,536,31,529,31,498
864691135408788169,L4IT,test,212,12,203,12,191
864691135408808649,L2IT,train,377,21,373,21,352
864691135409856713,BasketFam,train,4368,31,4264,30,4234
864691135409859785,L5IT,train,1065,20,1045,19,1026
864691135409937097,L2IT,train,719,12,707,12,695
864691135409940425,L3IT,train,451,16,443,14,429
864691135409962953,L3IT,train,533,17,523,17,506
864691135417045946,L2IT,train,717,28,706,27,679
864691135417307322,L6CT,train,181,23,178,23,155
864691135417313722,L3IT,train,614,18,599,17,582
864691135417443514,L4IT,test,661,25,643,23,620
864691135417478842,L3IT,train,977,27,945,27,918
864691135417827770,L6CT,train,96,18,96,18,78
864691135430004016,L4IT,train,405,22,401,22,379
864691135430131760,L6CT,train,134,14,130,14,116
864691135430275120,L4IT,train,207,8,205,8,197
864691135430290480,L4IT,train,574,4,563,4,559
864691135430346544,L5IT,train,601,27,590,27,563
864691135430356784,L5IT,train,740,29,732,29,703
864691135430486576,L4IT,test,407,11,400,11,389
864691135430749232,L4IT,train,599,9,586,9,577
864691135431109168,L6CT,train,210,20,204,20,184
864691135431441968,thalamocortical,train,1852,0,1774,0,1774
864691135431579440,BipFam,train,780,11,757,10,747
864691135431616048,L5ET,train,895,266,869,262,607
864691135431648048,L4IT,train,750,22,740,20,720
864691135431654960,L2IT,test,457,7,453,7,446
864691135442591048,BasketFam,train,1117,35,1101,35,1066
864691135442598728,BasketFam,train,4044,33,3853,33,3820
864691135442606920,L2IT,train,481,14,469,13,456
864691135446065810,MartFam,train,4746,47,4635,47,4588
864691135447312274,L4IT,train,1200,22,1178,21,1157
864691135447582354,L6CT,test,183,18,182,18,164
864691135447653010,L5IT,train,643,21,638,21,617
864691135447888274,BasketFam,train,2108,31,2061,31,2030
864691135447979922,BipFam,train,1950,19,1867,18,1849
864691135448017554,BasketFam,train,6113,56,5987,55,5932
864691135448127572,L5NP,train,186,9,181,8,173
864691135448130450,L3IT,test,486,15,478,15,463
864691135448212882,L4IT,train,589,10,578,9,569
864691135448215698,L4IT,train,604,26,592,24,568
864691135448256146,L4IT,train,776,6,766,6,760
864691135448303762,L2IT,train,368,18,362,18,344
864691135448811860,BasketFam,train,1916,25,1873,25,1848
864691135455400554,L3IT,train,304,11,304,11,293
864691135455507818,L4IT,train,698,18,688,18,670
864691135455701354,L4IT,train,532,12,523,12,511
864691135455819114,L4IT,test,833,16,812,14,798
864691135455875690,L6CT,train,44,15,42,15,27
864691135456165738,L6CT,train,36,30,35,30,5
864691135456207722,L5ET,train,469,66,466,65,401
864691135456493418,BipFam,test,889,5,860,5,855
864691135456535658,MartFam,train,11896,57,11174,57,11117
864691135463999294,BasketFam,train,1686,55,1611,55,1556
864691135464143934,L3IT,train,684,25,670,24,646
864691135464263742,L5IT,train,1024,9,1010,9,1001
864691135464302493,L6IT,train,899,15,888,15,873
864691135464595518,BasketFam,train,2220,27,2159,26,2133
864691135464633245,L6IT,train,456,30,452,30,422
864691135464671550,L2IT,train,651,26,636,26,610
864691135464678206,MartFam,train,2488,28,2398,28,2370
864691135464714565,L5ET,train,383,45,377,44,333
864691135464787525,L4IT,test,325,7,321,7,314
864691135464795710,L2IT,train,413,18,405,18,387
864691135464928318,L2IT,train,340,8,335,8,327
864691135464946757,BasketFam,test,1776,31,1719,31,1688
864691135464991645,thalamocortical,train,8323,0,8048,0,8048
864691135464995134,L4IT,train,348,7,345,7,338
864691135465001373,BasketFam,train,2357,44,2275,44,2231
864691135465098653,L6CT,train,146,29,145,28,117
864691135465100189,L4IT,train,643,8,634,8,626
864691135465113157,L4IT,train,347,6,339,6,333
864691135465343045,L4IT,train,652,16,636,16,620
864691135465503813,L5ET,train,307,64,301,61,240
864691135465571653,L6IT,train,817,11,794,11,783
864691135465583685,L6IT,train,288,21,284,20,264
864691135465585221,L6IT,train,179,33,178,33,145
864691135465643333,L6CT,test,46,24,46,24,22
864691135465795653,BasketFam,train,2298,46,2231,46,2185
864691135465900101,BipFam,train,495,15,487,15,472
864691135465932357,L3IT,test,284,12,281,12,269
864691135465955397,L3IT,train,740,12,726,12,714
864691135466158917,L2IT,test,376,27,370,27,343
864691135466236229,L4IT,train,645,18,628,18,610
864691135466283333,L4IT,test,565,18,559,18,541
864691135466333509,BasketFam,train,4486,35,4322,35,4287
864691135468854156,L2IT,train,474,22,466,22,444
864691135468948364,L3IT,train,1392,25,1369,25,1344
864691135469215372,L6CT,train,110,6,105,6,99
864691135469753426,L2IT,train,644,32,616,31,585
864691135469807954,L6CT,train,124,15,117,15,102
864691135469845388,L4IT,train,750,23,738,23,715
864691135470154834,L6IT,train,1235,14,1208,14,1194
864691135470235986,BipFam,train,142,24,141,24,117
864691135470255698,thalamocortical,train,5399,0,5233,0,5233
864691135470556242,MartFam,train,2537,15,2434,15,2419
864691135470860370,BipFam,test,2348,36,2156,34,2122
864691135472556082,MartFam,train,757,47,743,47,696
864691135473383730,L4IT,train,525,11,515,11,504
864691135473453362,L6CT,train,92,15,91,15,76
864691135473540914,L4IT,train,507,14,498,14,484
864691135473954354,L6IT,test,576,4,567,4,563
864691135473961522,L6CT,train,68,20,65,18,47
864691135474086450,BasketFam,train,2490,64,2414,64,2350
864691135474179378,MartFam,test,1098,37,1066,37,1029
864691135474504498,L4IT,train,272,10,265,9,256
864691135476311616,L4IT,test,834,18,820,18,802
864691135476528704,L2IT,train,423,29,411,29,382
864691135476581440,L6CT,train,241,35,240,35,205
864691135476769344,L6CT,train,298,9,285,9,276
864691135476793920,L6CT,test,163,20,154,20,134
864691135477104960,thalamocortical,train,7677,0,7406,0,7406
864691135477670312,L4IT,train,1054,11,1036,11,1025
864691135477839784,L6IT,test,441,21,436,21,415
864691135477841320,L6CT,train,139,15,134,14,120
864691135478095016,BasketFam,train,3818,33,3715,32,3683
864691135478268840,L4IT,train,783,6,772,6,766
864691135478316200,L4IT,train,782,7,764,7,757
864691135478334888,BasketFam,train,2560,38,2532,38,2494
864691135478400936,L4IT,train,581,10,572,10,562
864691135478429352,L4IT,train,606,3,597,3,594
864691135478434216,BasketFam,train,3388,43,3324,43,3281
864691135479744454,L6IT,train,53,45,53,45,8
864691135479833030,L4IT,train,1013,8,995,8,987
864691135480311494,L6IT,train,906,30,883,29,854
864691135480652998,L5IT,train,683,33,675,33,642
864691135480702662,MartFam,train,10415,73,9720,72,9648
864691135480718022,L2IT,train,468,25,455,23,432
864691135480800198,L2IT,train,227,10,223,10,213
864691135480892614,L4IT,train,1242,27,1214,27,1187
864691135480916422,L4IT,train,409,11,401,11,390
864691135489677882,L3IT,train,526,30,516,30,486
864691135489836346,L4IT,train,317,5,308,4,304
864691135490326074,L2IT,train,299,23,296,23,273
864691135490483514,L4IT,train,457,17,454,17,437
864691135490505018,L4IT,train,438,10,433,10,423
864691135491891559,L6CT,train,93,14,92,14,78
864691135492274791,L6CT,train,96,16,96,16,80
864691135492276839,L6CT,test,174,15,172,15,157
864691135492308071,L6CT,train,61,14,60,14,46
864691135492371303,L6CT,train,281,14,277,14,263
864691135492568551,L4IT,train,574,12,560,12,548
864691135492600167,BasketFam,train,5488,52,5381,52,5329
864691135492613471,L2IT,test,288,19,283,19,264
864691135492614239,MartFam,train,1546,15,1504,15,1489
864691135492665959,MartFam,train,2033,33,1955,32,1923
864691135492888039,BasketFam,test,3700,24,3643,24,3619
864691135492991839,L4IT,train,468,6,463,6,457
864691135493031519,L4IT,train,715,17,707,17,690
864691135493051879,L3IT,train,391,11,384,11,373
864691135493149927,L4IT,train,873,22,858,22,836
864691135493546591,L4IT,train,298,10,293,10,283
864691135493620831,L2IT,test,238,15,236,15,221
864691135493624415,L4IT,train,497,21,485,21,464
864691135493665631,L4IT,train,749,9,734,9,725
864691135495529360,BasketFam,test,1565,26,1542,26,1516
864691135495698832,L3IT,train,468,40,463,40,423
864691135496262032,BasketFam,train,3884,32,3826,32,3794
864691135496381840,L2IT,test,225,11,224,11,213
864691135496440208,L3IT,train,380,31,372,31,341
864691135496444816,BasketFam,train,2996,30,2939,29,2910
864691135498997267,L5IT,train,494,20,489,20,469
864691135499231763,L4IT,train,522,17,507,17,490
864691135499283987,L6IT,train,627,25,614,25,589
864691135499616019,BasketFam,train,4567,24,4316,23,4293
864691135499624723,BasketFam,train,4769,33,4682,33,4649
864691135499707667,L4IT,train,750,15,734,15,719
864691135499752723,BasketFam,train,5187,43,4977,42,4935
864691135499765267,MartFam,train,9220,33,8719,33,8686
864691135499821331,L4IT,train,886,12,866,12,854
864691135499964947,L5IT,test,960,33,942,32,910
864691135502873666,L3IT,test,661,11,643,11,632
864691135502885954,L2IT,train,293,20,289,18,271
864691135502902338,L5IT,train,669,22,664,22,642
864691135503004765,BipFam,train,499,10,487,10,477
864691135503182685,L5ET,train,629,96,616,95,521
864691135503293250,L6CT,test,144,20,144,20,124
864691135503344477,L4IT,train,364,6,356,6,350
864691135503350082,L6CT,train,166,31,165,31,134
864691135503367517,L6CT,test,171,16,169,16,153
864691135503439170,L6CT,test,52,29,50,28,22
864691135503443549,L4IT,train,655,15,638,15,623
864691135503448898,L6IT,train,844,31,824,31,793
864691135503782210,BipFam,test,1820,31,1806,31,1775
864691135503836253,L4IT,train,1078,13,1052,13,1039
864691135504081986,L2IT,train,326,10,314,10,304
864691135504168285,L4IT,train,497,9,486,9,477
864691135504203357,L4IT,train,1036,16,1005,14,991
864691135504315317,L3IT,test,207,22,203,21,182
864691135510191369,L6CT,train,432,20,410,20,390
864691135510267401,L6CT,train,105,10,104,10,94
864691135510406921,L3IT,test,283,18,278,16,262
864691135510593289,L4IT,train,625,9,609,9,600
864691135510846217,L6CT,train,365,23,357,23,334
864691135511316745,L2IT,train,517,18,507,18,489
864691135511324169,BipFam,train,359,9,355,9,346
864691135511486985,L4IT,train,812,8,797,8,789
864691135511802576,L5IT,train,584,34,579,34,545
864691135511861968,MartFam,test,3812,62,3730,61,3669
864691135517376211,L5ET,train,493,72,479,71,408
864691135518173395,L4IT,train,579,8,567,8,559
864691135518283475,L3IT,train,654,26,643,25,618
864691135518510218,NglFam,train,96,14,93,14,79
864691135518791818,BasketFam,train,4870,77,4752,77,4675
864691135518844554,L4IT,train,286,11,285,11,274
864691135518989962,L2IT,train,1031,27,1012,27,985
864691135519105162,L4IT,train,120,21,120,21,99
864691135519178378,L6CT,train,239,16,228,16,212
864691135520064650,L3IT,test,272,15,267,15,252
864691135520105354,L3IT,test,625,27,608,27,581
864691135527555163,L4IT,train,466,5,460,5,455
864691135527713115,L6CT,train,403,21,396,21,375
864691135528046939,MartFam,train,6752,45,6356,45,6311
864691135528193883,BipFam,test,696,31,675,31,644
864691135539491442,L4IT,train,873,14,852,14,838
864691135539591282,L6CT,train,135,16,135,16,119
864691135540272498,L2IT,train,432,14,426,14,412
864691135540440178,L2IT,train,143,16,141,16,125
864691135545730856,BipFam,train,1136,11,1111,11,1100
864691135546161704,L4IT,train,843,22,825,22,803
864691135546339880,L4IT,train,1298,16,1280,16,1264
864691135546797608,BasketFam,train,1429,35,1405,34,1371
864691135546902056,L3IT,train,778,29,767,28,739
864691135547082280,L4IT,train,241,12,238,12,226
864691135561699041,MartFam,train,2188,22,2087,22,2065
864691135562001633,MartFam,train,9018,36,8627,36,8591
864691135562004193,L4IT,train,512,9,499,9,490
864691135562410721,L6IT,test,861,21,845,21,824
864691135562474977,L4IT,train,521,24,512,24,488
864691135562519009,L6IT,train,503,27,493,27,466
864691135562780385,L2IT,train,1067,19,1039,19,1020
864691135562798817,L3IT,train,1353,10,1326,10,1316
864691135562842337,L3IT,test,1179,14,1145,13,1132
864691135562950369,BipFam,train,1625,26,1586,25,1561
864691135562975969,L3IT,train,296,16,295,16,279
864691135566122071,L6CT,train,222,20,216,20,196
864691135566155351,L5ET,test,186,34,185,34,151
864691135566274391,L6CT,train,235,14,231,14,217
864691135566657623,L6CT,train,61,23,60,22,38
864691135566824983,BipFam,test,593,25,575,23,552
864691135566825495,BasketFam,train,2756,34,2693,34,2659
864691135566902039,BipFam,train,894,15,881,15,866
864691135566979927,MartFam,train,3642,51,3545,51,3494
864691135567047191,L3IT,train,464,24,456,23,433
864691135567059223,L4IT,train,627,13,615,13,602
864691135569282284,MartFam,train,3761,52,3654,52,3602
864691135569363948,L6CT,train,135,13,131,13,118
864691135569592300,L4IT,train,828,9,814,9,805
864691135569866988,L4IT,test,769,42,759,42,717
864691135569902316,L4IT,train,709,19,693,17,676
864691135570135020,L6IT,train,441,10,433,10,423
864691135570301676,L4IT,test,563,8,547,8,539
864691135570303724,L4IT,test,831,23,816,23,793
864691135570381292,BipFam,test,206,12,201,12,189
864691135570502278,L3IT,test,428,10,419,10,409
864691135570791558,L4IT,test,887,13,870,13,857
864691135571192966,L5IT,test,549,27,538,26,512
864691135571356038,MartFam,test,5212,49,4927,48,4879
864691135571440006,MartFam,train,4223,41,4154,41,4113
864691135571515270,L4IT,train,529,11,519,11,508
864691135571546917,MartFam,train,3162,52,3030,52,2978
864691135572346349,L5IT,train,382,30,375,29,346
864691135572576237,L2IT,train,381,17,374,17,357
864691135572712485,L6CT,test,30,23,30,23,7
864691135573245165,BasketFam,train,2512,24,2471,24,2447
864691135573276197,L6IT,train,618,32,602,31,571
864691135573296677,L3IT,train,358,11,355,11,344
864691135573315053,L6IT,test,274,34,267,32,235
864691135576872222,L4IT,train,665,12,652,12,640
864691135576881950,L3IT,train,711,21,694,21,673
864691135576991518,L4IT,train,728,15,717,15,702
864691135577135390,L6CT,train,232,19,221,19,202
864691135577202181,MartFam,train,2695,41,2612,41,2571
864691135577208606,L6IT,test,523,25,514,25,489
864691135577221406,L6IT,test,968,15,954,15,939
864691135577574430,L2IT,train,272,19,268,18,250
864691135577644574,L3IT,train,558,24,549,24,525
864691135577749022,L2IT,train,848,21,816,21,795
864691135577816862,L4IT,train,1165,11,1138,11,1127
864691135578103301,L2IT,train,308,29,300,28,272
864691135578146565,L5IT,test,327,42,325,42,283
864691135578360837,L4IT,train,508,11,501,11,490
864691135578670597,L6IT,test,621,37,607,37,570
864691135579134981,BipFam,train,402,12,396,12,384
864691135582973549,L4IT,train,1144,15,1126,15,1111
864691135583172717,L4IT,test,365,9,358,9,349
864691135583223405,L4IT,train,567,5,558,5,553
864691135583277677,L4IT,train,508,13,498,13,485
864691135583352941,L4IT,train,655,8,647,8,639
864691135583913069,L6CT,train,252,13,244,13,231
864691135584008045,L3IT,test,831,31,815,30,785
864691135584019053,MartFam,test,5004,54,4787,53,4734
864691135584068717,BasketFam,train,5321,27,5159,27,5132
864691135584316781,BasketFam,train,3115,20,3060,20,3040
864691135584471405,BipFam,train,141,11,141,11,130
864691135584504429,L2IT,test,399,8,391,8,383
864691135584629613,L2IT,train,470,23,460,22,438
864691135584646253,L2IT,train,521,8,509,8,501
864691135585266808,L5ET,test,238,68,234,68,166
864691135585503864,L6CT,test,91,20,90,20,70
864691135585989240,BasketFam,train,1521,35,1472,35,1437
864691135586022264,BasketFam,train,5098,32,4996,32,4964
864691135586240120,L2IT,train,379,17,374,17,357
864691135586414716,L4IT,train,318,7,314,7,307
864691135586724220,L5IT,test,868,32,859,32,827
864691135586773628,L6CT,train,51,25,49,24,25
864691135587371132,L4IT,test,294,11,291,11,280
864691135587519868,L5IT,test,463,15,458,15,443
864691135587532924,L5IT,train,359,46,353,43,310
864691135587622268,BipFam,test,82,9,79,9,70
864691135587666812,L2IT,train,250,12,247,12,235
864691135587758716,L3IT,train,628,26,612,26,586
864691135587771772,L4IT,train,477,18,471,18,453
864691135591533579,L6CT,train,152,29,150,29,121
864691135591664907,L4IT,train,475,13,462,13,449
864691135591725067,L6CT,train,61,24,61,24,37
864691135591726603,L4IT,train,212,8,207,7,200
864691135591854347,L5IT,train,287,25,285,25,260
864691135592276491,L6CT,train,148,30,147,30,117
864691135592283403,L6IT,train,335,31,330,31,299
864691135592678411,BipFam,train,355,24,345,24,321
864691135592789259,BipFam,train,145,12,139,12,127
864691135592830731,L4IT,train,613,12,596,12,584
864691135592837899,BasketFam,train,6215,53,6083,53,6030
864691135593133067,L4IT,train,802,25,793,25,768
864691135594101291,BasketFam,test,2059,29,2002,29,1973
864691135594721579,L2IT,train,425,17,419,17,402
864691135594817067,L6CT,test,191,12,184,12,172
864691135594982187,L4IT,train,691,8,674,8,666
864691135595810859,BasketFam,train,6264,22,6114,20,6094
864691135610877191,L2IT,train,521,28,512,27,485
864691135611019015,L4IT,train,478,11,468,11,457
864691135611140359,L4IT,test,742,6,730,6,724
864691135611702023,BasketFam,train,6687,27,6519,27,6492
864691135616048587,L4IT,train,695,19,670,19,651
864691135616183499,BasketFam,train,5571,50,5459,50,5409
864691135616235979,BipFam,train,543,26,525,25,500
864691135616363211,L2IT,train,391,41,385,40,345
864691135617152361,L5IT,train,1129,43,1107,43,1064
864691135617409385,L5ET,train,208,55,205,54,151
864691135617440105,L4IT,train,679,23,668,23,645
864691135618332265,BasketFam,train,8176,34,7976,34,7942
864691135618339945,BipFam,test,139,16,135,15,120
864691135618505065,L5ET,test,235,102,233,101,132
864691135619294351,L4IT,train,923,15,916,15,901
864691135619317391,L4IT,test,718,12,694,12,682
864691135619463567,L4IT,train,1348,7,1309,7,1302
864691135619527311,L6CT,train,129,40,126,40,86
864691135619756943,L3IT,train,300,13,296,13,283
864691135640297787,L4IT,test,293,13,292,13,279
864691135640398651,L3IT,test,319,27,311,25,286
864691135640544571,L5ET,train,311,68,302,68,234
864691135640672571,L4IT,train,1032,18,1006,18,988
864691135641196091,MartFam,train,3744,46,3629,46,3583
864691135646017007,L4IT,train,412,8,404,8,396
864691135646147567,L4IT,test,663,7,647,7,640
864691135646481135,L4IT,train,504,9,493,9,484
864691135646806255,L3IT,train,362,13,355,13,342
864691135655390658,L2IT,test,359,12,352,12,340
864691135655472066,L4IT,train,581,18,572,18,554
864691135655473858,L6CT,train,25,24,25,24,1
864691135655521986,L6CT,train,71,18,68,18,50
864691135655894978,L4IT,test,299,14,291,14,277
864691135656578242,L2IT,train,301,11,293,11,282
864691135656579010,L5IT,train,1056,23,1042,23,1019
864691135656664770,L4IT,train,831,15,810,15,795
864691135656674242,L5IT,train,585,17,577,17,560
864691135659538306,thalamocortical,train,3528,0,3433,0,3433
864691135659566210,L4IT,train,357,13,352,13,339
864691135659824514,BipFam,train,431,5,426,5,421
864691135659857026,L6CT,train,61,21,61,21,40
864691135660029314,L5ET,train,283,91,277,90,187
864691135660772080,MartFam,train,1101,31,1074,29,1045
864691135662059760,L4IT,train,409,13,401,13,388
864691135662070512,L4IT,train,954,9,937,9,928
864691135662774512,L3IT,train,455,24,446,23,423
864691135662802416,L4IT,train,667,15,651,14,637
864691135662825456,L4IT,test,723,16,704,16,688
864691135684809458,L6CT,train,101,27,99,27,72
864691135685030130,thalamocortical,train,2776,0,2183,0,2183
864691135685250546,BasketFam,train,4593,38,4387,38,4349
864691135686283703,L4IT,train,720,18,699,18,681
864691135686399415,BipFam,train,413,15,402,15,387
864691135686442423,L6CT,train,176,22,172,22,150
864691135686540471,BasketFam,train,6661,40,6501,40,6461
864691135688186080,L5ET,test,264,71,261,71,190
864691135688387040,L3IT,train,500,7,488,7,481
864691135688407776,L6CT,train,80,14,80,14,66
864691135688823008,L6IT,train,1371,28,1332,28,1304
864691135689015264,thalamocortical,train,6619,0,4963,0,4963
864691135689296608,BasketFam,train,7470,59,7284,59,7225
864691135689417440,L5IT,train,984,20,975,20,955
864691135689555680,NglFam,train,908,31,902,31,871
864691135693735103,NglFam,train,256,52,254,52,202
864691135694189759,L6CT,train,21,19,21,19,2
864691135694246079,L3IT,train,322,13,318,13,305
864691135694264511,L4IT,train,601,18,583,17,566
864691135694406335,L4IT,train,512,23,510,23,487
864691135694415551,L4IT,train,420,12,417,12,405
864691135694421439,L6IT,train,332,19,330,19,311
864691135695042751,L6IT,train,1071,20,1045,20,1025
864691135695057855,L4IT,train,167,10,163,10,153
864691135698016410,L4IT,train,769,20,752,19,733
864691135698211994,L3IT,test,783,17,768,16,752
864691135698820373,L6CT,test,177,16,170,15,155
864691135699522069,L5IT,train,459,22,450,22,428
864691135700757026,BasketFam,train,1304,14,1279,14,1265
864691135700814114,L6CT,train,172,23,171,23,148
864691135701272610,L6IT,test,514,16,508,16,492
864691135701340194,BasketFam,train,1735,23,1690,23,1667
864691135701746978,L4IT,test,653,7,646,7,639
864691135702061947,L6IT,train,188,27,188,27,161
864691135702298491,L6IT,train,362,17,357,17,340
864691135702887291,BasketFam,train,3742,57,3673,57,3616
864691135702946683,L6CT,train,67,14,66,14,52
864691135703016059,MartFam,train,11292,55,10699,55,10644
864691135703164283,L4IT,train,599,10,585,10,575
864691135716679194,L6CT,train,403,11,398,11,387
864691135717163802,L2IT,train,394,22,387,22,365
864691135717271834,L4IT,test,518,8,508,8,500
864691135717275162,L3IT,train,878,14,850,14,836
864691135717299738,L4IT,train,786,20,779,20,759
864691135717386266,L3IT,test,719,21,699,21,678
864691135717457178,L4IT,train,843,17,824,17,807
864691135717457946,L4IT,test,1663,20,1635,19,1616
864691135719900721,L4IT,test,683,17,668,17,651
864691135720061233,L5IT,train,442,31,437,31,406
864691135720245297,L6CT,train,50,44,50,44,6
864691135720572977,MartFam,train,9766,37,9285,37,9248
864691135725748139,L4IT,train,526,13,516,13,503
864691135725779883,BasketFam,train,6362,34,6173,32,6141
864691135725838763,L6IT,train,406,21,401,21,380
864691135725842603,L4IT,train,688,11,678,11,667
864691135725920939,L4IT,train,265,8,261,8,253
864691135726077611,L4IT,train,718,14,701,14,687
864691135726140843,L3IT,train,1456,13,1404,13,1391
864691135726340523,L6IT,train,597,19,585,19,566
864691135726881195,L4IT,train,1057,8,1031,8,1023
864691135727278655,L6CT,train,95,18,93,18,75
864691135727686463,BipFam,train,395,30,378,29,349
864691135727790911,L3IT,test,296,15,292,15,277
864691135727799359,L4IT,train,745,9,730,9,721
864691135727907391,L2IT,train,338,3,331,3,328
864691135727925311,L2IT,test,210,9,207,9,198
864691135727929663,BasketFam,train,2508,21,2476,20,2456
864691135727961663,L4IT,train,1192,10,1164,10,1154
864691135728030015,L4IT,train,481,9,476,9,467
864691135731679929,L3IT,train,273,16,268,16,252
864691135731707065,L6CT,test,109,10,104,10,94
864691135731889337,L3IT,train,1024,31,1001,31,970
864691135731966649,L6CT,train,222,22,215,22,193
864691135732038329,L4IT,train,1223,7,1194,7,1187
864691135732210873,L3IT,train,404,25,400,25,375
864691135732257721,BasketFam,train,2492,35,2395,35,2360
864691135732318393,L2IT,train,348,30,340,29,311
864691135732377785,L6CT,train,58,44,58,44,14
864691135732518585,L2IT,train,431,13,428,13,415
864691135732557241,L4IT,test,755,8,738,8,730
864691135732578745,L3IT,train,1149,17,1124,17,1107
864691135738266500,L6CT,train,111,23,111,23,88
864691135738995588,L2IT,train,326,12,324,12,312
864691135739008132,L2IT,train,283,8,275,8,267
864691135739131780,MartFam,train,9653,77,9173,77,9096
864691135739587697,L3IT,test,431,12,422,12,410
864691135739689073,L2IT,train,296,15,290,15,275
864691135740860820,L2IT,train,450,28,444,28,416
864691135741090196,L4IT,train,447,26,439,25,414
864691135741197716,L4IT,train,592,10,582,9,573
864691135741458324,L2IT,train,839,27,810,27,783
864691135741619051,L4IT,train,390,10,382,10,372
864691135741641876,BasketFam,test,4868,52,4776,49,4727
864691135741659499,L4IT,train,536,14,521,13,508
864691135741874836,L2IT,test,586,32,579,32,547
864691135741889940,BasketFam,train,5366,42,5203,42,5161
864691135741910164,L6IT,train,896,11,880,11,869
864691135741930603,L3IT,train,425,16,416,16,400
864691135741960340,BasketFam,train,3905,58,3804,57,3747
864691135741963627,L4IT,test,434,6,424,6,418
864691135741965931,L4IT,train,390,19,375,19,356
864691135741982868,L4IT,train,541,7,528,7,521
864691135741998484,L4IT,train,1330,19,1304,18,1286
864691135742097044,L4IT,train,806,16,789,16,773
864691135742102635,L4IT,train,637,20,622,20,602
864691135742189163,L4IT,test,589,13,573,13,560
864691135742247787,L4IT,train,691,4,682,4,678
864691135742365803,L6IT,test,521,12,512,11,501
864691135742609771,L5IT,train,707,14,693,14,679
864691135742664043,L3IT,train,694,12,675,12,663
864691135742668395,MartFam,train,1716,27,1666,27,1639
864691135742677867,BipFam,train,656,10,641,10,631
864691135742733163,BipFam,train,22,9,22,9,13
864691135742756203,L2IT,train,288,18,283,18,265
864691135742793835,MartFam,train,304,49,292,47,245
864691135742824555,BipFam,train,493,13,486,13,473
864691135742826603,BipFam,train,1026,6,996,6,990
864691135742895723,BipFam,test,1631,18,1518,18,1500
864691135749995049,L2IT,test,300,19,298,19,279
864691135750307881,L5ET,train,249,46,248,46,202
864691135750649129,L4IT,train,1272,6,1247,6,1241
864691135751110185,L4IT,train,516,9,509,9,500
864691135751149353,L4IT,train,579,8,570,8,562
864691135755197133,L5IT,train,317,22,314,22,292
864691135755384269,L4IT,train,561,12,544,12,532
864691135755605197,thalamocortical,train,5174,0,5042,0,5042
864691135755707597,BipFam,train,1547,19,1479,19,1460
864691135756075981,L5IT,train,735,23,724,23,701
864691135756148685,L5ET,train,318,67,314,64,250
864691135756319186,L4IT,train,936,16,914,16,898
864691135756630226,MartFam,train,553,21,540,21,519
864691135756844242,MartFam,test,8628,44,8041,43,7998
864691135757002450,L2IT,test,214,9,212,9,203
864691135757040082,L4IT,train,739,19,729,19,710
864691135757083346,L4IT,train,678,13,664,13,651
864691135757092306,L3IT,train,455,23,450,23,427
864691135760050254,L3IT,train,337,9,329,9,320
864691135760106830,L4IT,test,501,16,497,16,481
864691135760319822,L4IT,train,748,14,733,13,720
864691135760635214,L6CT,train,229,13,219,13,206
864691135763362102,L4IT,test,446,10,440,10,430
864691135763364662,L6CT,train,70,14,69,14,55
864691135763433270,L3IT,train,614,20,606,20,586
864691135763447862,L6CT,test,118,16,117,16,101
864691135763491126,L6IT,train,240,21,237,21,216
864691135763495478,L2IT,train,637,29,621,29,592
864691135763549238,L6IT,train,460,29,452,29,423
864691135763795510,L4IT,test,779,17,768,16,752
864691135763941174,L2IT,train,554,23,542,23,519
864691135763975990,BasketFam,test,1998,26,1911,26,1885
864691135764015926,L3IT,train,500,11,493,11,482
864691135764062006,L6CT,train,61,17,58,17,41
864691135764631862,L3IT,train,827,22,805,22,783
864691135764644150,BipFam,train,138,20,136,20,116
864691135764678198,MartFam,test,4627,51,4512,51,4461
864691135764890678,MartFam,train,1972,37,1925,37,1888
864691135764932662,L2IT,train,592,19,582,19,563
864691135764946742,L6IT,train,298,19,292,18,274
864691135765006134,L4IT,train,476,13,468,13,455
864691135765013302,L4IT,test,330,16,327,16,311
864691135772774651,MartFam,test,4685,44,4395,43,4352
864691135772920651,L4IT,train,309,20,305,20,285
864691135772987899,L4IT,train,338,10,332,10,322
864691135773208651,L4IT,train,836,17,826,17,809
864691135773209163,L4IT,test,810,8,787,8,779
864691135773240571,L6CT,train,325,14,319,14,305
864691135773640699,L6CT,train,137,10,134,10,124
864691135773694795,L4IT,train,767,14,759,14,745
864691135773724747,L6CT,train,159,13,153,13,140
864691135773776459,L6IT,train,549,24,536,24,512
864691135773910603,L5IT,train,974,27,964,27,937
864691135774053371,L2IT,train,372,22,369,22,347
864691135774127611,BipFam,train,205,27,204,27,177
864691135774177531,L2IT,test,487,16,470,16,454
864691135774179147,L2IT,train,478,22,473,22,451
864691135774221643,MartFam,train,9102,69,8535,68,8467
864691135774294603,L5ET,train,227,65,222,64,158
864691135774307659,L2IT,train,602,17,592,17,575
864691135774389755,L5ET,train,376,86,368,85,283
864691135777381805,L6IT,train,611,20,598,20,578
864691135777400237,L6IT,train,452,18,448,18,430
864691135778081453,thalamocortical,train,4790,0,3704,0,3704
864691135778116013,BasketFam,train,5306,32,5196,32,5164
864691135778132576,L5IT,train,804,41,791,37,754
864691135778187360,L4IT,train,614,9,599,9,590
864691135778290109,BasketFam,train,3774,63,3694,63,3631
864691135778331232,L6IT,train,436,17,430,16,414
864691135778335328,L6CT,train,64,18,64,18,46
864691135778414176,L4IT,train,721,26,708,26,682
864691135778419901,L3IT,train,579,17,564,17,547
864691135778465376,L6IT,train,363,39,359,39,320
864691135778542509,L4IT,train,473,9,466,9,457
864691135778544480,BipFam,train,128,20,126,20,106
864691135778572973,L4IT,train,488,11,477,11,466
864691135778604640,L6CT,train,124,25,122,24,98
864691135778618029,BipFam,train,1168,35,1125,34,1091
864691135778638013,L2IT,train,344,23,338,23,315
864691135778773856,BipFam,train,184,6,179,6,173
864691135778811325,L2IT,train,678,31,661,30,631
864691135778815421,L3IT,train,429,12,410,12,398
864691135778954848,L4IT,train,321,11,315,11,304
864691135779020221,L4IT,train,390,19,384,19,365
864691135779049568,L6CT,test,164,16,157,16,141
864691135779297981,L4IT,train,1157,9,1136,9,1127
864691135779305405,L6IT,train,328,29,326,29,297
864691135779377341,L4IT,train,615,21,603,21,582
864691135779683261,L2IT,train,279,20,279,20,259
864691135779705021,L4IT,train,596,10,589,10,579
864691135779716797,L4IT,test,483,13,472,13,459
864691135779780797,MartFam,test,15263,88,14385,84,14301
864691135782145872,L2IT,train,466,17,461,17,444
864691135782156368,L5IT,train,490,22,481,22,459
864691135782156880,L3IT,train,629,31,609,30,579
864691135782241616,L3IT,test,298,17,294,17,277
864691135782278224,L6CT,train,48,23,48,23,25
864691135782330192,L6CT,train,133,17,132,17,115
864691135782506832,L4IT,test,651,6,642,6,636
864691135782542416,L3IT,train,600,10,579,10,569
864691135782873936,thalamocortical,test,3081,0,2395,0,2395
864691135783308368,L4IT,train,554,10,537,10,527
864691135783317840,thalamocortical,train,2899,0,2430,0,2430
864691135783909427,MartFam,train,2808,50,2732,50,2682
864691135784641843,L6CT,train,81,32,79,31,48
864691135786943684,L6CT,train,229,8,219,8,211
864691135787537348,L4IT,train,506,21,501,21,480
864691135801163874,L2IT,train,438,11,430,11,419
864691135801267554,L2IT,train,376,19,371,18,353
864691135801376610,L6CT,test,174,16,172,16,156
864691135801393250,L6CT,train,22,20,21,19,2
864691135801463650,L3IT,train,324,4,324,4,320
864691135801604706,L3IT,train,1000,22,984,22,962
864691135802215266,L6CT,train,226,23,219,23,196
864691135802341986,L4IT,train,605,14,593,14,579
864691135802453858,L2IT,train,405,24,396,22,374
864691135809375005,L6CT,train,171,17,166,17,149
864691135809384221,L6CT,test,138,25,134,25,109
864691135809456669,L6IT,test,938,26,916,26,890
864691135809568029,L4IT,train,594,17,581,17,564
864691135809663773,L6CT,train,167,16,162,16,146
864691135809954845,L4IT,train,699,9,687,9,678
864691135810098717,BasketFam,test,1471,32,1433,32,1401
864691135810297885,BipFam,train,1117,12,1089,11,1078
864691135810308125,L2IT,train,484,17,478,17,461
864691135810473245,L4IT,train,454,14,446,14,432
864691135810492189,L4IT,train,937,14,928,14,914
864691135810495005,BasketFam,train,3830,32,3697,32,3665
864691135810773452,L4IT,train,373,18,365,18,347
864691135810803660,L6CT,train,76,15,75,15,60
864691135810905036,L4IT,train,709,22,687,22,665
864691135810982860,L4IT,train,1193,6,1167,6,1161
864691135811335116,L6IT,train,397,25,391,25,366
864691135811658700,L5ET,train,222,73,219,72,147
864691135816693327,L3IT,train,410,22,407,21,386
864691135817195343,L6IT,train,382,10,378,10,368
864691135817803599,BasketFam,test,5305,42,5152,42,5110
864691135817949519,L2IT,train,473,6,460,6,454
864691135817952079,BasketFam,train,2360,33,2292,33,2259
864691135838738579,L6CT,train,192,15,188,15,173
864691135838788755,L4IT,train,443,13,438,13,425
864691135838916755,L3IT,test,351,35,347,35,312
864691135839499155,L6CT,train,143,17,139,16,123
864691135839577235,MartFam,train,2469,24,2349,24,2325
864691135839843475,BipFam,train,395,20,377,20,357
864691135839932307,L2IT,train,320,25,318,25,293
864691135839950227,L2IT,train,278,10,272,9,263
864691135839979667,MartFam,train,8032,39,7520,37,7483
864691135839999379,BipFam,train,260,9,255,9,246
864691135840033171,NglFam,train,366,36,360,36,324
864691135842486243,L3IT,train,379,20,375,20,355
864691135842794979,L6IT,test,286,26,282,26,256
864691135843242211,L4IT,train,1319,11,1287,11,1276
864691135849088094,L5IT,train,912,22,899,22,877
864691135849426270,L5IT,train,538,43,523,43,480
864691135849634142,L6IT,train,419,26,410,26,384
864691135849640798,L3IT,train,607,29,597,29,568
864691135852558279,L6CT,train,236,14,228,14,214
864691135852637127,L6IT,train,555,19,541,19,522
864691135853055175,L2IT,train,318,16,315,16,299
864691135853088967,L4IT,test,602,7,590,7,583
864691135853090503,BasketFam,test,6540,29,6363,29,6334
864691135853091015,L4IT,train,632,19,612,18,594
864691135853198023,L5ET,test,240,46,235,45,190
864691135855890478,L2IT,train,1198,25,1179,24,1155
864691135857099310,L6IT,train,911,31,902,31,871
864691135857976366,BipFam,train,783,20,749,20,729
864691135858273326,L4IT,train,541,18,533,18,515
864691135858282030,MartFam,train,11859,102,11120,101,11019
864691135858363694,BasketFam,train,4242,41,4192,41,4151
864691135860969064,L4IT,train,1166,17,1149,17,1132
864691135861093992,L2IT,test,387,33,383,32,351
864691135861182824,L6IT,test,356,25,349,25,324
864691135865774206,L4IT,train,518,11,508,11,497
864691135866223998,L6CT,train,143,21,141,21,120
864691135866279900,L6CT,train,181,23,178,23,155
864691135866396798,L4IT,train,276,7,272,7,265
864691135866427006,L5IT,train,830,54,813,54,759
864691135866576604,L3IT,train,447,13,434,11,423
864691135866751870,L5IT,train,880,29,866,29,837
864691135866821340,thalamocortical,train,3119,0,3037,0,3037
864691135866910428,L6CT,train,145,8,141,8,133
864691135866947804,L2IT,train,401,17,398,17,381
864691135867532933,L6IT,train,626,17,611,17,594
864691135867561349,L6CT,test,78,32,76,32,44
864691135867644805,L4IT,train,517,9,510,9,501
864691135867965317,L5IT,train,518,17,505,17,488
864691135867984005,L4IT,train,278,9,274,9,265
864691135868060950,L4IT,train,301,11,296,11,285
864691135868142870,L6CT,test,255,20,251,20,231
864691135868334870,L6CT,train,211,18,207,18,189
864691135868386070,L4IT,train,638,5,621,5,616
864691135868415766,L5NP,train,268,11,260,11,249
864691135868435734,L6CT,train,130,13,128,13,115
864691135868466710,L4IT,test,822,10,806,10,796
864691135868684566,L6IT,train,650,24,641,24,617
864691135868916246,L4IT,test,489,20,482,19,463
864691135868919318,L5IT,test,531,22,519,22,497
864691135868957462,L5IT,train,392,13,388,13,375
864691135869457430,BasketFam,train,7228,58,7035,57,6978
864691135874782350,L2IT,train,484,17,468,17,451
864691135874914702,L3IT,train,228,30,225,30,195
864691135875414414,BasketFam,train,2917,62,2814,62,2752
864691135875460494,L6CT,train,101,3,99,3,96
864691135875777166,BasketFam,test,2229,42,2138,42,2096
864691135875919502,MartFam,test,7823,45,7405,44,7361
864691135877606483,L4IT,train,192,12,192,12,180
864691135877825107,L5IT,train,134,21,133,21,112
864691135877951571,L4IT,train,429,15,425,15,410
864691135877954899,L6IT,train,337,29,331,29,302
864691135878061395,L5IT,train,344,22,338,22,316
864691135878154067,BasketFam,train,2188,20,2149,20,2129
864691135878407251,BasketFam,train,1885,56,1837,56,1781
864691135878468435,L2IT,train,295,25,291,23,268
864691135878586963,thalamocortical,test,2858,0,2796,0,2796
864691135885194352,BasketFam,train,1658,41,1607,41,1566
864691135885298544,L6CT,test,330,20,322,20,302
864691135885361520,L6CT,train,128,29,124,29,95
864691135885406064,L5IT,train,777,16,761,16,745
864691135885623408,L6CT,train,497,25,491,25,466
864691135885635952,L6CT,train,122,25,121,25,96
864691135885663600,L5NP,train,1479,19,1425,19,1406
864691135885911920,L3IT,train,372,23,362,23,339
864691135885917808,BasketFam,train,2498,34,2391,34,2357
864691135885921648,L3IT,test,464,17,456,17,439
864691135885996912,BipFam,train,455,13,443,13,430
864691135886130288,L4IT,train,630,10,610,10,600
864691135886132080,L4IT,test,825,17,816,17,799
864691135886208112,L3IT,train,351,12,344,12,332
864691135886300016,L4IT,train,968,24,946,24,922
864691135886314096,L4IT,test,542,10,533,10,523
864691135890695049,L4IT,test,671,20,655,18,637
864691135890948233,L4IT,train,904,21,881,20,861
864691135891467401,L5IT,test,279,10,276,10,266
864691135891690121,BasketFam,train,3381,30,3327,29,3298
864691135891796617,BasketFam,train,9446,47,9234,47,9187
864691135892048777,L2IT,train,515,13,509,13,496
864691135892176009,MartFam,train,1523,21,1478,21,1457
864691135892202633,L2IT,train,250,12,249,12,237
864691135892214409,L2IT,train,372,19,369,19,350
864691135892233097,BasketFam,train,3934,51,3868,51,3817
864691135911276969,L4IT,train,494,7,481,7,474
864691135912137641,BasketFam,train,4066,40,3962,40,3922
864691135916843366,L4IT,train,706,9,684,9,675
864691135917047910,L6IT,train,369,19,363,19,344
864691135917058150,L6IT,train,777,20,755,20,735
864691135919956656,L2IT,train,327,19,320,18,302
864691135920381616,L6CT,train,187,28,184,28,156
864691135920571056,L4IT,test,856,8,832,8,824
864691135920591792,BasketFam,train,4978,49,4832,48,4784
864691135920776624,MartFam,train,2140,34,2086,34,2052
864691135920800688,L4IT,test,638,10,620,10,610
864691135927494158,L3IT,train,284,26,281,26,255
864691135927533070,L6IT,train,344,24,341,24,317
864691135928029966,thalamocortical,train,3164,0,3068,0,3068
864691135928151310,L6CT,train,161,17,151,17,134
864691135928366606,L2IT,test,352,20,344,20,324
864691135928376590,L3IT,test,520,30,515,30,485
864691135928395278,L4IT,train,494,5,485,5,480
864691135929072340,L5IT,train,1060,14,1041,14,1027
864691135938404612,BipFam,train,231,16,223,16,207
864691135938629892,L3IT,train,678,23,658,23,635
864691135938816260,L3IT,train,261,17,253,17,236
864691135938925109,L6CT,train,112,28,110,28,82
864691135938990901,L6CT,test,45,18,45,18,27
864691135939017525,L4IT,train,482,9,469,9,460
864691135939049988,L3IT,train,349,19,345,19,326
864691135939114293,L6CT,train,45,19,45,19,26
864691135939209988,L6CT,train,54,28,54,28,26
864691135939776309,MartFam,train,8948,37,8495,37,8458
864691135939925813,L6CT,train,207,27,204,27,177
864691135939949365,L4IT,train,1080,27,1063,27,1036
864691135940881830,MartFam,train,1655,22,1588,22,1566
864691135940996774,L4IT,train,266,3,262,3,259
864691135941293057,L6CT,train,184,20,179,20,159
864691135941300993,L4IT,train,535,15,515,15,500
864691135941435393,L4IT,train,365,6,357,6,351
864691135941549825,L6IT,train,196,17,194,17,177
864691135941708033,L4IT,train,604,15,596,14,582
864691135941789606,BasketFam,train,3873,44,3769,44,3725
864691135941829121,BasketFam,test,2786,46,2695,46,2649
864691135941886118,BipFam,train,241,8,233,8,225
864691135941898918,MartFam,train,7450,40,7247,39,7208
864691135941956865,BasketFam,train,1832,19,1806,19,1787
864691135941975974,L4IT,test,482,8,474,8,466
864691135942120449,L6IT,train,541,30,538,30,508
864691135942163201,L5IT,train,526,9,517,9,508
864691135942730612,L6CT,train,300,15,292,15,277
864691135942924148,L4IT,train,956,17,939,17,922
864691135943593332,L2IT,train,170,8,170,8,162
864691135946994785,BasketFam,train,2916,82,2851,82,2769
864691135947139108,L2IT,train,264,31,260,31,229
864691135947366692,L6CT,train,49,21,47,20,27
864691135947629348,L4IT,train,610,13,600,13,587
864691135947876644,L6CT,train,103,19,101,19,82
864691135948010081,L6CT,test,155,16,151,16,135
864691135948123745,L5ET,train,328,77,319,74,245
864691135948150625,L6CT,train,108,26,106,26,80
864691135948215076,BipFam,test,408,15,400,15,385
864691135948238177,L6CT,train,191,20,189,20,169
864691135948823905,MartFam,test,1155,28,1129,28,1101
864691135954393891,L4IT,train,502,12,494,12,482
864691135954480163,MartFam,train,5199,39,4878,39,4839
864691135954582563,MartFam,train,3322,63,3215,62,3153
864691135954640675,L2IT,train,581,12,570,12,558
864691135954680867,L4IT,train,1601,7,1549,7,1542
864691135954940424,BipFam,train,244,6,241,6,235
864691135955060232,L6CT,train,237,8,222,8,214
864691135955262472,L4IT,test,514,42,506,42,464
864691135955477512,L6IT,train,471,18,467,18,449
864691135955877896,L2IT,train,166,10,165,10,155
864691135955909640,L4IT,train,368,17,361,17,344
864691135969582181,MartFam,train,902,34,878,34,844
864691135970180709,L2IT,test,234,17,233,17,216
864691135970210661,L5IT,train,1616,13,1591,12,1579
864691135970292837,L6CT,train,118,21,114,21,93
864691135970293349,L6CT,train,149,20,147,20,127
864691135970293605,L6CT,train,103,21,101,21,80
864691135970497125,L5IT,test,373,22,369,22,347
864691135971464805,BasketFam,train,1447,58,1405,57,1348
864691135976028015,L6CT,train,338,17,330,16,314
864691135976063855,L4IT,test,738,7,727,7,720
864691135976105839,L4IT,train,1110,20,1091,19,1072
864691135976425327,L6IT,train,355,17,351,17,334
864691135976979567,L2IT,train,349,10,345,10,335
864691135977010031,L4IT,test,789,23,771,23,748
864691135977045871,L4IT,train,1001,17,987,17,970
864691135977134403,L4IT,train,437,17,432,17,415
864691135977309763,L4IT,train,688,25,674,25,649
864691135977666883,L5ET,train,220,69,219,69,150
864691135977768259,BasketFam,train,4061,39,3946,37,3909
864691135988742147,L4IT,train,1111,15,1089,15,1074
864691135989136899,L6CT,train,111,40,109,39,70
864691135989149187,L6IT,train,537,18,529,18,511
864691135989177347,L6CT,train,131,16,130,16,114
864691135989817088,L2IT,train,825,30,814,30,784
864691135989836288,L2IT,train,351,22,348,22,326
864691135989943040,L3IT,train,405,24,398,24,374
864691135989998080,L6CT,train,79,23,76,23,53
864691135990004992,L4IT,train,656,12,643,12,631
864691135990009600,L4IT,test,604,13,596,13,583
864691135990134784,L3IT,train,283,13,279,13,266
864691135990520064,BasketFam,train,3325,35,3236,35,3201
864691135990564864,NglFam,train,201,23,199,23,176
864691135990672896,MartFam,train,4590,40,4430,40,4390
864691135990701056,L4IT,train,299,9,293,9,284
864691135990793216,MartFam,train,2372,23,2318,23,2295
864691135992790209,BipFam,train,512,21,498,21,477
864691135993020097,L2IT,train,263,15,257,15,242
864691135993150913,L3IT,train,832,13,812,12,800
864691135993185985,BasketFam,test,2172,59,2114,57,2057
864691135993274305,L6CT,train,194,17,189,17,172
864691135993615041,L6CT,train,259,23,248,23,225
864691135993767617,L6CT,train,385,12,376,12,364
864691135993770945,BipFam,test,349,25,340,24,316
864691135994077377,L6CT,test,126,11,121,11,110
864691135994134977,L4IT,train,905,11,888,11,877
864691135994158785,MartFam,test,2857,32,2791,32,2759
864691135994226881,L2IT,train,393,23,388,23,365
864691135994235841,L5IT,train,1087,23,1070,22,1048
864691135994804394,BipFam,train,538,37,529,37,492
864691135995711402,BipFam,train,718,18,693,18,675
864691135996104618,BasketFam,train,4004,50,3902,50,3852
864691135996891050,BipFam,test,693,22,681,22,659
864691135997140906,BipFam,train,5055,28,4936,28,4908
864691135997332650,L3IT,train,373,12,368,12,356
864691135997428394,thalamocortical,test,6351,0,4589,0,4589
864691136005322698,BasketFam,test,1928,40,1894,40,1854
864691136006393034,MartFam,train,7338,42,6951,42,6909
864691136006493898,L4IT,test,488,16,476,14,462
864691136006519498,L4IT,train,650,6,630,6,624
864691136007059658,BipFam,test,7106,22,6840,20,6820
864691136007128778,MartFam,test,6332,37,6000,37,5963
864691136009893294,L2IT,train,1016,28,983,27,956
864691136010027182,L5IT,train,301,19,298,19,279
864691136010028974,L5IT,train,891,33,872,33,839
864691136010068652,L4IT,train,598,12,580,11,569
864691136010639022,L3IT,train,937,20,908,20,888
864691136010650796,BipFam,train,491,15,484,14,470
864691136010651052,L2IT,train,724,24,712,24,688
864691136010928046,L6IT,train,795,23,786,23,763
864691136011458734,BasketFam,test,5654,40,5504,40,5464
864691136011485614,BasketFam,test,9373,56,8947,56,8891
864691136011549614,BipFam,train,3940,23,3840,23,3817
864691136011733934,MartFam,train,4738,33,4506,33,4473
864691136011768494,L4IT,train,276,13,274,13,261
864691136012173475,BipFam,test,915,15,877,15,862
864691136012739747,L4IT,train,398,8,393,8,385
864691136013367715,L3IT,test,2507,25,2442,25,2417
864691136013554851,L4IT,train,674,11,669,11,658
864691136021592568,BasketFam,train,7027,57,6820,56,6764
864691136021595384,BasketFam,train,2920,24,2830,24,2806
864691136021849848,L6CT,train,332,22,314,22,292
864691136021865976,L3IT,train,550,13,544,13,531
864691136021997560,L6CT,train,182,17,177,17,160
864691136022090744,L3IT,train,466,21,458,21,437
864691136022214648,L4IT,train,634,13,622,13,609
864691136022520056,L5ET,train,119,40,116,40,76
864691136025184569,L2IT,test,142,11,142,11,131
864691136025333561,L4IT,train,1105,15,1074,15,1059
864691136025504569,L4IT,train,1717,18,1680,18,1662
864691136025624889,L6CT,train,64,22,64,22,42
864691136025992761,BipFam,train,581,25,568,25,543
864691136026013497,BipFam,train,315,7,306,6,300
864691136026155577,L4IT,train,508,16,495,16,479
864691136026198585,L4IT,train,564,11,554,11,543
864691136026254649,L4IT,train,699,17,682,17,665
864691136033116347,L6CT,train,198,24,195,24,171
864691136033227451,L3IT,train,454,8,448,8,440
864691136033332155,L4IT,train,928,16,919,16,903
864691136033871035,thalamocortical,train,5551,0,5396,0,5396
864691136034011579,L2IT,train,686,27,668,26,642
864691136034084795,L3IT,train,475,25,465,24,441
864691136034181307,L4IT,train,298,5,290,5,285
864691136034199739,BipFam,train,417,9,401,9,392
864691136034412219,MartFam,train,3253,25,3134,25,3109
864691136034433723,MartFam,train,1611,24,1559,24,1535
864691136034464443,L5IT,train,192,14,191,14,177
864691136034487483,BasketFam,train,4860,44,4668,41,4627
864691136034487739,BasketFam,train,1623,24,1591,24,1567
864691136034526651,BipFam,train,366,29,359,29,330
864691136040742142,BasketFam,test,5358,40,5233,40,5193
864691136041000190,L6IT,train,647,16,637,16,621
864691136041321982,MartFam,train,767,29,747,29,718
864691136041575422,L3IT,train,435,19,428,19,409
864691136042462038,L3IT,test,367,22,359,21,338
864691136042515798,L6IT,train,290,10,286,10,276
864691136042982742,L2IT,test,462,18,453,18,435
864691136042989910,BasketFam,test,3796,17,3696,17,3679
864691136043283030,L4IT,test,686,5,677,5,672
864691136043508822,L3IT,train,334,25,331,24,307
864691136052101363,BipFam,train,987,31,957,31,926
864691136052366067,L2IT,train,275,20,268,20,248
864691136052637171,L4IT,train,735,18,720,18,702
864691136052738803,L4IT,train,635,13,621,13,608
864691136053350131,thalamocortical,test,3936,0,3824,0,3824
864691136053465587,L2IT,train,249,18,248,18,230
864691136058023640,L6CT,train,161,15,160,15,145
864691136058602712,thalamocortical,train,2343,2,2269,2,2267
864691136058646488,L2IT,test,306,22,300,21,279
864691136058745048,L4IT,train,1901,25,1878,25,1853
864691136058804696,BipFam,train,314,9,311,9,302
864691136058895576,L4IT,train,732,11,726,11,715
864691136067382936,L4IT,train,487,10,477,10,467
864691136067404440,MartFam,test,9366,31,8872,30,8842
864691136085781356,L4IT,train,500,13,489,12,477
864691136085904236,L4IT,train,434,21,421,20,401
864691136086088556,L3IT,train,565,40,552,40,512
864691136086206316,L5IT,train,511,24,508,24,484
864691136086630764,L3IT,train,489,33,478,33,445
864691136086632812,NglFam,train,657,41,653,40,613
864691136090632503,L5IT,train,753,38,744,37,707
864691136090728503,L6CT,test,95,23,92,23,69
864691136091074615,L4IT,train,755,17,737,17,720
864691136091233847,thalamocortical,train,3540,0,3409,0,3409
864691136091532855,L3IT,train,449,13,432,13,419
864691136092725684,L3IT,test,1010,22,993,21,972
864691136093003700,L5IT,train,2016,21,1979,21,1958
864691136100014453,BipFam,train,835,53,817,52,765
864691136101340021,L4IT,train,369,28,357,26,331
864691136101341045,L4IT,train,704,18,687,18,669
864691136101516661,L4IT,test,652,8,640,8,632
864691136102207349,BipFam,train,349,28,341,28,313
864691136102330485,L2IT,train,326,26,322,26,296
864691136106969561,L4IT,train,241,8,238,8,230
864691136107283417,L4IT,train,865,16,849,15,834
864691136107486169,L4IT,train,901,10,881,10,871
864691136107670745,BasketFam,train,1519,56,1476,56,1420
864691136107964377,L6CT,train,192,26,187,26,161
864691136108370905,BipFam,train,881,33,853,33,820
864691136108378073,L4IT,train,402,11,392,11,381
864691136108410329,L2IT,train,306,14,298,14,284
864691136108462553,L4IT,train,687,14,676,14,662
864691136110256824,L2IT,test,272,22,269,22,247
864691136110366904,L4IT,train,287,23,280,23,257
864691136110765496,MartFam,train,2140,45,2093,44,2049
864691136111294392,L4IT,test,610,25,603,24,579
864691136111294648,L4IT,train,638,9,620,9,611
864691136111402424,L6CT,test,69,13,67,13,54
864691136111478712,L2IT,train,224,7,221,7,214
864691136111478968,L6CT,train,191,10,188,10,178
864691136111556792,L4IT,train,856,11,848,11,837
864691136111559352,L2IT,test,393,14,386,14,372
864691136117695908,L4IT,train,573,6,565,6,559
864691136117811876,L6CT,test,224,13,217,11,206
864691136118294692,thalamocortical,train,3956,0,2918,0,2918
864691136118337956,L4IT,train,528,8,516,8,508
864691136118346148,L6CT,test,54,20,54,20,34
864691136118370724,L3IT,train,1156,23,1130,23,1107
864691136118430628,BipFam,train,1242,25,1190,24,1166
864691136118686884,L3IT,test,389,16,384,16,368
864691136118771108,L5IT,train,979,8,965,8,957
864691136118805668,L6IT,train,1272,16,1251,16,1235
864691136118878116,MartFam,train,9313,76,8766,75,8691
864691136118882468,BasketFam,train,2929,21,2813,21,2792
864691136118921124,L4IT,train,397,18,393,17,376
864691136119885080,L3IT,train,744,20,735,20,715
864691136120159768,L4IT,test,381,18,372,18,354
864691136120465944,thalamocortical,train,2293,0,1671,0,1671
864691136120658712,L2IT,test,1045,22,1023,22,1001
864691136123919654,BasketFam,train,4956,56,4802,56,4746
864691136125411622,L3IT,test,1327,31,1280,31,1249
864691136125433894,L3IT,train,1380,28,1344,28,1316
864691136125440038,L4IT,train,845,13,827,13,814
864691136125457446,L4IT,test,678,10,665,10,655
864691136125840678,L6CT,test,298,25,290,25,265
864691136125956134,L6IT,train,827,17,808,17,791
864691136125985318,L6CT,train,23,21,23,21,2
864691136126503206,L2IT,train,273,13,269,12,257
864691136135963787,L3IT,train,377,15,371,15,356
864691136136240011,L4IT,test,643,13,630,13,617
864691136136383883,L4IT,test,426,12,422,12,410
864691136136838027,L6IT,train,326,23,323,23,300
864691136137064075,BipFam,train,1252,19,1226,19,1207
864691136137168779,BipFam,train,1289,16,1245,16,1229
864691136137210507,BipFam,train,1011,9,988,9,979
864691136137237899,L3IT,train,296,34,294,34,260
864691136137239691,L2IT,train,423,10,419,10,409
864691136137293195,L2IT,train,343,21,341,21,320
864691136138131325,L3IT,train,705,15,696,15,681
864691136138335101,L6IT,train,590,22,585,22,563
864691136138583677,L2IT,train,508,22,496,22,474
864691136138622333,BasketFam,train,6441,44,6291,41,6250
864691136138695549,BasketFam,train,7036,72,6884,72,6812
864691136138756221,BipFam,train,789,31,777,31,746
864691136138779517,L2IT,train,2307,32,2239,32,2207
864691136138803837,BasketFam,train,4564,30,4453,30,4423
864691136138988157,L6CT,train,113,17,109,17,92
864691136139027581,L4IT,train,498,21,491,20,471
864691136144674612,L3IT,train,1239,19,1203,19,1184
864691136144827444,L2IT,train,259,16,259,16,243
864691136145208372,L6IT,test,609,25,595,25,570
864691136145494068,BasketFam,train,7203,38,6995,36,6959
864691136145537844,BipFam,train,2288,17,2219,17,2202
864691136145572404,BipFam,train,1450,19,1384,18,1366
864691136145574196,L2IT,test,765,20,746,20,726
864691136177029382,L6IT,train,533,23,530,23,507
864691136177129478,L5IT,test,360,35,353,35,318
864691136177629702,L2IT,train,464,14,453,14,439
864691136177632518,L6CT,train,242,17,231,17,214
864691136177726726,L2IT,train,458,9,446,9,437
864691136177731846,L2IT,train,458,19,449,18,431
864691136177778950,L2IT,train,427,16,419,16,403
864691136177799686,L4IT,train,335,5,325,5,320
864691136195284556,MartFam,train,4448,26,4310,26,4284
864691136195391208,L2IT,train,328,30,325,30,295
864691136195526120,L4IT,train,786,16,762,16,746
864691136195537366,L6CT,train,86,18,86,18,68
864691136195652328,L6CT,train,325,13,315,13,302
864691136195796182,BasketFam,test,3427,24,3311,23,3288
864691136195798504,L5ET,train,178,34,176,34,142
864691136195834070,L4IT,train,622,26,613,26,587
864691136195891788,L3IT,train,475,18,463,18,445
864691136195901772,L6CT,test,275,15,270,15,255
864691136196202472,L4IT,test,343,9,336,9,327
864691136196240342,BipFam,test,661,7,650,7,643
864691136196265704,L4IT,train,480,15,471,15,456
864691136196338764,L4IT,train,606,20,598,20,578
864691136196383190,BasketFam,train,3431,36,3316,34,3282
864691136196517452,L4IT,test,1063,19,1045,19,1026
864691136196932172,BasketFam,train,6190,32,6047,32,6015
864691136196969548,L2IT,train,540,22,528,22,506
864691136196979020,L5IT,train,1004,26,989,26,963
864691136210743740,L5IT,train,617,23,606,23,583
864691136210847932,L4IT,test,773,14,766,14,752
864691136210885820,L4IT,test,1080,22,1053,22,1031
864691136210975676,L4IT,test,1247,12,1218,11,1207
864691136211068860,BasketFam,train,6758,90,6540,90,6450
864691136211175612,L6CT,train,243,8,236,8,228
864691136211325884,L2IT,test,661,12,647,12,635
864691136211371452,L4IT,train,641,12,629,12,617
864691136211385020,L3IT,train,621,22,605,22,583
864691136227297105,MartFam,train,1137,41,1096,40,1056
864691136228250961,L5ET,train,223,53,220,52,168
864691136228491601,L3IT,train,339,16,336,16,320
864691136228538961,L5IT,train,713,19,701,19,682
864691136228723281,L5NP,train,117,11,116,11,105
864691136229186129,L2IT,train,845,17,818,17,801
864691136229363025,L4IT,train,720,17,698,12,686
864691136229366097,BasketFam,test,2770,29,2644,29,2615
864691136238090767,L5IT,train,393,28,388,28,360
864691136238652476,MartFam,train,1757,32,1699,32,1667
864691136238679567,L3IT,test,1013,17,995,17,978
864691136239068732,L3IT,train,766,18,747,18,729
864691136239108156,L4IT,test,121,10,120,10,110
864691136239387708,L6IT,test,362,22,353,22,331
864691136239460668,L6IT,train,504,27,498,27,471
864691136239793212,NglFam,test,623,42,618,41,577
864691136239859772,L4IT,train,835,13,821,13,808
864691136239902780,L4IT,train,483,7,479,7,472
864691136239980604,L4IT,train,781,17,768,17,751
864691136268801012,BasketFam,test,5383,38,5277,38,5239
864691136268801268,L2IT,test,319,17,315,17,298
864691136273370302,NglFam,train,794,33,788,32,756
864691136274488254,L4IT,train,474,9,465,9,456
864691136274546622,L4IT,train,728,17,711,17,694
864691136274655166,L4IT,train,778,22,762,22,740
864691136274695358,L6IT,test,429,15,425,15,410
864691136274712254,L6IT,train,451,18,441,17,424
864691136275729677,L6CT,train,83,54,82,53,29
864691136275771917,L6IT,test,264,19,262,18,244
864691136275807757,L6IT,train,474,18,461,18,443
864691136287879619,L6CT,test,75,13,73,13,60
864691136288598467,L2IT,test,283,13,278,13,265
864691136288604355,L3IT,train,311,9,307,9,298
864691136288644291,L4IT,test,416,6,412,6,406
864691136288752835,thalamocortical,train,974,0,950,0,950
864691136288755395,thalamocortical,train,5329,0,5190,0,5190
864691136298045979,L5IT,test,708,30,698,27,671
864691136298111003,L4IT,test,785,22,771,22,749
864691136298125851,L3IT,train,297,18,290,18,272
864691136298913563,MartFam,train,5520,35,5273,33,5240
864691136299026971,L2IT,test,479,18,471,17,454
864691136299034139,L4IT,train,303,16,300,14,286
864691136311059034,L2IT,train,677,14,664,14,650
864691136311106650,L5IT,train,1130,41,1110,38,1072
864691136311179354,L6CT,train,93,29,92,29,63
864691136311213914,BasketFam,test,6403,36,6264,36,6228
864691136311267930,L3IT,train,417,15,411,15,396
864691136311381338,L4IT,train,349,12,343,12,331
864691136311451226,L6IT,train,554,23,548,23,525
864691136311529306,L4IT,train,527,4,515,4,511
864691136312057178,BasketFam,train,4551,28,4435,27,4408
864691136312076122,MartFam,train,6929,43,6670,43,6627
864691136312445786,BasketFam,train,7489,52,7349,52,7297
864691136313301565,L5IT,test,501,11,497,11,486
864691136313406781,L4IT,test,1019,10,982,10,972
864691136314120765,BasketFam,train,8715,30,8484,30,8454
864691136314126653,BipFam,train,964,18,948,18,930
864691136314178365,BipFam,train,259,9,253,9,244
864691136314448701,L4IT,test,736,13,722,13,709
864691136314473021,L5IT,train,503,22,495,21,474
864691136314485053,L5NP,train,913,17,895,17,878
864691136314491965,L3IT,train,418,7,412,7,405
864691136330101226,L5ET,test,279,68,276,67,209
864691136330122730,L5IT,train,379,25,375,25,350
864691136330407914,L2IT,train,493,15,484,15,469
864691136330880234,MartFam,train,9786,49,9294,49,9245
864691136331214058,L2IT,test,446,27,431,27,404
864691136331249642,L2IT,train,518,22,512,22,490
864691136335213235,L6CT,train,281,14,265,14,251
864691136335276211,L4IT,train,529,24,520,23,497
864691136335553971,L2IT,train,304,10,300,10,290
864691136335689907,L4IT,train,802,7,786,7,779
864691136336039091,L4IT,train,699,8,679,7,672
864691136336107187,L5IT,test,947,17,928,17,911
864691136336192947,BasketFam,train,3454,28,3386,28,3358
864691136336204979,NglFam,train,286,11,281,11,270
864691136363009250,L4IT,train,497,10,492,10,482
864691136363303138,L4IT,train,541,15,535,15,520
864691136363473634,L4IT,test,819,16,807,16,791
864691136364166370,BipFam,train,1326,8,1275,8,1267
864691136364183266,BasketFam,train,2659,38,2605,38,2567
864691136364362466,L3IT,train,552,20,542,20,522
864691136372012168,L6CT,train,93,18,92,18,74
864691136372039560,L6IT,train,386,14,381,14,367
864691136372047496,L4IT,train,298,8,298,8,290
864691136372630152,L6IT,train,701,36,680,36,644
864691136372759688,L5NP,test,360,14,345,14,331
864691136372954248,NglFam,test,1644,49,1615,49,1566
864691136373008520,L3IT,train,287,18,281,18,263
864691136380264149,L5IT,train,577,23,568,23,545
864691136380264405,L6CT,train,175,19,168,19,149
864691136380266965,L4IT,train,588,13,571,13,558
864691136380268245,L2IT,train,290,12,285,12,273
864691136380312021,L2IT,train,362,14,354,14,340
864691136380400341,L6CT,test,108,14,104,14,90
864691136380718037,L6IT,train,714,20,700,20,680
864691136380757461,L5IT,train,898,21,882,21,861
864691136380816597,L4IT,test,1074,19,1050,19,1031
864691136381224149,L2IT,train,286,13,280,13,267
864691136381243349,L4IT,train,571,9,562,9,553
864691136381294805,L5IT,train,650,30,641,30,611
864691136381301461,L4IT,train,603,15,595,15,580
864691136381324501,BasketFam,train,6672,28,6546,28,6518
864691136381325781,L5IT,train,1501,19,1468,19,1449
864691136381346005,L4IT,train,571,13,558,13,545
864691136381347029,L4IT,train,278,15,276,15,261
864691136381353685,L3IT,train,416,30,413,30,383
864691136389607287,L4IT,train,507,13,500,13,487
864691136389679223,L2IT,train,286,16,284,16,268
864691136389688695,L2IT,test,881,21,866,21,845
864691136389885047,L6CT,train,53,19,52,19,33
864691136389921911,L2IT,train,265,19,263,18,245
864691136390099728,L6CT,test,44,36,42,34,8
864691136390474359,L4IT,train,756,8,740,8,732
864691136390601335,L6IT,train,25,16,25,16,9
864691136390675216,BasketFam,train,7291,23,7083,23,7060
864691136390677264,BasketFam,test,1745,37,1712,37,1675
864691136390788215,L3IT,train,563,28,553,27,526
864691136390828919,MartFam,train,5546,48,5137,48,5089
864691136390905207,MartFam,train,8410,55,7962,55,7907
864691136391023120,BasketFam,train,5944,54,5774,54,5720
864691136391024144,NglFam,train,593,26,590,26,564
864691136391027728,L4IT,train,745,17,734,16,718
864691136391034487,L4IT,train,669,17,656,17,639
864691136391042167,L3IT,train,778,27,766,26,740
864691136392254847,L6IT,train,608,16,595,16,579
864691136392355711,L6CT,test,160,17,156,17,139
864691136392622207,BasketFam,train,1886,20,1826,20,1806
864691136392682879,BasketFam,train,4486,64,4366,64,4302
864691136392785279,L4IT,train,353,6,347,6,341
864691136392806271,BasketFam,train,4897,39,4799,38,4761
864691136420279191,L2IT,train,251,18,246,18,228
864691136420303511,L4IT,train,403,12,394,12,382
864691136420378007,L5ET,train,124,64,123,63,60
864691136421279639,L2IT,train,420,24,410,24,386
864691136421324951,L4IT,train,991,12,968,12,956
864691136424439855,L4IT,train,563,18,547,17,530
864691136424704815,L4IT,train,518,22,512,22,490
864691136424990255,L6IT,train,761,24,742,24,718
864691136425073455,L5IT,train,806,20,794,20,774
864691136425681967,L4IT,train,1014,19,994,18,976
864691136436788382,BipFam,train,592,20,588,19,569
864691136437631902,L5ET,train,146,42,140,41,99
864691136438216350,BasketFam,train,3807,33,3653,33,3620
864691136438372254,BipFam,train,670,23,643,22,621
864691136438410654,BipFam,train,221,22,218,22,196
864691136438469534,L2IT,train,214,9,212,9,203
864691136438496158,L3IT,train,491,43,481,43,438
864691136438529438,L2IT,train,273,9,268,9,259
864691136438585502,L3IT,train,888,12,866,12,854
864691136445062787,L4IT,test,891,16,873,16,857
864691136445215875,L2IT,train,1290,21,1253,21,1232
864691136445249923,L2IT,train,499,16,490,16,474
864691136445557123,L4IT,test,704,22,693,22,671
864691136445968259,BasketFam,train,5611,38,5507,38,5469
864691136446104451,BipFam,train,322,23,309,23,286
864691136452447743,L2IT,train,439,20,434,20,414
864691136452543231,L6CT,test,152,25,151,25,126
864691136452602367,L2IT,train,196,17,196,17,179
864691136452920319,BasketFam,train,2526,37,2474,37,2437
864691136453183487,MartFam,test,2054,32,2006,32,1974
864691136453186559,BasketFam,train,4363,59,4248,59,4189
864691136453384959,L3IT,train,411,13,401,13,388
864691136453419007,L3IT,train,623,27,606,26,580
864691136453442303,L4IT,train,727,4,712,4,708
864691136484364844,L6CT,train,219,14,212,14,198
864691136484415020,L6IT,test,334,30,328,30,298
864691136484732972,L4IT,train,940,15,919,15,904
864691136484876588,MartFam,train,1459,33,1410,33,1377
864691136484883756,BasketFam,train,3303,28,3242,28,3214
864691136484948012,L2IT,train,462,9,454,9,445
864691136484972332,L3IT,train,1026,18,1003,18,985
864691136485007404,L4IT,train,852,16,839,16,823
864691136487168530,MartFam,train,2239,113,2168,110,2058
864691136488414994,L4IT,train,314,14,309,14,295
864691136488621842,L6CT,train,307,8,299,8,291
864691136488999186,L4IT,train,484,7,468,7,461
864691136489055762,L4IT,train,835,13,824,13,811
864691136489147922,L4IT,train,600,12,578,12,566
864691136489623826,BasketFam,train,5045,53,4961,53,4908
864691136521831825,L5IT,train,1814,15,1788,15,1773
864691136523033233,L6CT,test,84,6,83,6,77
864691136523081105,L4IT,train,548,12,536,12,524
864691136523118481,L4IT,train,746,16,734,16,718
864691136523216017,L4IT,train,660,21,640,21,619
864691136523288465,L4IT,train,398,19,385,19,366
864691136523335057,L4IT,test,564,14,553,14,539
864691136523472529,L4IT,train,487,13,476,13,463
864691136523628945,L6IT,train,198,55,197,54,143
864691136523889553,BasketFam,train,6022,34,5858,33,5825
864691136523971473,BipFam,train,2829,20,2732,20,2712
864691136524014993,BasketFam,train,5882,52,5675,51,5624
864691136524089489,L2IT,train,164,15,161,15,146
864691136524172689,L2IT,train,264,19,263,19,244
864691136524282001,NglFam,train,464,19,462,19,443
864691136524297617,L4IT,train,14,13,14,13,1
864691136578820884,L5ET,train,374,103,367,101,266
864691136578982164,L4IT,test,648,9,637,9,628
864691136579127060,L5ET,test,621,108,606,106,500
864691136579129876,L4IT,train,466,10,462,10,452
864691136579193108,L6CT,train,345,16,327,16,311
864691136579217172,L6CT,train,35,18,33,17,16
864691136579358228,L6CT,train,210,15,203,15,188
864691136579408916,L4IT,test,1151,21,1123,20,1103
864691136579434260,L6IT,train,577,26,567,25,542
864691136579629844,L4IT,train,614,7,605,7,598
864691136579969300,L2IT,test,242,12,237,12,225
864691136580010516,MartFam,test,9211,65,8636,64,8572
864691136595955362,MartFam,train,8513,59,8033,59,7974
864691136596060322,L6CT,train,117,20,113,20,93
864691136596177570,L6CT,train,141,21,138,19,119
864691136596815778,L2IT,train,119,25,119,25,94
864691136596901026,L4IT,train,789,9,776,9,767
864691136603171281,L4IT,train,804,14,775,14,761
864691136603221201,L4IT,train,775,10,757,10,747
864691136603306193,L6IT,test,399,15,394,15,379
864691136603811281,L2IT,test,1040,24,1024,22,1002
864691136603935441,BasketFam,train,8266,44,7951,44,7907
864691136604001745,L3IT,train,257,18,256,17,239
864691136618553563,L3IT,test,617,25,604,25,579
864691136618795227,L5IT,train,126,20,125,20,105
864691136619096795,L5IT,train,778,46,766,46,720
864691136619344859,BasketFam,test,5742,29,5623,29,5594
864691136619529179,L2IT,test,426,14,417,14,403
864691136619693275,L4IT,train,333,15,331,15,316
864691136619828877,L6CT,train,122,13,119,13,106
864691136620192653,MartFam,train,3739,27,3620,27,3593
864691136620797837,L4IT,train,472,12,461,12,449
864691136620914829,L4IT,train,571,4,563,4,559
864691136663528670,L3IT,train,470,7,462,7,455
864691136664127454,L4IT,test,935,18,919,18,901
864691136664680926,L6CT,train,166,11,160,11,149
864691136664950750,L2IT,train,367,11,359,11,348
864691136665051614,L2IT,train,348,9,343,9,334
864691136674327431,L3IT,train,576,14,565,14,551
864691136674492295,L4IT,test,547,14,540,14,526
864691136674495623,L5IT,train,494,17,484,16,468
864691136674744199,L4IT,train,466,12,461,12,449
864691136674749575,L2IT,train,1256,16,1213,15,1198
864691136675220103,L6CT,train,143,19,140,19,121
864691136675427975,L5IT,train,743,11,734,11,723
864691136725343485,L4IT,train,299,16,296,16,280
864691136725353725,L6CT,train,248,26,244,25,219
864691136742067804,L3IT,train,695,11,676,11,665
864691136742244188,L4IT,train,480,4,472,4,468
864691136742372956,L6CT,train,111,30,108,30,78
864691136742470492,L5IT,train,482,51,479,51,428
864691136742623580,L6IT,train,419,27,413,27,386
864691136742708828,L6CT,train,70,29,70,29,41
864691136742921308,BasketFam,test,4347,22,4267,22,4245
864691136813553523,BasketFam,train,2288,43,2226,43,2183
864691136813937267,L2IT,train,608,18,596,18,578
864691136814025587,BasketFam,train,2593,47,2495,47,2448
864691136814180211,L2IT,train,343,16,339,16,323
864691136814271603,L5NP,train,194,10,187,10,177
864691136814345075,MartFam,train,4677,16,4453,16,4437
864691136814442867,L2IT,train,288,12,281,12,269
864691136814508659,L4IT,train,504,9,487,9,478
864691136814627955,L4IT,train,614,7,599,7,592
864691136814655859,L4IT,test,764,9,755,9,746
864691136903387826,MartFam,train,1375,52,1334,51,1283
864691136904488114,L5IT,train,704,29,689,28,661
864691136904594610,L3IT,train,388,26,385,25,360
864691136904656818,L2IT,train,371,17,364,17,347
864691136904967346,L6CT,test,185,29,176,29,147
864691136905203378,L4IT,test,449,15,442,15,427
864691136905458866,L5ET,train,397,27,386,27,359
864691136905560754,L5IT,train,833,54,815,53,762
864691136905758130,L4IT,train,614,14,602,14,588
864691136905941426,BasketFam,train,6656,49,6507,49,6458
864691136906067890,L3IT,train,341,9,335,9,326
864691136913135089,MartFam,train,1157,30,1121,30,1091
864691136913993713,L4IT,train,965,17,941,17,924
864691136914414321,L2IT,train,1245,24,1215,22,1193
864691136914445809,L2IT,train,379,15,371,15,356
864691136914541041,L4IT,test,506,20,502,19,483
864691136914542577,MartFam,train,15036,84,14067,83,13984
864691136924515300,L2IT,test,241,22,238,22,216
864691136925008100,BipFam,train,2259,17,2135,16,2119
864691136925029092,L4IT,train,593,12,577,12,565
864691136925094628,L4IT,test,1103,6,1081,6,1075
864691136925825354,BasketFam,test,1999,47,1959,47,1912
864691136926764362,L6CT,test,79,15,77,15,62
864691136927119946,L6CT,train,168,13,166,13,153
864691136927176778,L5IT,train,519,25,514,24,490
864691136927187786,L5IT,test,769,26,757,25,732
864691136927366986,thalamocortical,train,2132,0,1676,0,1676
864691136927566154,L4IT,test,744,12,731,12,719
864691136927688266,L4IT,test,870,12,856,12,844
864691136927732810,L3IT,train,604,32,589,31,558
864691136927761226,L4IT,train,644,13,636,12,624
864691136927801674,L4IT,train,665,10,651,10,641
864691136953197279,L4IT,train,627,18,607,17,590
864691136953413599,L4IT,train,990,14,972,14,958
864691136953631711,L6IT,train,100,49,100,49,51
864691136953677535,L4IT,train,1006,4,993,4,989
864691136953958879,L2IT,train,237,10,230,10,220
864691136954019039,L4IT,train,395,9,387,9,378
864691136954028511,L4IT,train,421,12,410,12,398
864691136954050527,L4IT,train,845,23,833,22,811
864691136966189518,MartFam,test,2547,40,2488,40,2448
864691136967478222,L5IT,train,974,24,954,24,930
864691136967634382,L4IT,train,989,27,963,27,936
864691136967703758,L4IT,train,963,26,947,26,921
864691136967869902,L6CT,test,123,17,123,17,106
864691136967985870,L6CT,train,304,20,297,20,277
864691136968109774,MartFam,test,1463,22,1416,22,1394
864691136968429774,L4IT,train,240,8,235,7,228
864691136968585678,L2IT,train,384,11,377,11,366
864691136968773070,L4IT,train,887,29,868,28,840
864691136974813212,L5IT,train,928,8,917,8,909
864691136974876956,L5ET,test,694,71,683,71,612
864691136975088156,L4IT,train,692,13,683,13,670
864691136975144988,L3IT,train,349,18,342,17,325
864691136975300636,L4IT,train,89,11,89,11,78
864691136975332380,L4IT,train,1081,9,1066,9,1057
864691136975624220,L4IT,train,582,22,575,22,553
864691136975639836,BipFam,train,142,8,140,8,132
864691136991202453,L5ET,train,1065,141,1038,140,898
864691136991359893,L3IT,test,281,11,275,10,265
864691136991606421,L4IT,train,1229,25,1199,25,1174
864691136991901845,L6IT,test,565,15,556,15,541
864691137021162094,L6CT,train,99,12,98,12,86
864691137022180974,MartFam,test,7534,70,7162,70,7092
864691137055244406,L6CT,train,117,16,114,16,98
864691137055253878,L6CT,test,173,12,168,12,156
864691137055367798,L3IT,train,317,19,313,19,294
864691137055405174,L4IT,test,1112,17,1092,16,1076
864691137055712630,L4IT,train,624,12,614,12,602
864691137056216950,MartFam,train,6419,54,6029,53,5976
864691137056393846,L3IT,test,346,13,339,13,326
864691137198382657,L2IT,train,335,19,330,18,312
864691137198691137,L2IT,train,612,21,585,21,564
864691137198844737,L6IT,train,156,14,156,14,142
864691137199038273,L4IT,train,376,12,365,12,353
864691137199828801,L5IT,train,381,29,375,29,346
864691137199860033,BasketFam,test,4438,44,4333,44,4289
