cell_type,valid_sites,removed_sites,unique_before,unique_removed,unique_retained,removed_fraction
BasketFam,680494,6544,662568,6496,656072,0.0098042766931092
BipFam,86582,1863,83823,1835,81988,0.0218913663314364
L2IT,92100,3877,90320,3833,86487,0.0424379982285208
L3IT,101060,3541,98947,3501,95446,0.0353825785521541
L4IT,323875,6637,317574,6554,311020,0.0206377096361792
L5ET,14220,2977,13957,2941,11016,0.2107186358099878
L5IT,66312,2299,65290,2268,63022,0.0347373257773012
L5NP,4560,132,4421,130,4291,0.0294051119656186
L6CT,33592,4291,32771,4260,28511,0.129992981599585
L6IT,59195,2452,58153,2437,55716,0.0419066944095747
MartFam,533623,4982,507620,4925,502695,0.0097021393956108
NglFam,10759,601,10646,598,10048,0.0561713319556641
thalamocortical,115462,2,102626,2,102624,1.948823884785532e-05
