run,window_nm,best_epoch,cls_resnet,frozen_agg,layer,row_type,n_rows,gamma_0_mean,gamma_1_mean,ratio_mean,gamma_0_p5,gamma_0_p25,gamma_0_p50,gamma_0_p75,gamma_0_p95,gamma_1_p5,gamma_1_p25,gamma_1_p50,gamma_1_p75,gamma_1_p95,ratio_p5,ratio_p25,ratio_p50,ratio_p75,ratio_p95,nbr_mass_biased_mean,nbr_mass_unbiased_mean,nbr_mass_delta_mean,nbr_mass_delta_p50,nbr_share_uniform_mean
gnn_lcpn_scratch_gt_L4_H4,10000.0,4,False,False,0,cls,6144,1.9878326654434204,0.1655934751033783,0.0833035260438919,1.9724227361148534,1.9724227361148534,1.9724227361148534,1.9724227361148534,1.9724227361148534,0.16405897731995386,0.16405897731995386,0.16405897731995386,0.16405897731995386,0.16405897731995386,0.08413951416451956,0.08413951416451956,0.08413951416451956,0.08413951416451956,0.08413951416451956,0.029150155170858245,0.025039129895200556,0.004111025275657691,0.0025,0.08899263237435662
gnn_lcpn_scratch_gt_L4_H4,10000.0,4,False,False,0,node,67434,4.677743404178244,0.6788874512672721,0.17575511719112966,2.6001595631652723,3.3496543915782793,4.027170343254594,5.0699070827470445,9.660508789898142,0.23173946499684797,0.38459178204535355,0.5821032177708716,0.8810488730080147,1.4288939585111036,0.030549211132155123,0.08413951416451956,0.14962356560944343,0.23713737056616552,0.4216965034285822,0.40566056201380135,0.2914890448515492,0.11417151716067776,0.0925,0.23279275520886908
gnn_lcpn_scratch_gt_L4_H4,10000.0,4,False,False,1,cls,6144,3.622647650016006,0.4124618280717793,0.1282678080315236,2.01836636368156,2.7227013080779154,3.3496543915782793,4.120975190973304,6.095368972401694,0.2600159563165272,0.3349654391578276,0.4027170343254591,0.48417236758409943,0.6095368972401694,0.059566214352901034,0.08609937521846008,0.11614486138403426,0.15667510701081502,0.23713737056616552,0.09568921184260641,0.06647838500127061,0.029210826841335802,0.0275,0.08899263237435662
gnn_lcpn_scratch_gt_L4_H4,10000.0,4,False,False,1,node,67434,9.54409790791258,1.3778488670002649,0.18322712159743906,3.8459178204535354,6.095368972401694,8.810488730080147,11.88502227437019,17.988709151287875,0.638263486190549,0.9660508789898131,1.2445146117713843,1.6405897731995387,2.5409727055493065,0.050699070827470445,0.09440608762859236,0.14621771744567183,0.23173946499684797,0.4415704473533125,0.46494376729839304,0.23019430932974236,0.23474945799200533,0.2125,0.23279275520886908
gnn_lcpn_scratch_gt_L4_H4,10000.0,4,False,False,2,cls,6144,4.227924518781947,0.945764513865773,0.3134365334820662,1.2161860006463678,2.3173946499684797,3.58921934645005,5.432503314924336,9.440608762859245,0.6839116472814293,0.8413951416451956,0.9440608762859236,1.0592537251772898,1.2161860006463678,0.10351421666793441,0.17579236139586932,0.26607250597988114,0.39355007545577764,0.716143410212902,0.17234361738580142,0.07919293314641133,0.09315068424378599,0.08750000000000001,0.08899263237435662
gnn_lcpn_scratch_gt_L4_H4,10000.0,4,False,False,2,node,67434,4.669112342516769,2.505677050505541,0.7535292376200166,1.3031667784523,2.4831331052955727,3.758374042884443,5.688529308438413,10.83926914021204,1.3963683610559392,1.9275249131909367,2.4266100950824145,2.985382618917963,3.8459178204535354,0.22130947096056386,0.43151907682776547,0.6531305526474723,0.9440608762859236,1.6405897731995387,0.7356266119669941,0.22264146647601757,0.5129851454963213,0.5175,0.23279275520886908
gnn_lcpn_scratch_gt_L4_H4,10000.0,4,False,False,3,cls,6144,11.048835519701242,0.42273837663621333,0.041584631027641684,6.531305526474729,8.035261221856176,9.660508789898142,12.445146117713843,20.183663636815595,0.2722701308077913,0.32734069487883827,0.38459178204535355,0.48417236758409943,0.6839116472814293,0.02065380155810529,0.03126079367123956,0.03935500754557776,0.049545019080479,0.06998419960022738,0.025505307819096934,0.017260416330033664,0.008244891487942985,0.0025,0.08899263237435662
gnn_lcpn_scratch_gt_L4_H4,10000.0,4,False,False,3,node,67434,1.6553240180520268,0.660979005545497,0.4730656504338031,0.8035261221856177,1.0839269140212038,1.4288939585111036,2.0653801558105314,3.126079367123956,0.43151907682776547,0.5308844442309885,0.6237348354824191,0.7498942093324559,0.9885530946569391,0.19275249131909367,0.30549211132155124,0.43151907682776547,0.5956621435290104,0.8810488730080147,0.36673926762140713,0.23257894243802057,0.13416032518515433,0.1275,0.23279275520886908
gnn_lcpn_scratch_gt_L4_H4_frozenagg,10000.0,13,False,True,0,cls,6144,1.0891354084014893,1.1449984312057495,1.0512911081314087,1.0839269140212038,1.0839269140212038,1.0839269140212038,1.0839269140212038,1.0839269140212038,1.1350108156723142,1.1350108156723142,1.1350108156723142,1.1350108156723142,1.1350108156723142,1.0592537251772898,1.0592537251772898,1.0592537251772898,1.0592537251772898,1.0592537251772898,0.2590799611789407,0.10225008586530748,0.15682987534698137,0.1525,0.08899263237435662
gnn_lcpn_scratch_gt_L4_H4_frozenagg,10000.0,13,False,True,0,node,67434,1.0577981510933323,1.0865348487872333,1.0275927840820125,1.035142166679343,1.035142166679343,1.0592537251772898,1.0839269140212038,1.0839269140212038,1.035142166679343,1.0592537251772898,1.0839269140212038,1.1091748152624008,1.1350108156723142,0.9660508789898131,1.0115794542598984,1.035142166679343,1.0592537251772898,1.0839269140212038,0.46947881392167834,0.235960224459886,0.23351858946753767,0.23750000000000002,0.23279275520886908
gnn_lcpn_scratch_gt_L4_H4_frozenagg,10000.0,13,False,True,1,cls,6144,0.9769585341467367,0.9104543848564693,0.9319298943349471,0.9660508789898131,0.9660508789898131,0.9660508789898131,0.9885530946569391,0.9885530946569391,0.9015711376059571,0.9015711376059571,0.9015711376059571,0.9015711376059571,0.9225714271547638,0.9225714271547638,0.9225714271547638,0.9225714271547638,0.9440608762859236,0.9440608762859236,0.23854889245800828,0.11741936356884253,0.12112952886794422,0.11750000000000001,0.08899263237435662
gnn_lcpn_scratch_gt_L4_H4_frozenagg,10000.0,13,False,True,1,node,67434,0.9627511234039775,0.9245025450802112,0.9604816204691837,0.9225714271547638,0.9440608762859236,0.9660508789898131,0.9660508789898131,0.9885530946569391,0.9015711376059571,0.9225714271547638,0.9225714271547638,0.9440608762859236,0.9440608762859236,0.9225714271547638,0.9440608762859236,0.9660508789898131,0.9660508789898131,0.9885530946569391,0.42605744674260443,0.23225674344837766,0.19380070329323235,0.1975,0.23279275520886908
gnn_lcpn_scratch_gt_L4_H4_frozenagg,10000.0,13,False,True,2,cls,6144,1.0789577153821786,1.14704574427257,1.0631137864353757,1.0839269140212038,1.0839269140212038,1.0839269140212038,1.0839269140212038,1.0839269140212038,1.1350108156723142,1.1350108156723142,1.1350108156723142,1.1614486138403437,1.1614486138403437,1.0592537251772898,1.0592537251772898,1.0592537251772898,1.0592537251772898,1.0592537251772898,0.17631554610125022,0.06466692898356996,0.11164861715830436,0.1075,0.08899263237435662
gnn_lcpn_scratch_gt_L4_H4_frozenagg,10000.0,13,False,True,2,node,67434,1.09223366904118,1.0622001766953444,0.9727614784992388,1.0592537251772898,1.0839269140212038,1.0839269140212038,1.1091748152624008,1.1091748152624008,1.035142166679343,1.0592537251772898,1.0592537251772898,1.0839269140212038,1.0839269140212038,0.9440608762859236,0.9660508789898131,0.9660508789898131,0.9885530946569391,1.0115794542598984,0.4604523319944487,0.23314208297727,0.227310249014527,0.2325,0.23279275520886908
gnn_lcpn_scratch_gt_L4_H4_frozenagg,10000.0,13,False,True,3,cls,6144,1.096163446820962,0.930009557021549,0.8484487941702051,1.0839269140212038,1.0839269140212038,1.1091748152624008,1.1091748152624008,1.1091748152624008,0.9225714271547638,0.9225714271547638,0.9225714271547638,0.9225714271547638,0.9440608762859236,0.8413951416451956,0.8413951416451956,0.8413951416451956,0.8609937521846007,0.8609937521846007,0.21731825437988542,0.10007954050039795,0.11723871387766849,0.1125,0.08899263237435662
gnn_lcpn_scratch_gt_L4_H4_frozenagg,10000.0,13,False,True,3,node,67434,1.1208502553810191,0.9509560283942237,0.8487741484427984,1.0839269140212038,1.1091748152624008,1.1091748152624008,1.1350108156723142,1.1614486138403437,0.9225714271547638,0.9440608762859236,0.9440608762859236,0.9660508789898131,0.9885530946569391,0.8035261221856177,0.8222426499470712,0.8413951416451956,0.8609937521846007,0.9015711376059571,0.42437232012437337,0.226395240344723,0.19797707977821405,0.2025,0.23279275520886908
gnn_lcpn_scratch_gt_L4_H4_resnet4x128,10000.0,7,True,False,0,cls,6144,3.911832332611084,0.5242000818252563,0.13400371372699738,3.9355007545577725,3.9355007545577725,3.9355007545577725,3.9355007545577725,3.9355007545577725,0.518800038928961,0.518800038928961,0.518800038928961,0.518800038928961,0.518800038928961,0.1333521432163324,0.1333521432163324,0.1333521432163324,0.1333521432163324,0.1333521432163324,0.05556630340151969,0.035592785630342405,0.019973517771177285,0.0175,0.08899263237435662
gnn_lcpn_scratch_gt_L4_H4_resnet4x128,10000.0,7,True,False,0,node,67434,6.979661314269736,0.5129435369362335,0.07992099620919546,3.8459178204535354,5.0699070827470445,6.3826348619054825,8.035261221856176,12.445146117713843,0.18836490894898,0.2722701308077913,0.38459178204535355,0.6095368972401694,1.3031667784523,0.024266100950824168,0.04315190768277655,0.06237348354824192,0.09440608762859236,0.20653801558105292,0.3066046503062557,0.2309589908696682,0.07564565943882487,0.0525,0.23279275520886908
gnn_lcpn_scratch_gt_L4_H4_resnet4x128,10000.0,7,True,False,1,cls,6144,6.428883344594699,0.36265989404152305,0.06003701973046797,3.8459178204535354,5.0699070827470445,6.095368972401694,7.498942093324558,9.885530946569391,0.15310874616820302,0.24266100950824168,0.3349654391578276,0.4518559443749226,0.6998419960022738,0.024266100950824168,0.03845917820453535,0.0518800038928961,0.0716143410212902,0.12735030810166617,0.04330596988251282,0.03136185393496523,0.011944115948911834,0.0075,0.08899263237435662
gnn_lcpn_scratch_gt_L4_H4_resnet4x128,10000.0,7,True,False,1,node,67434,11.344676268082354,2.019526060907388,0.2317983411922478,4.41570447353313,7.161434102129027,10.115794542598982,14.288939585111036,22.130947096056364,0.5688529308438414,1.0592537251772898,1.6405897731995387,2.5409727055493065,4.841723675840999,0.04027170343254591,0.09015711376059571,0.16788040181225605,0.298538261891796,0.638263486190549,0.5550691416785517,0.23196834345728237,0.32310079820199095,0.2775,0.23279275520886908
gnn_lcpn_scratch_gt_L4_H4_resnet4x128,10000.0,7,True,False,2,cls,6144,2.3119439731090097,0.7512960250557322,0.4146443914111539,0.9225714271547638,1.4962356560944328,2.0653801558105314,2.786121168629772,4.623810213992603,0.4120975190973304,0.5688529308438414,0.716143410212902,0.9015711376059571,1.188502227437019,0.14621771744567183,0.23713737056616552,0.3349654391578276,0.4954501908047905,0.9660508789898131,0.18525822436883269,0.09660938930513414,0.08864883505642258,0.0775,0.08899263237435662
gnn_lcpn_scratch_gt_L4_H4_resnet4x128,10000.0,7,True,False,2,node,67434,1.573605928608813,1.3317098607936921,1.2171828084223877,0.48417236758409943,0.8413951416451956,1.2445146117713843,1.8836490894898021,3.758374042884443,0.716143410212902,1.0115794542598984,1.273503081016663,1.6032453906900417,2.16271852372702,0.3349654391578276,0.6237348354824191,0.9660508789898131,1.4962356560944328,2.985382618917963,0.5221739873225095,0.23225344490904798,0.289920542452353,0.2775,0.23279275520886908
gnn_lcpn_scratch_gt_L4_H4_resnet4x128,10000.0,7,True,False,3,cls,6144,5.784595983316346,0.8003636765497504,0.18609405314843266,2.1134890398366477,3.4276778654645046,4.623810213992603,6.683439175686149,14.288939585111036,0.5956621435290104,0.6998419960022738,0.7852356346100718,0.8810488730080147,1.035142166679343,0.05688529308438413,0.1188502227437019,0.16788040181225605,0.23173946499684797,0.38459178204535355,0.15055202500298037,0.0742841554883853,0.07626786951853622,0.0725,0.08899263237435662
gnn_lcpn_scratch_gt_L4_H4_resnet4x128,10000.0,7,True,False,3,node,67434,1.9728591081328313,1.0343418787406582,0.6661268621843327,0.8222426499470712,1.2445146117713843,1.678804018122559,2.3173946499684797,4.120975190973304,0.7328245331389045,0.8810488730080147,1.0115794542598984,1.1614486138403437,1.3963683610559392,0.23713737056616552,0.4216965034285822,0.5956621435290104,0.8413951416451956,1.3031667784523,0.4543279184434933,0.23308200032384271,0.22124591811412622,0.2175,0.23279275520886908
gnn_lcpn_scratch_gt_L4_H4_resnet4x128_w20um,20000.0,0,True,False,0,cls,6144,1.2552610635757446,0.6246986985206604,0.49766436219215393,1.2445146117713843,1.2445146117713843,1.2445146117713843,1.2445146117713843,1.2445146117713843,0.6237348354824191,0.6237348354824191,0.6237348354824191,0.6237348354824191,0.6237348354824191,0.4954501908047905,0.4954501908047905,0.4954501908047905,0.4954501908047905,0.4954501908047905,0.0034623660578520323,0.0019072229802716834,0.0015551430775803492,0.0025,0.04523995647984217
gnn_lcpn_scratch_gt_L4_H4_resnet4x128_w20um,20000.0,0,True,False,0,node,142689,2.2103571446306898,0.5422644298645979,0.2562791450959163,1.333521432163324,1.678804018122559,2.0653801558105314,2.6001595631652723,3.58921934645005,0.17179083871575876,0.2600159563165272,0.4027170343254591,0.6998419960022738,1.3963683610559392,0.08810488730080138,0.12445146117713857,0.19275249131909367,0.3198895109691397,0.6531305526474723,0.20199807997676264,0.14237120827713115,0.05962687169583036,0.0425,0.11943617740386742
gnn_lcpn_scratch_gt_L4_H4_resnet4x128_w20um,20000.0,0,True,False,1,cls,6144,0.7258493106977161,0.25718079099412233,0.38865604262415826,0.46238102139926035,0.5688529308438414,0.6683439175686149,0.8222426499470712,1.188502227437019,0.14962356560944343,0.19275249131909367,0.22646443075930595,0.2722701308077913,0.43151907682776547,0.16405897731995386,0.26607250597988114,0.3349654391578276,0.43151907682776547,0.6531305526474723,0.03181299467079649,0.024094531598772544,0.007718463072023951,0.0075,0.04523995647984217
gnn_lcpn_scratch_gt_L4_H4_resnet4x128_w20um,20000.0,0,True,False,1,node,142689,1.8318008909656456,0.5907993648086849,0.42948923428838526,0.5956621435290104,0.8810488730080147,1.3031667784523,2.16271852372702,5.0699070827470445,0.17579236139586932,0.2722701308077913,0.39355007545577764,0.6237348354824191,1.678804018122559,0.08222426499470713,0.17579236139586932,0.31260793671239556,0.518800038928961,1.0839269140212038,0.194078111788101,0.11924180640732063,0.07483630539113618,0.0425,0.11943617740386742
gnn_lcpn_scratch_gt_L4_H4_resnet4x128_w20um,20000.0,0,True,False,2,cls,6144,0.5699221710625958,0.4927035328801139,1.46177611986847,0.18836490894898,0.2600159563165272,0.34276778654645046,0.5956621435290104,1.8407720014689544,0.298538261891796,0.4027170343254591,0.48417236758409943,0.5688529308438414,0.6998419960022738,0.21134890398366477,0.7328245331389045,1.4288939585111036,2.0653801558105314,2.917427014001166,0.07019139050104665,0.04396010771688452,0.026231282783555798,0.0225,0.04523995647984217
gnn_lcpn_scratch_gt_L4_H4_resnet4x128_w20um,20000.0,0,True,False,2,node,142689,0.5042518796969886,0.8990319851380679,4.739421303397771,0.08413951416451956,0.12735030810166617,0.18407720014689563,0.4518559443749226,2.1134890398366477,0.47315125896148075,0.6683439175686149,0.8413951416451956,1.0115794542598984,1.6405897731995387,0.38459178204535355,1.8407720014689544,4.5185594437492265,6.839116472814292,10.592537251772898,0.25196139520688626,0.1194380791722013,0.13252331604215176,0.1125,0.11943617740386742
gnn_lcpn_scratch_gt_L4_H4_resnet4x128_w20um,20000.0,0,True,False,3,cls,6144,2.7856676596954153,0.21163412711878968,0.09494378018932063,1.1091748152624008,1.5310874616820318,2.0653801558105314,3.3496543915782793,6.839116472814292,0.11091748152624009,0.14962356560944343,0.18407720014689563,0.23713737056616552,0.4120975190973304,0.03273406948788383,0.059566214352901034,0.08810488730080138,0.12161860006463679,0.17988709151287874,0.040672806347477795,0.03315927452952868,0.0075135318176459505,0.0075,0.04523995647984217
gnn_lcpn_scratch_gt_L4_H4_resnet4x128_w20um,20000.0,0,True,False,3,node,142689,1.3178583659892555,0.5315906625242842,0.6159833343780704,0.34276778654645046,0.5432503314924331,0.8413951416451956,1.5310874616820318,4.027170343254594,0.17179083871575876,0.2600159563165272,0.3589219346450053,0.5688529308438414,1.4621771744567182,0.10351421666793441,0.25409727055493064,0.43151907682776547,0.6998419960022738,1.7579236139586931,0.19499915349509514,0.11939283623032608,0.07560631726179277,0.0425,0.11943617740386742
gnn_lcpn_scratch_gt_L4_H4_w20um,20000.0,14,False,False,0,cls,6144,5.537625312805176,0.5858257412910461,0.10579006373882294,5.559042572704037,5.559042572704037,5.559042572704037,5.559042572704037,5.559042572704037,0.5821032177708716,0.5821032177708716,0.5821032177708716,0.5821032177708716,0.5821032177708716,0.10592537251772886,0.10592537251772886,0.10592537251772886,0.10592537251772886,0.10592537251772886,0.02920343546171959,0.01682209330946686,0.012381342152252728,0.0125,0.04523995647984217
gnn_lcpn_scratch_gt_L4_H4_w20um,20000.0,14,False,False,0,node,142689,12.21891361119048,1.0369334545445383,0.09422871369675398,7.673614893618185,9.660508789898142,11.614486138403437,13.645831365889238,19.724227361148536,0.5069907082747045,0.716143410212902,0.9440608762859236,1.2445146117713843,1.8836490894898021,0.03427677865464505,0.05432503314924331,0.08035261221856177,0.1188502227437019,0.19724227361148533,0.3141054963609876,0.17583792402027335,0.1382675723369025,0.1225,0.11943617740386742
gnn_lcpn_scratch_gt_L4_H4_w20um,20000.0,14,False,False,1,cls,6144,2.3676654148536422,0.6383296163015378,0.2801061634915338,1.7579236139586931,2.0653801558105314,2.264644307593062,2.6001595631652723,3.2734069487883795,0.4216965034285822,0.5308844442309885,0.6237348354824191,0.7328245331389045,0.8810488730080147,0.15667510701081502,0.21134890398366477,0.2722701308077913,0.3349654391578276,0.43151907682776547,0.0979081553996366,0.054847680937200494,0.04306047445910129,0.0375,0.04523995647984217
gnn_lcpn_scratch_gt_L4_H4_w20um,20000.0,14,False,False,1,node,142689,8.520906840266395,1.09168008774581,0.13327378244110372,6.095368972401694,7.328245331389044,8.222426499470712,9.440608762859245,11.88502227437019,0.518800038928961,0.7852356346100718,1.035142166679343,1.333521432163324,1.8836490894898021,0.05688529308438413,0.09225714271547629,0.12445146117713857,0.16405897731995386,0.24266100950824168,0.2662832679969062,0.12993914608860155,0.13634412190988346,0.1225,0.11943617740386742
gnn_lcpn_scratch_gt_L4_H4_w20um,20000.0,14,False,False,2,cls,6144,4.144807445157009,0.7807378683452649,0.21430762368314996,2.0653801558105314,2.85101826750391,3.67282300498085,4.954501908047906,7.852356346100726,0.5559042572704037,0.6683439175686149,0.7498942093324559,0.8810488730080147,1.0839269140212038,0.10351421666793441,0.16032453906900418,0.21134890398366477,0.2600159563165272,0.34276778654645046,0.10229762605376891,0.04988464147451547,0.05241298458319458,0.0475,0.04523995647984217
gnn_lcpn_scratch_gt_L4_H4_w20um,20000.0,14,False,False,2,node,142689,20.57546934740686,2.728563502140493,0.15330592491728576,9.885530946569391,14.621771744567184,18.83649089489802,24.83133105295573,36.7282300498085,1.4288939585111036,2.01836636368156,2.5409727055493065,3.2734069487883795,4.731512589614803,0.05821032177708716,0.09660508789898131,0.1333521432163324,0.18836490894898,0.3198895109691397,0.5583439553939549,0.13504922996459406,0.42329472541154206,0.40750000000000003,0.11943617740386742
gnn_lcpn_scratch_gt_L4_H4_w20um,20000.0,14,False,False,3,cls,6144,9.815118892273555,0.6339691963900501,0.06740039091437211,6.095368972401694,8.222426499470712,9.440608762859245,11.091748152624008,14.288939585111036,0.4027170343254591,0.5069907082747045,0.5956621435290104,0.7328245331389045,0.9885530946569391,0.03845917820453535,0.050699070827470445,0.0638263486190549,0.08035261221856177,0.10839269140212039,0.036217213062930874,0.019447833968873358,0.01676937909311012,0.0125,0.04523995647984217
gnn_lcpn_scratch_gt_L4_H4_w20um,20000.0,14,False,False,3,node,142689,2.6590284598838716,1.2225859849001948,0.5066078546196626,1.5667510701081502,2.0653801558105314,2.4831331052955727,3.126079367123956,4.216965034285822,0.6237348354824191,0.8810488730080147,1.1350108156723142,1.4621771744567182,2.1134890398366477,0.20183663636815619,0.3198895109691397,0.4518559443749226,0.6237348354824191,1.0115794542598984,0.3178050651441848,0.11985912123501857,0.19794594390932282,0.17250000000000001,0.11943617740386742
gnn_lcpn_scratch_gt_L4_H4_w20um_frozenagg,20000.0,13,False,True,0,cls,6144,1.0891354084014893,1.1449984312057495,1.0512911081314087,1.0839269140212038,1.0839269140212038,1.0839269140212038,1.0839269140212038,1.0839269140212038,1.1350108156723142,1.1350108156723142,1.1350108156723142,1.1350108156723142,1.1350108156723142,1.0592537251772898,1.0592537251772898,1.0592537251772898,1.0592537251772898,1.0592537251772898,0.1456087551159726,0.052263711870182306,0.09334504323608901,0.08750000000000001,0.04523995647984217
gnn_lcpn_scratch_gt_L4_H4_w20um_frozenagg,20000.0,13,False,True,0,node,142689,1.0572109085699342,1.084206839726253,1.025824728747881,1.035142166679343,1.035142166679343,1.0592537251772898,1.0592537251772898,1.0839269140212038,1.0592537251772898,1.0592537251772898,1.0839269140212038,1.1091748152624008,1.1091748152624008,0.9885530946569391,1.0115794542598984,1.035142166679343,1.035142166679343,1.0592537251772898,0.2822001781890157,0.11971336277196223,0.16248681542256221,0.1625,0.11943617740386742
gnn_lcpn_scratch_gt_L4_H4_w20um_frozenagg,20000.0,13,False,True,1,cls,6144,0.9750916335906368,0.9098283980662624,0.9330722306913231,0.9660508789898131,0.9660508789898131,0.9660508789898131,0.9660508789898131,0.9885530946569391,0.9015711376059571,0.9015711376059571,0.9015711376059571,0.9015711376059571,0.9225714271547638,0.9225714271547638,0.9225714271547638,0.9225714271547638,0.9440608762859236,0.9440608762859236,0.14046754225091718,0.06404474627076222,0.07642279596317773,0.0725,0.04523995647984217
gnn_lcpn_scratch_gt_L4_H4_w20um_frozenagg,20000.0,13,False,True,1,node,142689,0.9596274844112479,0.9219759559779055,0.9609341314714192,0.9225714271547638,0.9440608762859236,0.9660508789898131,0.9660508789898131,0.9885530946569391,0.9015711376059571,0.9015711376059571,0.9225714271547638,0.9225714271547638,0.9440608762859236,0.9225714271547638,0.9440608762859236,0.9660508789898131,0.9660508789898131,0.9885530946569391,0.2516199694693359,0.11975824099076705,0.13186172849034344,0.1325,0.11943617740386742
gnn_lcpn_scratch_gt_L4_H4_w20um_frozenagg,20000.0,13,False,True,2,cls,6144,1.081810880083746,1.1456923443668832,1.059058129399394,1.0839269140212038,1.0839269140212038,1.0839269140212038,1.0839269140212038,1.0839269140212038,1.1350108156723142,1.1350108156723142,1.1350108156723142,1.1350108156723142,1.1614486138403437,1.0592537251772898,1.0592537251772898,1.0592537251772898,1.0592537251772898,1.0592537251772898,0.0954445640254562,0.032815923114867473,0.06262864092332165,0.0575,0.04523995647984217
gnn_lcpn_scratch_gt_L4_H4_w20um_frozenagg,20000.0,13,False,True,2,node,142689,1.0946770896506528,1.0574227694356815,0.9661711561307982,1.0592537251772898,1.0839269140212038,1.0839269140212038,1.1091748152624008,1.1091748152624008,1.035142166679343,1.0592537251772898,1.0592537251772898,1.0592537251772898,1.0839269140212038,0.9440608762859236,0.9440608762859236,0.9660508789898131,0.9885530946569391,0.9885530946569391,0.27676031686121394,0.11948477509712754,0.1572755417628332,0.1575,0.11943617740386742
gnn_lcpn_scratch_gt_L4_H4_w20um_frozenagg,20000.0,13,False,True,3,cls,6144,1.0954371834523045,0.9270177021389827,0.8462774836128423,1.0839269140212038,1.0839269140212038,1.0839269140212038,1.1091748152624008,1.1091748152624008,0.9225714271547638,0.9225714271547638,0.9225714271547638,0.9225714271547638,0.9225714271547638,0.8413951416451956,0.8413951416451956,0.8413951416451956,0.8413951416451956,0.8609937521846007,0.11877904523316829,0.05112977188491641,0.06764927332490818,0.0625,0.04523995647984217
gnn_lcpn_scratch_gt_L4_H4_w20um_frozenagg,20000.0,13,False,True,3,node,142689,1.1229913421792643,0.94967391929814,0.8459333123551491,1.0839269140212038,1.1091748152624008,1.1350108156723142,1.1350108156723142,1.1614486138403437,0.9225714271547638,0.9440608762859236,0.9440608762859236,0.9660508789898131,0.9885530946569391,0.8222426499470712,0.8222426499470712,0.8413951416451956,0.8609937521846007,0.8810488730080147,0.25335037480184186,0.11788777782775264,0.13546259696414215,0.1375,0.11943617740386742
