architecture,dataset,fold,cell_accuracy,cell_balanced_accuracy,cell_macro_precision,cell_macro_f1,window_accuracy,window_balanced_accuracy,window_macro_precision,window_macro_f1
mean,combined,0,0.023965141612200425,0.025264550264550323,0.07460821287366515,0.0016324578231081688,0.10961724344411383,0.046226559668483436,0.04642573903203595,0.05253404027403108
mean,microns,0,-0.0024630541871920597,0.020887445887445844,0.020542446819091675,0.022379296518539427,0.006076339721199586,-0.01166970204616935,-0.02161388315069901,-0.01706115149624754
mean,v1dd,0,0.2264150943396226,0.026190476190476153,0.2287581699346406,-0.05804724990771498,0.3664670939136815,0.10964910539913869,0.08843564141642729,0.13667248166657142
pointwise_mlp,combined,0,0.02178649237472763,-0.016003605971758872,0.04162788316600696,-0.03932815265574163,0.10720637277218725,0.042120940273226215,0.06374431264086577,0.059829937167662495
pointwise_mlp,microns,0,0.0024630541871920597,-0.0022830672512200723,0.008750595063347077,0.0028541319566300904,0.006907077000534945,-0.006104930107990736,-0.005825970185253437,-0.00585788520517927
pointwise_mlp,v1dd,0,0.16981132075471694,-0.10476190476190478,-0.1923076923076923,-0.19846743295019154,0.35601489379971424,0.0856818623051982,0.11083763763761656,0.13929785485347362
graph_transformer,combined,0,0.013071895424836555,-0.021164021164021274,-0.016511979417010658,-0.04917935191532541,0.08557581683662374,0.04402521501846968,0.040130113890286756,0.03843158446970052
graph_transformer,microns,0,-0.0049261083743842304,-0.01705627705627699,-0.038007878481821855,-0.01868717207675019,-0.0004027817111930121,-8.378787165264079e-05,-0.030603872361182116,-0.01716705804948493
graph_transformer,v1dd,0,0.15094339622641506,-0.0714285714285714,0.12222222222222234,-0.15042016806722686,0.2988595470973483,0.08558746162367903,0.13523656252663346,0.13015104287234536
