v1718_root_id,strategy_axon,nucleus_id,casey_root_id,casey_cell_id,class,ct_coarse,ct_coarse_confidence,ct_fine,ct_fine_confidence,status
864691134886335738,axon_partially_extended,260727,864691136026394425,260727,excitatory,L4,1.0,L4a,0.9666666666666667,matched_by_nucleus_id
864691134887444986,axon_partially_extended,292832,864691135235455065,292832,inhibitory,NglFam,1.0,NglFam-e,0.1,matched_by_nucleus_id
864691134887552506,axon_partially_extended,256536,864691135774429435,256536,excitatory,L2,1.0,L2a,0.8666666666666667,matched_by_nucleus_id
864691134918921738,axon_partially_extended,296928,864691135362485319,296928,excitatory,L3,0.95,L3a,0.9,matched_by_nucleus_id
864691134919403530,axon_partially_extended,296615,864691135470895186,296615,excitatory,L4,0.95,L4c,0.26666666666666666,matched_by_nucleus_id
864691134941495395,axon_partially_extended,294540,864691135272285605,294540,excitatory,L4,1.0,L4a,0.9666666666666667,matched_by_nucleus_id
864691134949081852,axon_partially_extended,260855,864691136010840236,260855,excitatory,L4,1.0,L4b,0.36666666666666664,matched_by_nucleus_id
864691134949263100,axon_partially_extended,265033,864691135593237259,265033,excitatory,L5,0.3,L5b,0.2,matched_by_nucleus_id
864691134949350652,axon_partially_extended,296681,864691135294846390,296681,excitatory,L3,0.6,L3a,0.7333333333333333,matched_by_nucleus_id
864691134966025503,axon_partially_extended,296397,864691135940068149,296397,excitatory,L4,1.0,L4a,1.0,matched_by_nucleus_id
864691134966114591,axon_partially_extended,260109,864691135448404882,260109,excitatory,L3,0.9,L3a,0.7,matched_by_nucleus_id
864691134966249759,axon_fully_extended,,,,,,,,,no_v1718_nucleus
864691134966324767,axon_partially_extended,260509,864691136011850926,260509,excitatory,L4,0.6,L4b,0.6,matched_by_nucleus_id
864691134966621471,axon_fully_extended,303243,864691135949112417,303243,inhibitory,MartFam,1.0,MartFam-n,0.13333333333333333,matched_by_nucleus_id
864691134966714655,axon_partially_extended,260303,864691136275332030,260303,excitatory,L4,0.9,L4b,0.8666666666666667,matched_by_nucleus_id
864691135014734486,axon_partially_extended,260712,864691135656746690,260712,excitatory,L4,1.0,L4a,0.7,matched_by_nucleus_id
864691135014966262,axon_partially_extended,264917,864691135405845742,264917,excitatory,L6IT,0.5,L6ITa,0.43333333333333335,matched_by_nucleus_id
864691135060094107,axon_partially_extended,262879,864691135343675077,262879,excitatory,L4,1.0,L4b,0.5333333333333333,matched_by_nucleus_id
864691135060784027,axon_fully_extended,,,,,,,,,no_v1718_nucleus
864691135060869787,axon_fully_extended,262815,864691135295342092,262815,excitatory,L4,1.0,L4a,0.5,matched_by_nucleus_id
864691135067448132,axon_partially_extended,309250,864691135336963305,309250,excitatory,L6CT,1.0,L6CTc,0.6,matched_by_nucleus_id
864691135067961412,axon_fully_extended,292820,864691135119924189,292820,excitatory,L2,1.0,L2a,0.9666666666666667,matched_by_nucleus_id
864691135101521952,axon_partially_extended,296784,864691135810557469,296784,excitatory,L4,1.0,L4a,0.9,matched_by_nucleus_id
864691135102151968,axon_partially_extended,294543,864691135765105206,294543,excitatory,L3,1.0,L3a,0.9333333333333333,matched_by_nucleus_id
864691135102433056,axon_partially_extended,262547,864691135375895752,262547,excitatory,L4,1.0,L4b,0.6666666666666666,matched_by_nucleus_id
864691135106209101,axon_fully_extended,260206,864691136453576959,260206,inhibitory,BasketFam,1.0,BasketFam-h,0.3,matched_by_nucleus_id
864691135119335645,axon_fully_extended,,,,,,,,,no_v1718_nucleus
864691135119409885,axon_partially_extended,311979,,,,,,,,nucleus_absent_from_casey
864691135119709149,axon_partially_extended,226128,864691136453565951,226128,excitatory,L3,1.0,L3a,0.9666666666666667,matched_by_nucleus_id
864691135124603687,axon_fully_extended,262893,864691135563017953,262893,excitatory,L4,1.0,L4b,0.6,matched_by_nucleus_id
864691135134585248,axon_partially_extended,325816,864691135389273217,325816,inhibitory,BipFam,0.95,BipFam-f,0.4666666666666667,matched_by_nucleus_id
864691135135019168,axon_fully_extended,294535,864691135943762036,294535,excitatory,L3,0.95,L3a,0.9333333333333333,matched_by_nucleus_id
864691135136360217,axon_partially_extended,294677,864691136118978724,294677,excitatory,L3,0.35,L3a,0.36666666666666664,matched_by_nucleus_id
864691135136735001,axon_partially_extended,298806,864691135662911728,298806,excitatory,L4,0.9,L4b,0.7,matched_by_nucleus_id
864691135155894884,axon_fully_extended,256576,864691136453525503,256576,excitatory,L2,0.95,L2b,0.9,matched_by_nucleus_id
864691135157994084,axon_fully_extended,301319,864691135699710229,301319,excitatory,L4,0.95,L4d,0.6666666666666666,matched_by_nucleus_id
864691135164887853,axon_partially_extended,292637,864691135294885814,292637,excitatory,L3,1.0,L3a,0.9333333333333333,matched_by_nucleus_id
864691135165079085,axon_partially_extended,262686,864691135448834132,262686,excitatory,L4,1.0,L4a,1.0,matched_by_nucleus_id
864691135196475434,axon_partially_extended,262678,864691135573421861,262678,inhibitory,MartFam,1.0,MartFam-d,0.4,matched_by_nucleus_id
864691135196592938,axon_partially_extended,298669,864691135124801575,298669,excitatory,L4,1.0,L4d,0.3333333333333333,matched_by_nucleus_id
864691135209369465,axon_partially_extended,330340,864691135802815586,330340,excitatory,L3,0.35,L3a,0.26666666666666666,matched_by_nucleus_id
864691135209432185,axon_partially_extended,260603,864691135361238616,260603,excitatory,L3,1.0,L3a,1.0,matched_by_nucleus_id
864691135210443897,axon_fully_extended,299317,864691135579407877,299317,inhibitory,BasketFam,0.95,BasketFam-h,0.1,matched_by_nucleus_id
864691135211568576,axon_partially_extended,296532,864691135493179623,296532,excitatory,L4,1.0,L4a,0.4666666666666667,matched_by_nucleus_id
864691135215381304,axon_partially_extended,296519,864691135493217511,296519,excitatory,L4,1.0,L4a,0.3,matched_by_nucleus_id
864691135234382937,axon_partially_extended,294669,864691136275497406,294669,excitatory,L3,0.9,L3a,0.7666666666666667,matched_by_nucleus_id
864691135258509487,axon_partially_extended,296613,864691135785104947,296613,excitatory,L4,0.85,L4a,0.4,matched_by_nucleus_id
864691135258563503,axon_partially_extended,296578,864691135357422543,296578,excitatory,L4,1.0,L4a,0.9666666666666667,matched_by_nucleus_id
864691135258628527,axon_partially_extended,262555,864691135726917291,262555,inhibitory,BasketFam,1.0,BasketFam-j,0.3,matched_by_nucleus_id
864691135271077541,axon_partially_extended,296554,864691135493253607,296554,excitatory,L3,0.95,L3a,0.9666666666666667,matched_by_nucleus_id
864691135271282085,axon_partially_extended,298704,864691135717601562,298704,excitatory,L4,1.0,L4d,0.4666666666666667,matched_by_nucleus_id
864691135271967397,axon_fully_extended,337669,864691135861340264,337669,inhibitory,MartFam,0.95,MartFam-g,0.5,matched_by_nucleus_id
864691135272069285,axon_partially_extended,305198,864691135912315561,305198,excitatory,L5ET,0.9,L5ETd,0.8666666666666667,matched_by_nucleus_id
864691135274038801,axon_fully_extended,294510,864691137022228334,294510,excitatory,L3,1.0,L3a,0.9666666666666667,matched_by_nucleus_id
864691135274816017,axon_partially_extended,260743,864691135726995371,260743,excitatory,L4,0.95,L4b,0.8666666666666667,matched_by_nucleus_id
864691135274860817,axon_partially_extended,298895,864691136743239516,298895,excitatory,L4,1.0,L4a,0.9,matched_by_nucleus_id
864691135280682401,axon_partially_extended,296779,864691135361231448,296779,excitatory,L4,0.95,L4b,0.7333333333333333,matched_by_nucleus_id
864691135281109665,axon_fully_extended,301375,864691135861292904,301375,inhibitory,BasketFam,1.0,BasketFam-g,0.4,matched_by_nucleus_id
864691135294187190,axon_partially_extended,296806,864691136007339466,296806,excitatory,L4,1.0,L4b,0.23333333333333334,matched_by_nucleus_id
864691135294194358,axon_fully_extended,,,,,,,,,no_v1718_nucleus
864691135294520844,axon_partially_extended,296508,864691135343752901,296508,excitatory,L4,1.0,L4d,0.3333333333333333,matched_by_nucleus_id
864691135295103500,axon_partially_extended,226662,864691136906199986,226662,excitatory,L4,1.0,L4a,0.7666666666666667,matched_by_nucleus_id
864691135304641703,axon_partially_extended,256509,864691135405794030,256509,excitatory,L2,0.9,L2b,0.9333333333333333,matched_by_nucleus_id
864691135309290822,axon_partially_extended,258361,864691135465329565,258361,excitatory,L3,0.8,L3a,0.8666666666666667,matched_by_nucleus_id
864691135309628742,axon_fully_extended,301029,864691135325561500,301029,excitatory,L5,0.95,L5a,0.7666666666666667,matched_by_nucleus_id
864691135325263004,axon_partially_extended,294536,864691135720809265,294536,excitatory,L3,1.0,L3a,0.9666666666666667,matched_by_nucleus_id
864691135325426076,axon_partially_extended,307147,864691137199973441,307147,inhibitory,MartFam,1.0,MartFam-o,0.9666666666666667,matched_by_nucleus_id
864691135325487004,axon_partially_extended,296598,864691136976247324,296598,excitatory,L3,0.65,L3a,0.6666666666666666,matched_by_nucleus_id
864691135335937513,axon_partially_extended,296634,864691136053784307,296634,excitatory,L3,0.65,L3a,0.7,matched_by_nucleus_id
864691135336847849,axon_fully_extended,256470,864691136010802860,256470,excitatory,L2,1.0,L2a,1.0,matched_by_nucleus_id
864691135336954857,axon_fully_extended,262823,864691135989702915,262823,excitatory,L4,1.0,L4a,0.9333333333333333,matched_by_nucleus_id
864691135339600102,axon_partially_extended,298772,864691136108584921,298772,excitatory,L5,0.15,L5a,0.06666666666666667,matched_by_nucleus_id
864691135342541509,axon_partially_extended,260555,864691136238801935,260555,excitatory,L4,1.0,L4a,1.0,matched_by_nucleus_id
864691135342594225,axon_partially_extended,291339,864691135015795606,291339,excitatory,L2,1.0,L2b,1.0,matched_by_nucleus_id
864691135343818161,axon_partially_extended,292655,864691135196612650,292655,excitatory,L2,0.4,L2b,0.3333333333333333,matched_by_nucleus_id
864691135349839831,axon_partially_extended,258243,864691135410137545,258243,excitatory,L3,1.0,L3a,1.0,matched_by_nucleus_id
864691135351159255,axon_fully_extended,,,,,,,,,no_v1718_nucleus
864691135357351375,axon_partially_extended,299060,864691135892355977,299060,excitatory,L4,1.0,L4b,0.6333333333333333,matched_by_nucleus_id
864691135359413848,axon_partially_extended,262692,864691136229440081,262692,inhibitory,BipFam,1.0,BipFam-j,1.0,matched_by_nucleus_id
864691135362357319,axon_partially_extended,258234,864691136675971207,258234,inhibitory,BasketFam,1.0,BasketFam-e,0.23333333333333334,matched_by_nucleus_id
864691135375351369,axon_partially_extended,296725,864691136314539069,296725,excitatory,L4,0.55,L4a,0.43333333333333335,matched_by_nucleus_id
864691135375745736,axon_partially_extended,255213,864691135703274363,255213,excitatory,L2,0.95,L2b,0.8666666666666667,matched_by_nucleus_id
864691135384292843,axon_partially_extended,296661,864691135949096801,296661,excitatory,L4,0.9,L4b,0.4666666666666667,matched_by_nucleus_id
864691135386940245,axon_partially_extended,258281,864691137056527478,258281,inhibitory,BipFam,1.0,BipFam-j,0.8333333333333334,matched_by_nucleus_id
864691135386963541,axon_partially_extended,363820,864691135577868318,363820,excitatory,L4,1.0,L4b,0.9,matched_by_nucleus_id
864691135387277397,axon_fully_extended,,,,,,,,,no_v1718_nucleus
864691135387513685,axon_partially_extended,260629,864691135942123174,260629,excitatory,L4,1.0,L4a,1.0,matched_by_nucleus_id
864691135387988609,axon_partially_extended,260592,864691135577919006,260592,excitatory,L3,0.85,L3a,0.8,matched_by_nucleus_id
864691135388675969,axon_partially_extended,305197,864691135309907014,305197,excitatory,L6IT,0.55,L6ITa,0.13333333333333333,matched_by_nucleus_id
864691135395833333,axon_partially_extended,292675,864691136438849182,292675,inhibitory,BipFam,0.95,BipFam-e,0.5333333333333333,matched_by_nucleus_id
864691135396720885,axon_partially_extended,333030,864691135840144019,333030,inhibitory,BasketFam,1.0,BasketFam-f,0.1,matched_by_nucleus_id
864691135398746401,axon_fully_extended,330171,864691135060992155,330171,inhibitory,MartFam,1.0,MartFam-d,0.5666666666666667,matched_by_nucleus_id
864691135398805281,axon_partially_extended,256521,864691135928503566,256521,excitatory,L3,0.65,L3a,0.5666666666666667,matched_by_nucleus_id
864691135405626862,axon_partially_extended,292842,864691135641489723,292842,excitatory,L2,0.25,L2a,0.4,matched_by_nucleus_id
864691135408788169,axon_partially_extended,298762,864691136211461564,298762,excitatory,L4,1.0,L4a,0.7,matched_by_nucleus_id
864691135409760457,axon_partially_extended,255260,864691135563095009,255260,inhibitory,BipFam,0.35,BipFam-a,0.26666666666666666,matched_by_nucleus_id
864691135409859785,axon_fully_extended,301236,864691136196458454,301236,excitatory,L5,0.95,L5b,0.9333333333333333,matched_by_nucleus_id
864691135431441968,axon_fully_extended,,,,,,,,,no_v1718_nucleus
864691135431648048,axon_partially_extended,262786,864691135662882544,262786,excitatory,L4,1.0,L4a,0.26666666666666666,matched_by_nucleus_id
864691135441799752,axon_fully_extended,292685,864691135410116041,292685,excitatory,L2,0.45,L2b,0.6333333333333333,matched_by_nucleus_id
864691135442598728,axon_fully_extended,333364,864691135728043839,333364,inhibitory,BasketFam,0.95,BasketFam-m,0.26666666666666666,matched_by_nucleus_id
864691135442606920,axon_partially_extended,256472,864691135573477101,256472,excitatory,L2,0.75,L2a,0.5666666666666667,matched_by_nucleus_id
864691135448017554,axon_partially_extended,292669,864691135294633654,292669,inhibitory,BasketFam,1.0,BasketFam-c,0.1,matched_by_nucleus_id
864691135448698196,axon_partially_extended,299070,864691135490635578,299070,excitatory,L5,0.45,L5a,0.2,matched_by_nucleus_id
864691135455507818,axon_partially_extended,260598,864691136276470285,260598,excitatory,L4,0.9,L4b,0.7666666666666667,matched_by_nucleus_id
864691135464991645,axon_fully_extended,,,,,,,,,no_v1718_nucleus
864691135465113157,axon_partially_extended,260842,864691134942659427,260842,excitatory,L4,1.0,L4a,0.9666666666666667,matched_by_nucleus_id
864691135465343045,axon_partially_extended,296668,864691135465162653,296668,excitatory,L4,0.95,L4b,0.9666666666666667,matched_by_nucleus_id
864691135465571653,axon_partially_extended,304955,864691135686768055,304955,excitatory,L6IT,0.95,L6ITb,0.8666666666666667,matched_by_nucleus_id
864691135465900101,axon_partially_extended,221113,864691136331537130,221113,inhibitory,BipFam,1.0,BipFam-g,0.23333333333333334,matched_by_nucleus_id
864691135465955397,axon_fully_extended,260649,864691135686800567,260649,excitatory,L3,1.0,L3a,1.0,matched_by_nucleus_id
864691135466158917,axon_partially_extended,258289,864691135281252001,258289,excitatory,L3,0.85,L3a,0.8,matched_by_nucleus_id
864691135469753426,axon_partially_extended,256331,864691136391132688,256331,excitatory,L3,0.9,L3a,0.9,matched_by_nucleus_id
864691135470154834,axon_partially_extended,305105,864691137022222702,305105,excitatory,L6IT,1.0,L6ITa,0.6666666666666666,matched_by_nucleus_id
864691135470255698,axon_fully_extended,,,,,,,,,no_v1718_nucleus
864691135470860370,axon_partially_extended,292964,864691135774518523,292964,inhibitory,BipFam,0.95,BipFam-d,0.6666666666666666,matched_by_nucleus_id
864691135474504498,axon_partially_extended,262654,864691135783322704,262654,excitatory,L4,1.0,L4c,0.06666666666666667,matched_by_nucleus_id
864691135476495936,axon_fully_extended,296510,864691134942699107,296510,excitatory,L4,0.6,L4b,0.7666666666666667,matched_by_nucleus_id
864691135477104960,axon_fully_extended,,,,,,,,,no_v1718_nucleus
864691135478429352,axon_fully_extended,262780,864691136275230142,262780,excitatory,L4,1.0,L4a,0.36666666666666664,matched_by_nucleus_id
864691135478434216,axon_fully_extended,294935,864691136331448810,294935,inhibitory,BasketFam,1.0,BasketFam-g,0.4,matched_by_nucleus_id
864691135480702662,axon_fully_extended,267240,864691135703282043,267240,inhibitory,MartFam,1.0,MartFam-f,0.5333333333333333,matched_by_nucleus_id
864691135480916422,axon_partially_extended,296750,864691135646928111,296750,excitatory,L4,1.0,L4b,0.1,matched_by_nucleus_id
864691135492888039,axon_fully_extended,262567,864691135928477966,262567,inhibitory,BasketFam,1.0,BasketFam-g,0.43333333333333335,matched_by_nucleus_id
864691135493051879,axon_partially_extended,294652,864691135866981246,294652,excitatory,L3,0.75,L3a,0.7,matched_by_nucleus_id
864691135493546591,axon_partially_extended,296739,864691136438820254,296739,excitatory,L4,1.0,L4a,0.7333333333333333,matched_by_nucleus_id
864691135495542672,axon_partially_extended,276440,,,,,,,,nucleus_absent_from_casey
864691135496440208,axon_partially_extended,258231,864691135619994255,258231,excitatory,L3,0.75,L3a,0.5,matched_by_nucleus_id
864691135496444816,axon_partially_extended,258249,864691136524371345,258249,inhibitory,BasketFam,1.0,BasketFam-d,0.6,matched_by_nucleus_id
864691135499752723,axon_fully_extended,265231,864691135689787360,265231,inhibitory,BasketFam,1.0,BasketFam-l,0.5,matched_by_nucleus_id
864691135502885954,axon_partially_extended,291179,864691136485017900,291179,excitatory,L2,1.0,L2b,1.0,matched_by_nucleus_id
864691135503004765,axon_partially_extended,256543,864691135726965419,256543,inhibitory,BipFam,0.95,BipFam-i,0.7333333333333333,matched_by_nucleus_id
864691135503344477,axon_partially_extended,296416,864691135611869191,296416,excitatory,L4,1.0,L4a,0.9666666666666667,matched_by_nucleus_id
864691135504081986,axon_partially_extended,255214,864691135135109792,255214,excitatory,L2,1.0,L2a,1.0,matched_by_nucleus_id
864691135504168285,axon_partially_extended,298809,864691135443029320,298809,excitatory,L4,0.95,L4b,0.43333333333333335,matched_by_nucleus_id
864691135504203357,axon_fully_extended,299084,864691135868169349,299084,excitatory,L4,1.0,L4a,0.6666666666666666,matched_by_nucleus_id
864691135510406921,axon_partially_extended,296743,864691135084242935,296743,excitatory,L3,0.7,L3a,0.7333333333333333,matched_by_nucleus_id
864691135511486985,axon_fully_extended,298873,864691135235532121,298873,excitatory,L4,1.0,L4a,0.8666666666666667,matched_by_nucleus_id
864691135511977680,axon_partially_extended,296611,864691135596133931,296611,excitatory,L4,0.5,L4b,0.5666666666666667,matched_by_nucleus_id
864691135520064650,axon_fully_extended,294661,864691135215434552,294661,excitatory,L3,0.95,L3a,0.9,matched_by_nucleus_id
864691135520105354,axon_partially_extended,260623,864691135275003153,260623,excitatory,L3,0.95,L3a,0.9666666666666667,matched_by_nucleus_id
864691135540272498,axon_partially_extended,292734,864691135997673642,292734,excitatory,L2,1.0,L2a,0.9333333333333333,matched_by_nucleus_id
864691135546161704,axon_partially_extended,260543,864691135774581835,260543,excitatory,L4,1.0,L4b,0.9666666666666667,matched_by_nucleus_id
864691135546797608,axon_partially_extended,301101,864691135703219067,301101,inhibitory,BasketFam,0.95,BasketFam-a,0.23333333333333334,matched_by_nucleus_id
864691135562052065,axon_partially_extended,258213,864691136268889588,258213,excitatory,L4,0.15,L4b,0.3,matched_by_nucleus_id
864691135562780385,axon_fully_extended,291304,864691136524481937,291304,excitatory,L2,1.0,L2b,0.9333333333333333,matched_by_nucleus_id
864691135562950369,axon_partially_extended,291376,864691135977823555,291376,inhibitory,BipFam,0.75,BipFam-i,0.4,matched_by_nucleus_id
864691135562975969,axon_fully_extended,256664,864691136137463691,256664,excitatory,L3,0.7,L3a,0.8333333333333334,matched_by_nucleus_id
864691135566824983,axon_fully_extended,256757,864691135892333961,256757,inhibitory,BipFam,1.0,BipFam-c,0.8333333333333334,matched_by_nucleus_id
864691135567059223,axon_fully_extended,298946,864691135258766767,298946,excitatory,L4,1.0,L4d,0.1,matched_by_nucleus_id
864691135570135020,axon_partially_extended,267180,864691136011868590,267180,excitatory,L6IT,0.8,L6ITa,0.5,matched_by_nucleus_id
864691135570301676,axon_partially_extended,262813,864691135892483721,262813,excitatory,L4,1.0,L4d,0.16666666666666666,matched_by_nucleus_id
864691135571192966,axon_partially_extended,264580,864691135662924784,264580,excitatory,L5,1.0,L5a,0.9333333333333333,matched_by_nucleus_id
864691135571546917,axon_partially_extended,264824,864691135785040691,264824,inhibitory,MartFam,0.9,MartFam-g,0.3,matched_by_nucleus_id
864691135573191405,axon_partially_extended,256512,864691135779111008,256512,excitatory,L2,0.6,L2b,0.5,matched_by_nucleus_id
864691135573245165,axon_partially_extended,256424,864691135465174846,256424,inhibitory,BasketFam,1.0,BasketFam-d,0.36666666666666664,matched_by_nucleus_id
864691135573327085,axon_partially_extended,296551,864691135579466245,296551,excitatory,L3,0.5,L3a,0.4666666666666667,matched_by_nucleus_id
864691135576872222,axon_partially_extended,296742,864691136485237036,296742,excitatory,L4,1.0,L4b,0.8333333333333334,matched_by_nucleus_id
864691135576881950,axon_partially_extended,260618,864691135465178430,260618,excitatory,L3,1.0,L3a,1.0,matched_by_nucleus_id
864691135577749022,axon_partially_extended,256606,864691136425794351,256606,excitatory,L2,0.8,L2b,0.8,matched_by_nucleus_id
864691135578360837,axon_partially_extended,330600,864691135991162112,330600,excitatory,L4,0.85,L4b,0.4666666666666667,matched_by_nucleus_id
864691135584504429,axon_fully_extended,258391,864691135389328769,258391,excitatory,L2,1.0,L2a,1.0,matched_by_nucleus_id
864691135584625773,axon_partially_extended,260745,864691135357517007,260745,excitatory,L3,0.45,L3a,0.5333333333333333,matched_by_nucleus_id
864691135584629613,axon_partially_extended,256423,864691137022200942,256423,excitatory,L2,0.95,L2b,0.9,matched_by_nucleus_id
864691135584646253,axon_fully_extended,258403,864691135469856396,258403,excitatory,L3,0.85,L3a,0.7,matched_by_nucleus_id
864691135586022264,axon_fully_extended,230575,864691136373149064,230575,inhibitory,BasketFam,1.0,BasketFam-r,0.03333333333333333,matched_by_nucleus_id
864691135587622268,axon_partially_extended,330299,864691135989742595,330299,inhibitory,BipFam,0.9,BipFam-k,0.5,matched_by_nucleus_id
864691135587771772,axon_partially_extended,299042,864691135971552101,299042,excitatory,L4,0.9,L4c,0.3,matched_by_nucleus_id
864691135591041291,axon_fully_extended,222998,864691136392909695,222998,excitatory,L2,0.4,L2b,0.5,matched_by_nucleus_id
864691135591664907,axon_partially_extended,296762,864691135656799682,296762,excitatory,L4,0.95,L4b,0.7,matched_by_nucleus_id
864691135591726603,axon_partially_extended,299071,864691135756378061,299071,excitatory,L4,0.75,L4d,0.26666666666666666,matched_by_nucleus_id
864691135592789259,axon_partially_extended,291480,864691136438854814,291480,inhibitory,BipFam,1.0,BipFam-d,0.23333333333333334,matched_by_nucleus_id
864691135611019015,axon_partially_extended,260729,864691135369764601,260729,excitatory,L4,1.0,L4b,0.6,matched_by_nucleus_id
864691135616183499,axon_partially_extended,264786,864691135469895308,264786,inhibitory,BasketFam,1.0,BasketFam-i,0.4666666666666667,matched_by_nucleus_id
864691135619756943,axon_partially_extended,258322,864691135295414796,258322,excitatory,L3,1.0,L3a,0.9333333333333333,matched_by_nucleus_id
864691135640297787,axon_partially_extended,260647,864691135948962401,260647,excitatory,L4,0.9,L4b,0.8333333333333334,matched_by_nucleus_id
864691135640929595,axon_partially_extended,307144,864691136489775378,307144,excitatory,L6CT,0.55,L6CTa,0.4666666666666667,matched_by_nucleus_id
864691135646493679,axon_fully_extended,301203,864691135840099987,301203,excitatory,L5,0.65,L5b,0.7666666666666667,matched_by_nucleus_id
864691135646775791,axon_partially_extended,294549,864691135362452039,294549,excitatory,L4,0.15,L4a,0.1,matched_by_nucleus_id
864691135646806255,axon_partially_extended,294663,864691136665216990,294663,excitatory,L3,1.0,L3a,0.9666666666666667,matched_by_nucleus_id
864691135655894978,axon_partially_extended,260536,864691135281185697,260536,excitatory,L4,0.85,L4b,0.5666666666666667,matched_by_nucleus_id
864691135656578242,axon_fully_extended,292837,864691136438775966,292837,excitatory,L2,1.0,L2a,1.0,matched_by_nucleus_id
864691135659538306,axon_fully_extended,,,,,,,,,no_v1718_nucleus
864691135659566210,axon_partially_extended,260612,864691135641505339,260612,excitatory,L4,0.95,L4b,0.7333333333333333,matched_by_nucleus_id
864691135662774512,axon_partially_extended,260433,864691135388015445,260433,excitatory,L3,0.75,L3a,0.7,matched_by_nucleus_id
864691135685030130,axon_fully_extended,,,,,,,,,no_v1718_nucleus
864691135685087474,axon_partially_extended,256510,864691135858526510,256510,excitatory,L3,0.65,L3a,0.5666666666666667,matched_by_nucleus_id
864691135685250546,axon_fully_extended,333180,864691135948942433,333180,inhibitory,BasketFam,1.0,BasketFam-l,0.36666666666666664,matched_by_nucleus_id
864691135685620210,axon_partially_extended,260713,864691136299162907,260713,excitatory,L4,0.6,L4b,0.6333333333333333,matched_by_nucleus_id
864691135688387040,axon_partially_extended,260690,864691135689734624,260690,excitatory,L3,1.0,L3a,0.9666666666666667,matched_by_nucleus_id
864691135689015264,axon_fully_extended,,,,,,,,,no_v1718_nucleus
864691135689296608,axon_partially_extended,296738,864691135496498320,296738,inhibitory,BasketFam,1.0,BasketFam-i,0.8,matched_by_nucleus_id
864691135694189759,axon_partially_extended,309278,864691135940017461,309278,excitatory,L6CT,0.85,L6CTc,0.23333333333333334,matched_by_nucleus_id
864691135694246079,axon_partially_extended,296648,864691135397124341,296648,excitatory,L3,1.0,L3a,1.0,matched_by_nucleus_id
864691135694264511,axon_partially_extended,296760,864691136619775451,296760,excitatory,L4,0.85,L4b,0.7666666666666667,matched_by_nucleus_id
864691135699301397,axon_partially_extended,303135,864691136120973336,303135,excitatory,L5ET,0.15,L5ETb,0.1,matched_by_nucleus_id
864691135700757026,axon_partially_extended,267015,864691136954123487,267015,inhibitory,BasketFam,0.8,BasketFam-m,0.3,matched_by_nucleus_id
864691135701629474,axon_partially_extended,292838,864691135465173054,292838,excitatory,L2,0.55,L2b,0.5,matched_by_nucleus_id
864691135703016059,axon_fully_extended,333396,864691135811766220,333396,inhibitory,MartFam,1.0,MartFam-e,0.3,matched_by_nucleus_id
864691135703164283,axon_partially_extended,299034,864691135389371265,299034,excitatory,L4,1.0,L4a,0.9,matched_by_nucleus_id
864691135717163802,axon_partially_extended,256522,864691135165108269,256522,excitatory,L2,0.9,L2b,0.9,matched_by_nucleus_id
864691135717386266,axon_partially_extended,260516,864691135376410441,260516,excitatory,L3,0.85,L3a,0.9,matched_by_nucleus_id
864691135725842603,axon_partially_extended,296513,864691135385310443,296513,excitatory,L4,1.0,L4b,0.8666666666666667,matched_by_nucleus_id
864691135725920939,axon_partially_extended,260504,864691135867057372,260504,excitatory,L4,1.0,L4a,0.9666666666666667,matched_by_nucleus_id
864691135727790911,axon_partially_extended,294570,864691135929229780,294570,excitatory,L3,0.95,L3a,0.9,matched_by_nucleus_id
864691135727867967,axon_partially_extended,292680,864691135337004777,292680,excitatory,L2,0.25,L2b,0.3333333333333333,matched_by_nucleus_id
864691135727907391,axon_fully_extended,255212,864691136453523455,255212,excitatory,L2,1.0,L2a,1.0,matched_by_nucleus_id
864691135727961663,axon_fully_extended,363583,864691136238777871,363583,excitatory,L4,1.0,L4b,0.43333333333333335,matched_by_nucleus_id
864691135731679929,axon_partially_extended,294671,864691135272285093,294671,excitatory,L3,1.0,L3a,1.0,matched_by_nucleus_id
864691135732518585,axon_fully_extended,292718,864691135469963148,292718,excitatory,L2,1.0,L2a,1.0,matched_by_nucleus_id
864691135741197716,axon_partially_extended,262872,864691136580071188,262872,excitatory,L4,1.0,L4d,0.23333333333333334,matched_by_nucleus_id
864691135741641876,axon_fully_extended,262427,864691136010803628,262427,inhibitory,BasketFam,1.0,BasketFam-f,0.4,matched_by_nucleus_id
864691135741930603,axon_partially_extended,258382,864691135971743845,258382,excitatory,L4,0.75,L4a,0.7666666666666667,matched_by_nucleus_id
864691135741963627,axon_partially_extended,296619,864691136814699379,296619,excitatory,L4,1.0,L4a,0.6666666666666666,matched_by_nucleus_id
864691135742677867,axon_partially_extended,256370,864691135520170378,256370,inhibitory,BipFam,1.0,BipFam-e,0.4,matched_by_nucleus_id
864691135742756203,axon_partially_extended,258363,864691135616651211,258363,excitatory,L3,0.8,L3a,1.0,matched_by_nucleus_id
864691135742824555,axon_partially_extended,262558,864691135376408649,262558,inhibitory,BipFam,1.0,BipFam-i,0.5,matched_by_nucleus_id
864691135743102827,axon_fully_extended,294583,864691135431909680,294583,excitatory,L3,0.25,L3a,0.23333333333333334,matched_by_nucleus_id
864691135750649129,axon_partially_extended,363488,864691136381462229,363488,excitatory,L4,1.0,L4c,0.43333333333333335,matched_by_nucleus_id
864691135750958889,axon_partially_extended,296503,864691136580085012,296503,excitatory,L4,0.6,L4b,0.6,matched_by_nucleus_id
864691135751110185,axon_partially_extended,260651,864691135886393456,260651,excitatory,L4,0.8,L4b,0.7666666666666667,matched_by_nucleus_id
864691135755605197,axon_fully_extended,,,,,,,,,no_v1718_nucleus
864691135756148685,axon_partially_extended,303032,864691134966872095,303032,excitatory,L5ET,1.0,L5ETc,0.8666666666666667,matched_by_nucleus_id
864691135756319186,axon_partially_extended,396252,864691135309922374,396252,excitatory,L4,1.0,L4a,0.6,matched_by_nucleus_id
864691135760050254,axon_partially_extended,294359,864691135215489592,294359,excitatory,L3,0.85,L3a,0.8666666666666667,matched_by_nucleus_id
864691135760106830,axon_partially_extended,296734,864691137200012353,296734,excitatory,L4,0.95,L4b,0.7666666666666667,matched_by_nucleus_id
864691135765013302,axon_partially_extended,260648,864691136336274867,260648,excitatory,L4,0.9,L4b,0.43333333333333335,matched_by_nucleus_id
864691135772774651,axon_partially_extended,260541,864691136675929479,260541,inhibitory,MartFam,1.0,MartFam-d,0.6666666666666666,matched_by_nucleus_id
864691135774127611,axon_partially_extended,258154,864691135779146080,258154,inhibitory,BipFam,1.0,BipFam-j,1.0,matched_by_nucleus_id
864691135774294603,axon_partially_extended,267299,864691135135106464,267299,excitatory,L5ET,0.8,L5ETb,0.6,matched_by_nucleus_id
864691135778081453,axon_fully_extended,,,,,,,,,no_v1718_nucleus
864691135778954848,axon_partially_extended,260552,864691135084244727,260552,excitatory,L4,1.0,L4a,0.5333333333333333,matched_by_nucleus_id
864691135779629245,axon_partially_extended,292829,864691136276454413,292829,excitatory,L2,0.55,L2a,0.5333333333333333,matched_by_nucleus_id
864691135779780797,axon_fully_extended,263172,864691135442839112,263172,inhibitory,MartFam,1.0,MartFam-e,0.5333333333333333,matched_by_nucleus_id
864691135782156880,axon_partially_extended,294568,864691135783400016,294568,excitatory,L3,0.8,L3a,0.8666666666666667,matched_by_nucleus_id
864691135782241616,axon_partially_extended,258217,864691136197172556,258217,excitatory,L3,0.85,L3a,0.8666666666666667,matched_by_nucleus_id
864691135782506832,axon_partially_extended,260621,864691135563052513,260621,excitatory,L4,1.0,L4a,0.7333333333333333,matched_by_nucleus_id
864691135782542416,axon_partially_extended,294651,864691136976126492,294651,excitatory,L3,1.0,L3a,1.0,matched_by_nucleus_id
864691135782873936,axon_fully_extended,,,,,,,,,no_v1718_nucleus
864691135783308368,axon_partially_extended,296785,864691135388068181,296785,excitatory,L4,1.0,L4b,0.1,matched_by_nucleus_id
864691135783317840,axon_fully_extended,,,,,,,,,no_v1718_nucleus
864691135784960307,axon_fully_extended,256647,864691135431854640,256647,excitatory,L2,0.45,L2a,0.36666666666666664,matched_by_nucleus_id
864691135802215266,axon_partially_extended,307001,864691135504122690,307001,excitatory,L6CT,1.0,L6CTc,0.9333333333333333,matched_by_nucleus_id
864691135810473245,axon_partially_extended,296612,864691135942322433,296612,excitatory,L4,0.8,L4a,0.5,matched_by_nucleus_id
864691135810495005,axon_fully_extended,299131,864691135357429199,299131,inhibitory,BasketFam,1.0,BasketFam-k,0.6,matched_by_nucleus_id
864691135810773452,axon_partially_extended,296540,864691135389266561,296540,excitatory,L3,0.7,L3a,0.7666666666666667,matched_by_nucleus_id
864691135810803660,axon_partially_extended,309274,864691135325567644,309274,excitatory,L6CT,1.0,L6CTc,0.6333333333333333,matched_by_nucleus_id
864691135838788755,axon_partially_extended,296377,864691135703276155,296377,excitatory,L4,1.0,L4c,0.2,matched_by_nucleus_id
864691135839932307,axon_fully_extended,291124,864691135571584902,291124,excitatory,L2,1.0,L2b,0.8333333333333334,matched_by_nucleus_id
864691135839979667,axon_partially_extended,303149,864691135015322614,303149,inhibitory,MartFam,1.0,MartFam-g,0.43333333333333335,matched_by_nucleus_id
864691135840033171,axon_partially_extended,262779,864691135465182014,262779,inhibitory,NglFam,1.0,NglFam-f,0.16666666666666666,matched_by_nucleus_id
864691135849640798,axon_partially_extended,296504,864691136665210846,296504,excitatory,L3,0.8,L3a,0.7,matched_by_nucleus_id
864691135849699166,axon_partially_extended,301083,864691135573450789,301083,excitatory,L4,0.55,L4b,0.2,matched_by_nucleus_id
864691135865774206,axon_partially_extended,260624,864691135015352054,260624,excitatory,L4,0.95,L4b,0.36666666666666664,matched_by_nucleus_id
864691135866427006,axon_partially_extended,267185,864691135942028198,267185,excitatory,L5,1.0,L5a,0.8333333333333334,matched_by_nucleus_id
864691135866576604,axon_partially_extended,296727,864691137022342766,296727,excitatory,L3,0.95,L3a,0.9666666666666667,matched_by_nucleus_id
864691135866821340,axon_partially_extended,,,,,,,,,no_v1718_nucleus
864691135867532933,axon_partially_extended,307112,864691135977914691,307112,excitatory,L6IT,1.0,L6ITa,0.43333333333333335,matched_by_nucleus_id
864691135867984005,axon_partially_extended,296517,864691135496495248,296517,excitatory,L4,1.0,L4a,1.0,matched_by_nucleus_id
864691135868386070,axon_partially_extended,296745,864691135641518395,296745,excitatory,L4,1.0,L4a,1.0,matched_by_nucleus_id
864691135875777166,axon_partially_extended,301227,864691136381454549,301227,inhibitory,BasketFam,0.95,BasketFam-m,0.5666666666666667,matched_by_nucleus_id
864691135875919502,axon_partially_extended,260505,864691136275309502,260505,inhibitory,MartFam,1.0,MartFam-d,0.5666666666666667,matched_by_nucleus_id
864691135878407251,axon_partially_extended,232688,864691135949030753,232688,inhibitory,BasketFam,1.0,BasketFam-p,0.4666666666666667,matched_by_nucleus_id
864691135878586963,axon_fully_extended,,,,,,,,,no_v1718_nucleus
864691135885623408,axon_partially_extended,307021,864691136240029756,307021,excitatory,L6IT,0.95,L6ITb,0.8333333333333334,matched_by_nucleus_id
864691135885911920,axon_partially_extended,294694,864691134950395132,294694,excitatory,L3,1.0,L3a,0.9,matched_by_nucleus_id
864691135885921648,axon_partially_extended,258388,864691135384950234,258388,excitatory,L3,0.9,L3a,0.7,matched_by_nucleus_id
864691135886208112,axon_partially_extended,294534,864691136336426419,294534,excitatory,L4,0.85,L4a,0.3,matched_by_nucleus_id
864691135886314096,axon_partially_extended,262886,864691136091777847,262886,excitatory,L4,1.0,L4c,0.2,matched_by_nucleus_id
864691135920591792,axon_fully_extended,296580,864691137200004161,296580,inhibitory,BasketFam,1.0,BasketFam-f,0.5,matched_by_nucleus_id
864691135928029966,axon_partially_extended,,,,,,,,,no_v1718_nucleus
864691135929072340,axon_fully_extended,302968,864691135616639947,302968,excitatory,L5,0.9,L5b,0.7333333333333333,matched_by_nucleus_id
864691135938925109,axon_partially_extended,309479,864691136118983844,309479,excitatory,L6CT,1.0,L6CTc,0.8,matched_by_nucleus_id
864691135939049988,axon_partially_extended,296761,864691135774461179,296761,excitatory,L3,1.0,L3a,0.9666666666666667,matched_by_nucleus_id
864691135939949365,axon_fully_extended,262932,864691135579346437,262932,excitatory,L4,1.0,L4b,1.0,matched_by_nucleus_id
864691135941300993,axon_partially_extended,262800,864691136197127756,262800,excitatory,L4,1.0,L4b,0.8666666666666667,matched_by_nucleus_id
864691135941435393,axon_partially_extended,296547,864691135135075744,296547,excitatory,L4,0.95,L4a,0.7333333333333333,matched_by_nucleus_id
864691135941789606,axon_fully_extended,333268,864691136108656089,333268,inhibitory,BasketFam,1.0,BasketFam-g,0.26666666666666666,matched_by_nucleus_id
864691135941898918,axon_fully_extended,256874,864691135929178836,256874,inhibitory,MartFam,0.75,MartFam-c,0.5,matched_by_nucleus_id
864691135947139108,axon_partially_extended,325994,864691135943908980,325994,excitatory,L2,1.0,L2b,0.6333333333333333,matched_by_nucleus_id
864691135947258916,axon_partially_extended,256607,864691135442902856,256607,excitatory,L2,0.65,L2b,0.4666666666666667,matched_by_nucleus_id
864691135948123745,axon_partially_extended,267307,864691136381378005,267307,excitatory,L5ET,1.0,L5ETb,0.5,matched_by_nucleus_id
864691135970180709,axon_partially_extended,222507,864691136011776686,222507,excitatory,L2,1.0,L2a,1.0,matched_by_nucleus_id
864691135970293605,axon_partially_extended,307141,864691135611881223,307141,excitatory,L6CT,0.9,L6CTc,0.5,matched_by_nucleus_id
864691135988557315,axon_partially_extended,260542,864691135456920938,260542,excitatory,L4,0.1,L4b,0.13333333333333333,matched_by_nucleus_id
864691135988742147,axon_partially_extended,394760,864691135892440457,394760,excitatory,L4,1.0,L4b,0.43333333333333335,matched_by_nucleus_id
864691135989943040,axon_partially_extended,260705,864691134920077322,260705,excitatory,L3,1.0,L3a,1.0,matched_by_nucleus_id
864691135990134784,axon_partially_extended,260740,864691135662922224,260740,excitatory,L3,0.7,L3a,0.7,matched_by_nucleus_id
864691135990701056,axon_partially_extended,260556,864691135742137492,260556,excitatory,L4,1.0,L4a,0.7,matched_by_nucleus_id
864691135993020097,axon_partially_extended,256507,864691135474641458,256507,excitatory,L2,1.0,L2a,1.0,matched_by_nucleus_id
864691135993150913,axon_partially_extended,292708,864691135215092352,292708,excitatory,L3,0.95,L3a,0.9666666666666667,matched_by_nucleus_id
864691135993185985,axon_partially_extended,269834,864691135971696741,269834,inhibitory,BasketFam,1.0,BasketFam-p,0.43333333333333335,matched_by_nucleus_id
864691135996177834,axon_partially_extended,296783,864691135587797884,296783,excitatory,L3,0.65,L3a,0.6666666666666666,matched_by_nucleus_id
864691135997428394,axon_fully_extended,,,,,,,,,no_v1718_nucleus
864691136006393034,axon_partially_extended,296735,864691136111608504,296735,inhibitory,MartFam,1.0,MartFam-d,0.13333333333333333,matched_by_nucleus_id
864691136010027182,axon_partially_extended,303158,864691135362513991,303158,excitatory,L5,1.0,L5c,0.8666666666666667,matched_by_nucleus_id
864691136011768494,axon_partially_extended,262892,864691136196418518,262892,excitatory,L4,1.0,L4a,0.9666666666666667,matched_by_nucleus_id
864691136012739747,axon_partially_extended,260632,864691135616533451,260632,excitatory,L4,1.0,L4a,0.9666666666666667,matched_by_nucleus_id
864691136021595384,axon_partially_extended,262805,864691135490636090,262805,inhibitory,BasketFam,1.0,BasketFam-k,0.3333333333333333,matched_by_nucleus_id
864691136021865976,axon_partially_extended,296641,864691135274968337,296641,excitatory,L4,0.9,L4a,0.5666666666666667,matched_by_nucleus_id
864691136033871035,axon_fully_extended,,,,,,,,,no_v1718_nucleus
864691136034181307,axon_partially_extended,296602,864691135470886738,296602,excitatory,L4,1.0,L4a,0.8,matched_by_nucleus_id
864691136034482107,axon_partially_extended,292721,864691135492861287,292721,inhibitory,BipFam,0.2,BipFam-c,0.03333333333333333,matched_by_nucleus_id
864691136040742142,axon_partially_extended,294649,864691135739751793,294649,inhibitory,BasketFam,1.0,BasketFam-f,0.23333333333333334,matched_by_nucleus_id
864691136042688854,axon_partially_extended,307343,864691135478577576,307343,excitatory,L6CT,0.55,L6CTa,0.4666666666666667,matched_by_nucleus_id
864691136052637171,axon_partially_extended,260699,864691135573516581,260699,excitatory,L4,1.0,L4b,0.8666666666666667,matched_by_nucleus_id
864691136053350131,axon_fully_extended,,,,,,,,,no_v1718_nucleus
864691136053465587,axon_partially_extended,294502,864691135686818743,294502,excitatory,L2,0.95,L2a,0.8666666666666667,matched_by_nucleus_id
864691136057790424,axon_partially_extended,306954,864691135785055027,306954,excitatory,L6CT,0.55,L6CTa,0.36666666666666664,matched_by_nucleus_id
864691136058602712,axon_fully_extended,,,,,,,,,no_v1718_nucleus
864691136058745048,axon_fully_extended,299068,864691135481148614,299068,excitatory,L4,1.0,L4b,1.0,matched_by_nucleus_id
864691136058895576,axon_fully_extended,298951,864691135442905672,298951,excitatory,L4,1.0,L4d,0.6333333333333333,matched_by_nucleus_id
864691136067404440,axon_partially_extended,368218,864691136240041532,368218,inhibitory,MartFam,0.8,MartFam-g,0.43333333333333335,matched_by_nucleus_id
864691136085781356,axon_partially_extended,262775,864691135774607179,262775,excitatory,L4,1.0,L4a,0.9666666666666667,matched_by_nucleus_id
864691136086088556,axon_partially_extended,361588,864691135943943540,361588,excitatory,L3,1.0,L3a,0.9666666666666667,matched_by_nucleus_id
864691136086632812,axon_partially_extended,292890,864691137056564086,292890,inhibitory,NglFam,1.0,NglFam-e,0.5666666666666667,matched_by_nucleus_id
864691136091233847,axon_fully_extended,,,,,,,,,no_v1718_nucleus
864691136093003700,axon_fully_extended,301240,864691135660167554,301240,excitatory,L5,1.0,L5b,0.8333333333333334,matched_by_nucleus_id
864691136101340021,axon_partially_extended,260518,864691135686656951,260518,excitatory,L4,0.85,L4b,0.3,matched_by_nucleus_id
864691136101341045,axon_partially_extended,299056,864691135165150509,299056,excitatory,L4,0.95,L4b,0.7,matched_by_nucleus_id
864691136102330485,axon_fully_extended,291112,864691136197033548,291112,excitatory,L2,1.0,L2a,0.7,matched_by_nucleus_id
864691136108378073,axon_partially_extended,296386,864691135954783011,296386,excitatory,L4,1.0,L4a,1.0,matched_by_nucleus_id
864691136108410329,axon_partially_extended,292719,864691136108586969,292719,excitatory,L2,1.0,L2a,0.9666666666666667,matched_by_nucleus_id
864691136108462553,axon_partially_extended,260746,864691135470942290,260746,excitatory,L4,1.0,L4b,0.9333333333333333,matched_by_nucleus_id
864691136110765496,axon_fully_extended,269414,864691135616576715,269414,inhibitory,MartFam,1.0,MartFam-k,0.7333333333333333,matched_by_nucleus_id
864691136111294392,axon_partially_extended,296665,864691135361234776,296665,excitatory,L4,1.0,L4b,1.0,matched_by_nucleus_id
864691136118294692,axon_fully_extended,,,,,,,,,no_v1718_nucleus
864691136118337956,axon_partially_extended,260817,864691136240071996,260817,excitatory,L4,0.95,L4c,0.5333333333333333,matched_by_nucleus_id
864691136118686884,axon_partially_extended,296531,864691135309786950,296531,excitatory,L4,0.75,L4b,0.5666666666666667,matched_by_nucleus_id
864691136118771108,axon_partially_extended,301119,864691135212576960,301119,excitatory,L4,0.85,L4d,0.36666666666666664,matched_by_nucleus_id
864691136118921124,axon_partially_extended,296419,864691135277645029,296419,excitatory,L4,1.0,L4b,1.0,matched_by_nucleus_id
864691136120465944,axon_fully_extended,,,,,,,,,no_v1718_nucleus
864691136137794941,axon_partially_extended,303100,864691135493699935,303100,excitatory,L5ET,0.55,L5ETd,0.3,matched_by_nucleus_id
864691136138779517,axon_fully_extended,256456,864691135810666525,256456,excitatory,L2,1.0,L2b,0.9666666666666667,matched_by_nucleus_id
864691136138803837,axon_partially_extended,258292,864691137199914561,258292,inhibitory,BasketFam,1.0,BasketFam-c,0.13333333333333333,matched_by_nucleus_id
864691136145494068,axon_fully_extended,296421,864691135853244359,296421,inhibitory,BasketFam,1.0,BasketFam-f,0.5333333333333333,matched_by_nucleus_id
864691136177029382,axon_partially_extended,271778,864691135344099761,271778,excitatory,L6IT,1.0,L6ITa,0.4,matched_by_nucleus_id
864691136177778950,axon_partially_extended,256548,864691135443022152,256548,excitatory,L3,0.95,L3a,0.8333333333333334,matched_by_nucleus_id
864691136177799686,axon_partially_extended,260533,864691135567137111,260533,excitatory,L4,1.0,L4a,1.0,matched_by_nucleus_id
864691136195798504,axon_partially_extended,303174,864691136229412689,303174,excitatory,L5ET,0.85,L5ETc,0.23333333333333334,matched_by_nucleus_id
864691136196265704,axon_fully_extended,260562,864691136240030268,260562,excitatory,L4,1.0,L4a,1.0,matched_by_nucleus_id
864691136196517452,axon_partially_extended,261049,864691135119991261,261049,excitatory,L4,1.0,L4b,0.9666666666666667,matched_by_nucleus_id
864691136210975676,axon_partially_extended,426555,864691135295423244,426555,excitatory,L4,1.0,L4a,0.6666666666666666,matched_by_nucleus_id
864691136228491601,axon_partially_extended,294589,864691135573503525,294589,excitatory,L4,0.7,L4b,0.6,matched_by_nucleus_id
864691136229186129,axon_fully_extended,256544,864691136312508506,256544,excitatory,L2,0.75,L2b,0.6333333333333333,matched_by_nucleus_id
864691136229366097,axon_partially_extended,264891,864691136619750619,264891,inhibitory,BasketFam,0.9,BasketFam-k,0.4666666666666667,matched_by_nucleus_id
864691136238679567,axon_fully_extended,258352,864691136137419915,258352,excitatory,L3,0.8,L3a,0.7,matched_by_nucleus_id
864691136239859772,axon_partially_extended,296548,864691135385020122,296548,excitatory,L4,0.85,L4b,0.36666666666666664,matched_by_nucleus_id
864691136239980604,axon_partially_extended,262810,864691135369693945,262810,excitatory,L4,1.0,L4b,0.6,matched_by_nucleus_id
864691136268801012,axon_partially_extended,265036,864691135853297863,265036,inhibitory,BasketFam,1.0,BasketFam-d,0.3333333333333333,matched_by_nucleus_id
864691136274488254,axon_partially_extended,296533,864691135619935887,296533,excitatory,L4,1.0,L4a,0.7,matched_by_nucleus_id
864691136274655166,axon_partially_extended,260706,864691135102580256,260706,excitatory,L4,0.95,L4b,0.7333333333333333,matched_by_nucleus_id
864691136275364365,axon_partially_extended,614178,864691136288860867,614178,,L4,1.0,L4a,0.9,matched_by_nucleus_id
864691136288752835,axon_fully_extended,,,,,,,,,no_v1718_nucleus
864691136288755395,axon_fully_extended,,,,,,,,,no_v1718_nucleus
864691136314250813,axon_partially_extended,265201,864691135619958927,265201,inhibitory,MartFam,0.2,MartFam-h,0.03333333333333333,matched_by_nucleus_id
864691136314448701,axon_partially_extended,299157,864691136524441489,299157,excitatory,L4,1.0,L4a,0.5666666666666667,matched_by_nucleus_id
864691136330880234,axon_partially_extended,260622,864691135698460826,260622,inhibitory,MartFam,1.0,MartFam-d,0.9,matched_by_nucleus_id
864691136334080435,axon_partially_extended,583739,864691135757248466,583739,,L2,0.9,L2b,0.9333333333333333,matched_by_nucleus_id
864691136336039091,axon_fully_extended,296507,864691135135072160,296507,excitatory,L4,1.0,L4a,0.8,matched_by_nucleus_id
864691136336192947,axon_partially_extended,298930,864691135357411791,298930,inhibitory,BasketFam,1.0,BasketFam-f,0.26666666666666666,matched_by_nucleus_id
864691136363303138,axon_partially_extended,260615,864691136976202524,260615,excitatory,L4,1.0,L4a,1.0,matched_by_nucleus_id
864691136364187874,axon_fully_extended,262853,864691135662886384,262853,,,,,,casey_type_missing
864691136373008520,axon_partially_extended,258489,864691135739736689,258489,excitatory,L3,0.95,L3a,1.0,matched_by_nucleus_id
864691136390828919,axon_fully_extended,335486,864691135593200395,335486,inhibitory,MartFam,1.0,MartFam-f,0.36666666666666664,matched_by_nucleus_id
864691136391024144,axon_partially_extended,294561,864691135853288647,294561,inhibitory,NglFam,1.0,NglFam-f,0.5333333333333333,matched_by_nucleus_id
864691136392254847,axon_partially_extended,301031,864691135858603822,301031,excitatory,L6IT,0.9,L6ITa,0.9,matched_by_nucleus_id
864691136392785279,axon_partially_extended,296509,864691136438882974,296509,excitatory,L4,0.9,L4a,0.23333333333333334,matched_by_nucleus_id
864691136421279639,axon_partially_extended,292740,864691135878698579,292740,excitatory,L2,1.0,L2b,0.9666666666666667,matched_by_nucleus_id
864691136424439855,axon_partially_extended,332599,864691135994475713,332599,excitatory,L4,1.0,L4a,0.13333333333333333,matched_by_nucleus_id
864691136437631902,axon_partially_extended,265045,864691136392913023,265045,excitatory,L5ET,1.0,L5ETa,0.36666666666666664,matched_by_nucleus_id
864691136438216350,axon_fully_extended,299321,864691135135163552,299321,inhibitory,BasketFam,1.0,BasketFam-k,0.7,matched_by_nucleus_id
864691136438410654,axon_partially_extended,269818,864691135878764883,269818,inhibitory,BipFam,1.0,BipFam-j,0.9333333333333333,matched_by_nucleus_id
864691136438496158,axon_partially_extended,294375,864691135912410281,294375,excitatory,L2,0.75,L2b,0.8666666666666667,matched_by_nucleus_id
864691136438529438,axon_fully_extended,292664,864691135277751781,292664,excitatory,L2,1.0,L2a,1.0,matched_by_nucleus_id
864691136445215875,axon_fully_extended,291110,864691135720773937,291110,excitatory,L2,1.0,L2b,1.0,matched_by_nucleus_id
864691136453419007,axon_fully_extended,294584,864691135971527781,294584,excitatory,L3,1.0,L3a,0.8333333333333334,matched_by_nucleus_id
864691136453442303,axon_fully_extended,299083,864691135977114735,299083,excitatory,L4,1.0,L4a,0.9333333333333333,matched_by_nucleus_id
864691136484972332,axon_fully_extended,294822,864691135518444243,294822,excitatory,L3,0.95,L3a,0.8333333333333334,matched_by_nucleus_id
864691136485007404,axon_fully_extended,298872,864691135757242066,298872,excitatory,L4,1.0,L4d,0.23333333333333334,matched_by_nucleus_id
864691136489623826,axon_partially_extended,264849,864691135867049948,264849,inhibitory,BasketFam,1.0,BasketFam-f,0.43333333333333335,matched_by_nucleus_id
864691136523081105,axon_partially_extended,296741,864691136229435217,296741,excitatory,L4,1.0,L4a,0.8,matched_by_nucleus_id
864691136523288465,axon_partially_extended,330172,864691135616639691,330172,excitatory,L4,1.0,L4a,0.8666666666666667,matched_by_nucleus_id
864691136523472529,axon_partially_extended,301116,864691135586375544,301116,excitatory,L6IT,0.85,L6ITa,0.5333333333333333,matched_by_nucleus_id
864691136524282001,axon_partially_extended,292624,864691136120952088,292624,inhibitory,NglFam,1.0,NglFam-d,0.7666666666666667,matched_by_nucleus_id
864691136524297617,axon_partially_extended,296546,864691135728052799,296546,excitatory,L4,1.0,L4a,0.7,matched_by_nucleus_id
864691136579127060,axon_fully_extended,232635,864691135115402905,232635,excitatory,L5ET,1.0,L5ETc,0.4666666666666667,matched_by_nucleus_id
864691136579629844,axon_partially_extended,301115,864691136914617585,301115,excitatory,L4,0.9,L4d,0.16666666666666666,matched_by_nucleus_id
864691136580010516,axon_fully_extended,303085,864691135135053728,303085,inhibitory,MartFam,1.0,MartFam-f,0.26666666666666666,matched_by_nucleus_id
864691136596901026,axon_fully_extended,260596,864691135465163933,260596,excitatory,L4,1.0,L4b,0.5,matched_by_nucleus_id
864691136618553563,axon_partially_extended,260549,864691136619801307,260549,excitatory,L3,0.9,L3a,0.9333333333333333,matched_by_nucleus_id
864691136619693275,axon_partially_extended,300817,864691136268898292,300817,excitatory,L4,0.9,L4d,0.5666666666666667,matched_by_nucleus_id
864691136620914829,axon_fully_extended,260739,864691135376419401,260739,excitatory,L4,1.0,L4a,0.9,matched_by_nucleus_id
864691136674744199,axon_partially_extended,296910,864691135878708307,296910,excitatory,L4,1.0,L4b,0.36666666666666664,matched_by_nucleus_id
864691136742244188,axon_partially_extended,296511,864691135949132641,296511,excitatory,L4,1.0,L4a,0.8333333333333334,matched_by_nucleus_id
864691136813553523,axon_partially_extended,339947,864691135520154250,339947,inhibitory,BasketFam,0.95,BasketFam-q,0.2,matched_by_nucleus_id
864691136813937267,axon_partially_extended,292673,864691135520237450,292673,excitatory,L2,0.85,L2b,0.8,matched_by_nucleus_id
864691136814180211,axon_partially_extended,292826,864691136007308490,292826,excitatory,L2,0.95,L2b,0.9666666666666667,matched_by_nucleus_id
864691136913691121,axon_partially_extended,307222,,,,,,,,nucleus_absent_from_casey
864691136914445809,axon_fully_extended,292656,864691135325604252,292656,excitatory,L2,1.0,L2a,1.0,matched_by_nucleus_id
864691136914541041,axon_fully_extended,262996,864691135701882402,262996,excitatory,L4,1.0,L4d,0.8333333333333334,matched_by_nucleus_id
864691136927119946,axon_partially_extended,307049,864691135778808237,307049,excitatory,L6CT,1.0,L6CTc,0.36666666666666664,matched_by_nucleus_id
864691136927366986,axon_fully_extended,,,,,,,,,no_v1718_nucleus
864691136927801674,axon_partially_extended,298805,864691135756279757,298805,excitatory,L4,1.0,L4a,0.9666666666666667,matched_by_nucleus_id
864691136953197279,axon_partially_extended,363939,864691135774515531,363939,excitatory,L4,1.0,L4a,0.3333333333333333,matched_by_nucleus_id
864691136954019039,axon_partially_extended,296618,864691135942250753,296618,excitatory,L4,0.9,L4a,0.8333333333333334,matched_by_nucleus_id
864691136967985870,axon_partially_extended,307178,864691134942648675,307178,excitatory,L6CT,0.85,L6CTa,0.6,matched_by_nucleus_id
864691136968094158,axon_partially_extended,269502,864691135448350354,269502,excitatory,L6CT,0.35,L6CTa,0.43333333333333335,matched_by_nucleus_id
864691136968542926,axon_fully_extended,292643,864691135184294658,292643,excitatory,L3,0.25,L3a,0.3333333333333333,matched_by_nucleus_id
864691136968773070,axon_fully_extended,298953,864691135810552349,298953,excitatory,L4,1.0,L4b,0.5666666666666667,matched_by_nucleus_id
864691136975088156,axon_partially_extended,296788,864691135810618909,296788,excitatory,L4,1.0,L4b,0.6666666666666666,matched_by_nucleus_id
864691136975624220,axon_partially_extended,260689,864691137022275182,260689,excitatory,L4,1.0,L4d,0.4666666666666667,matched_by_nucleus_id
864691136991359893,axon_partially_extended,296650,864691135886343280,296650,excitatory,L3,0.75,L3a,0.7,matched_by_nucleus_id
864691137055290998,axon_partially_extended,309467,,,,,,,,nucleus_absent_from_casey
864691137055367798,axon_partially_extended,296666,864691137199947073,296666,excitatory,L3,1.0,L3a,1.0,matched_by_nucleus_id
864691137056216950,axon_fully_extended,298679,864691136145828404,298679,inhibitory,MartFam,1.0,MartFam-c,0.5,matched_by_nucleus_id
864691137056393846,axon_partially_extended,260548,864691135196650282,260548,excitatory,L3,1.0,L3a,0.9666666666666667,matched_by_nucleus_id
864691137198691137,axon_partially_extended,256609,864691134887635962,256609,excitatory,L2,1.0,L2b,0.9666666666666667,matched_by_nucleus_id
