epoch,train_loss,window_accuracy,window_balanced_accuracy,window_macro_precision,window_macro_f1,cell_accuracy,cell_balanced_accuracy,cell_macro_precision,cell_macro_f1,window_recall_BasketFam,window_recall_Excitatory,window_recall_nonBasketInhibitory,cell_recall_BasketFam,cell_recall_Excitatory,cell_recall_nonBasketInhibitory,window_precision_BasketFam,window_precision_Excitatory,window_precision_nonBasketInhibitory,cell_precision_BasketFam,cell_precision_Excitatory,cell_precision_nonBasketInhibitory
0,0.6491280293165941,0.7578368482973215,0.7577670431667087,0.7637481433911383,0.7595614510994361,0.9576271186440678,0.898594642072903,0.9487591527839205,0.9178155343456907,0.8228274849128254,0.7360043649002741,0.7144692796870268,0.9696969696969697,0.9927536231884058,0.7333333333333333,0.9024154105530239,0.7430769021517369,0.645752117468654,0.9142857142857143,0.9614035087719298,0.9705882352941176
1,0.5563635257366144,0.7776158271627662,0.7724926918369633,0.7834986248320787,0.775765873071819,0.9519774011299436,0.8775801493192797,0.9534918331659039,0.9060496307470567,0.824935503755622,0.8324834800649347,0.6600590916903334,0.9696969696969697,0.9963768115942029,0.6666666666666666,0.9050445847109508,0.7267274683789934,0.7187238214062918,0.9411764705882353,0.9515570934256056,0.967741935483871
2,0.5315231254754128,0.7776531366047911,0.7655956998654689,0.7983965173421832,0.7623392272777502,0.9152542372881356,0.7839774557165861,0.942420897718911,0.8108896654968222,0.8896676635997656,0.9065588015384927,0.5005606344581488,1.0,0.9963768115942029,0.35555555555555557,0.8365235311375232,0.7063568706897456,0.8523091501992809,0.9166666666666666,0.9105960264900662,1.0
3,0.5265371645462396,0.7894653059498611,0.7814638485889764,0.7939591122924688,0.7800270180340553,0.940677966101695,0.8541501976284586,0.9326673964604999,0.8784867130466584,0.9035942862796131,0.8610439386489017,0.5797533208384145,0.9696969696969697,0.9927536231884058,0.6,0.8377489751712751,0.7442548310655418,0.7998735306405899,0.8888888888888888,0.9448275862068966,0.9642857142857143
4,0.5037104129750537,0.7959670980467264,0.7883946338407851,0.8000486762000327,0.7882720255368817,0.943502824858757,0.8642512077294686,0.9455731593662628,0.8870183409052667,0.8914332245078118,0.8681099577655482,0.6056407192489953,1.0,0.9927536231884058,0.6,0.8537682215743441,0.7492239003802016,0.7971539066455525,0.8918918918918919,0.9448275862068966,1.0
5,0.4937704249137798,0.7729919436478188,0.7617314344704479,0.79359252280074,0.753025052112492,0.9180790960451978,0.7975845410628019,0.9229042562375896,0.8148217402144105,0.9394534371361385,0.871673279131331,0.47406758714387437,1.0,0.9927536231884058,0.4,0.7574039647333837,0.7487473239599607,0.8746262797088756,0.8461538461538461,0.9225589225589226,1.0
6,0.4924312939971502,0.7978524685170492,0.7886078821180978,0.8079521012554699,0.7877514564182363,0.9350282485875706,0.8393353828136437,0.9295945049369707,0.8655167721303667,0.9015547590237666,0.8904329199700923,0.5738359673604347,0.9696969696969697,0.9927536231884058,0.5555555555555556,0.8504450825556353,0.7401511758118701,0.8332600453989042,0.8888888888888888,0.9383561643835616,0.9615384615384616
7,0.49048622480326126,0.8077618563188514,0.8014008219822021,0.8096387092520446,0.8015459201171375,0.9463276836158192,0.8689650124432733,0.9356481481481481,0.8908335902970501,0.8969125514638174,0.8652202321210856,0.6420696823617034,0.9696969696969697,0.9927536231884058,0.6444444444444445,0.8559652550312661,0.7717375630857967,0.801213309639071,0.8888888888888888,0.9513888888888888,0.9666666666666667
8,0.47437652713301454,0.7001465017423509,0.7048060607309604,0.7698686240030687,0.7037017053601615,0.9491525423728814,0.8707290294246816,0.8875579975579976,0.8706787204064291,0.5606949613022534,0.684076870743717,0.8696463501469108,0.696969696969697,0.9818840579710145,0.9333333333333333,0.9518869265254971,0.8339368856699431,0.5237820598137659,0.92,0.9926739926739927,0.75
9,0.47684837603061,0.7647291458873802,0.7486253686034056,0.8133959434840786,0.7433925094371698,0.9011299435028248,0.7407407407407408,0.9453536754507628,0.7592714475067416,0.8622862491723933,0.955158732831729,0.42843112380609416,1.0,1.0,0.2222222222222222,0.868199650596132,0.6627283094352321,0.9092598704208716,0.9428571428571428,0.8932038834951457,1.0
10,0.47724363663924824,0.8103884410374015,0.8069305116955734,0.8112341776471547,0.8085448297573358,0.9661016949152542,0.9146171863563168,0.9605695173217957,0.9338547562013565,0.8576212110834608,0.8420552752648915,0.7211150487383678,0.9696969696969697,0.9963768115942029,0.7777777777777778,0.9025773278444312,0.788481431022303,0.7426437740747297,0.9411764705882353,0.9683098591549296,0.9722222222222222
11,0.468551292289394,0.8024912758088065,0.7920367756201062,0.8171133741703352,0.7923837289924943,0.9350282485875706,0.8358293075684381,0.949623352165725,0.8654049147261128,0.8838991499433042,0.9197747495907906,0.5724364273262238,1.0,0.9963768115942029,0.5111111111111111,0.8759927294119422,0.7321240911917988,0.843223301907265,0.9166666666666666,0.9322033898305084,1.0
12,0.4695552520637406,0.800775041475663,0.795919451371414,0.8094038485314936,0.7996557442933548,0.9463276836158192,0.8565656565656566,0.9502225547753348,0.8889269646365894,0.8005677191540528,0.8685882107276854,0.7186024242325038,0.9696969696969697,1.0,0.6,0.9297949443167757,0.7549074133701767,0.7435091879075282,0.9411764705882353,0.9452054794520548,0.9642857142857143
13,0.46502909440738055,0.8132214713351557,0.8059098325824284,0.8186161096710073,0.8068344942720267,0.943502824858757,0.8615576050358659,0.934167672027116,0.8847348310218645,0.8935488535269362,0.8870379975346396,0.6371426466857092,0.9696969696969697,0.9927536231884058,0.6222222222222222,0.8722670846674442,0.7632391892753438,0.820342055070234,0.8888888888888888,0.9480968858131488,0.9655172413793104
14,0.46361682635697576,0.8108461035262398,0.8055798933218709,0.8143869902431663,0.8081681477753184,0.9576271186440678,0.8923949641340946,0.9563538645317698,0.9175487049880623,0.8361985647207446,0.87541847134187,0.705122643902998,0.9696969696969697,0.9963768115942029,0.7111111111111111,0.9143173345759553,0.7767550832566312,0.7520885528969123,0.9411764705882353,0.9581881533101045,0.9696969696969697
15,0.46288906860581597,0.8169325171685615,0.8128236566469424,0.8180615797356,0.8145321956095021,0.96045197740113,0.8998023715415019,0.9499287434271954,0.9190038884752213,0.8683820004109495,0.856200785412611,0.7138881841172667,0.9696969696969697,0.9963768115942029,0.7333333333333333,0.9013412534163256,0.7862931162468452,0.766550369543629,0.9142857142857143,0.9649122807017544,0.9705882352941176
16,0.46011402094928483,0.7998821021632014,0.7895248121941738,0.8184007863712188,0.7933936398838801,0.9378531073446328,0.8343434343434343,0.954043134043134,0.8734820734820735,0.8284514052190589,0.9343513610001549,0.6057716703633075,0.9696969696969697,1.0,0.5333333333333333,0.9286975660942338,0.7174385286176826,0.8090662644017402,0.9696969696969697,0.9324324324324325,0.96
17,0.4523217984537992,0.7833465574577844,0.7743602583515274,0.8062363828149213,0.780200719541018,0.9378531073446328,0.8316498316498316,0.9542402979902981,0.8743688236645983,0.7556676788201183,0.9184275581481507,0.6489855380863132,0.9393939393939394,1.0,0.5555555555555556,0.9434304662188483,0.7018500216196183,0.7734286606062971,0.96875,0.9324324324324325,0.9615384615384616
18,0.4457795259863083,0.8085428673052385,0.7996860865633405,0.8205141029603421,0.8027632581952439,0.9519774011299436,0.8775801493192797,0.9534918331659039,0.9060496307470567,0.8521038332458163,0.9168176643741959,0.6301367620700098,0.9696969696969697,0.9963768115942029,0.6666666666666666,0.9125502245332073,0.7381488250511142,0.8108432592967046,0.9411764705882353,0.9515570934256056,0.967741935483871
19,0.4609169848728085,0.8159201876416204,0.8135487045112755,0.8146042828139574,0.8140222218716975,0.9576271186440678,0.898594642072903,0.9414219521924575,0.9138502328100566,0.8777425172941257,0.8273102649251972,0.7355933313145037,0.9696969696969697,0.9927536231884058,0.7333333333333333,0.8886166647405525,0.8096135845275606,0.7455825991737594,0.8888888888888888,0.9647887323943662,0.9705882352941176
20,0.45674614975754163,0.7877092748785578,0.7743224159562399,0.8175023564665617,0.7748054644257572,0.9180790960451978,0.7824915824915825,0.9506891865657154,0.8189929510062924,0.85786473672595,0.9498507985477276,0.5152517125950419,0.9696969696969697,1.0,0.37777777777777777,0.905124375712611,0.691387806133706,0.855994887553368,0.9411764705882353,0.9108910891089109,1.0
21,0.4600299866027628,0.8213424932158998,0.8164816493038062,0.821529706757961,0.8172224465767769,0.9548022598870056,0.8911872346654955,0.9399964557859294,0.9082920489570107,0.8965777037053948,0.8627548717810545,0.6901123724249691,0.9696969696969697,0.9927536231884058,0.7111111111111111,0.8774008564513126,0.7918516228748068,0.7953366409477636,0.8888888888888888,0.9614035087719298,0.9696969696969697
22,0.45385688214826314,0.8214021883231396,0.8159845358865635,0.8243076692805129,0.8181930518458965,0.9576271186440678,0.8923949641340946,0.9485070485070485,0.9134456593112654,0.866060896630975,0.8813124339034198,0.7005802771252957,0.9696969696969697,0.9963768115942029,0.7111111111111111,0.9076719386819164,0.7811117545566892,0.7841393146029332,0.9142857142857143,0.9615384615384616,0.9696969696969697
23,0.45357460098305985,0.810259101638382,0.806943888131372,0.8076568035621849,0.8057173034275283,0.9661016949152542,0.9173107890499196,0.961658841940532,0.933141363314726,0.9142180924332016,0.8200286951777283,0.6865848767831859,1.0,0.9963768115942029,0.7555555555555555,0.8349098238176321,0.8090529072047106,0.779007679664212,0.9166666666666666,0.9683098591549296,1.0
24,0.4510568955484641,0.8216658417134486,0.8167005335987363,0.8218801255472347,0.8174386277117839,0.9576271186440678,0.8950885668276972,0.958284939992257,0.9164068755563323,0.8965624833527392,0.8646544117151768,0.6888847057282929,1.0,0.9963768115942029,0.6888888888888889,0.8773598254380804,0.7922187729508551,0.7960617782527688,0.9166666666666666,0.9581881533101045,1.0
25,0.44520899554004695,0.8201660021440492,0.8133858081054747,0.8240533648750338,0.814550898047536,0.963276836158192,0.901010101010101,0.9589332236391059,0.9242911080885495,0.8929933106550079,0.8892002398000768,0.6579638738613391,0.9696969696969697,1.0,0.7333333333333333,0.8805030502675081,0.77497226119679,0.8166847831608034,0.9411764705882353,0.965034965034965,0.9705882352941176
26,0.4476536762190246,0.812870762580122,0.8077095696940434,0.8175640803833639,0.8105592955343734,0.9661016949152542,0.9084175084175085,0.960342031549462,0.9297270332827839,0.8466321164661386,0.8730272065311842,0.7034693860848072,0.9696969696969697,1.0,0.7555555555555555,0.9143960876176386,0.7675229770703051,0.7707731764621483,0.9411764705882353,0.968421052631579,0.9714285714285714
27,0.4525500873240779,0.815514758371617,0.815211881018027,0.8133640307508502,0.8139994256931794,0.9689265536723164,0.9282242717025326,0.9470481759955445,0.9349046692452219,0.9006491480407601,0.7898650787770196,0.7551214162363012,0.9696969696969697,0.9927536231884058,0.8222222222222222,0.8747791764297171,0.831249202500957,0.7340637133218764,0.8888888888888888,0.9785714285714285,0.9736842105263158
28,0.44111655721317333,0.7564638608308066,0.7503225602674948,0.7846056035903533,0.7520704188151703,0.9491525423728814,0.8585858585858586,0.9609018264840182,0.9011442391724082,0.6231288478954058,0.8889308015115488,0.7389080313955296,0.9090909090909091,1.0,0.6666666666666666,0.9646223080910419,0.7537324514809864,0.6354620511990314,1.0,0.9452054794520548,0.9375
29,0.4575646921103562,0.8224294416268907,0.8168741007558443,0.8242621668931704,0.8183004683104586,0.963276836158192,0.901010101010101,0.9589332236391059,0.9242911080885495,0.8862963554865566,0.8775200899923884,0.6868058567885876,0.9696969696969697,1.0,0.7333333333333333,0.8899808190495113,0.7844192753963523,0.7983864062336476,0.9411764705882353,0.965034965034965,0.9705882352941176
