DATASTACK_NAME,ROOT_ID
DATASTACK_NAME,ROOT_ID
minnie65_phase3_v1,864691135858491438
minnie65_public,864691134966128927
minnie65_phase3_v1,864691135943184500
minnie65_public,864691135891586697
minnie65_public,864691135698390426
minnie65_public,864691136534887842
minnie65_phase3_v1,864691135698390426
minnie65_phase3_v1,864691135196764714
minnie65_public,864691135586872050
minnie65_public,864691136084143980
minnie65_public,864691134657107506
minnie65_public,864691135291713462
minnie65_public,864691135578579908
minnie65_public,864691135462765630
minnie65_public,864691135488846532
minnie65_phase3_v1,864691136023758649
minnie65_phase3_v1,864691135448509330
minnie65_phase3_v1,864691134795202872
minnie65_public,864691135291885750
minnie65_public,864691135406097394
minnie65_public,864691135021185509
minnie65_public,864691134947483388
minnie65_phase3_v1,864691135291885750
minnie65_public,864691135395529094
minnie65_phase3_v1,864691135406097394
minnie65_public,864691135515985363
minnie65_public,864691135915199846
minnie65_public,864691135491266143
minnie65_phase3_v1,864691132795324852
minnie65_phase3_v1,864691132722483569
minnie65_phase3_v1,864691132787075409
minnie65_phase3_v1,864691132809992095
minnie65_phase3_v1,864691132761802292
minnie65_phase3_v1,864691132919547915
minnie65_phase3_v1,864691132857076294
minnie65_phase3_v1,864691132686302404
minnie65_phase3_v1,864691132842528180
minnie65_phase3_v1,864691132622681804
minnie65_phase3_v1,864691132679145565
minnie65_phase3_v1,864691132751762531
minnie65_phase3_v1,864691132645566078
minnie65_phase3_v1,864691132738641497
minnie65_phase3_v1,864691132991293685
minnie65_phase3_v1,864691132957017678
minnie65_phase3_v1,864691132606796229
minnie65_phase3_v1,864691132702645394
minnie65_phase3_v1,864691132598347327
minnie65_phase3_v1,864691132736479403
minnie65_phase3_v1,864691132940948702
minnie65_phase3_v1,864691132940125406
minnie65_phase3_v1,864691132739753369
minnie65_phase3_v1,864691132725498737
minnie65_phase3_v1,864691132646111564
minnie65_phase3_v1,864691132730079483
minnie65_phase3_v1,864691132834709156
minnie65_phase3_v1,864691133311980112
minnie65_phase3_v1,864691132896206038
minnie65_phase3_v1,864691132699145770
minnie65_phase3_v1,864691132614198077
minnie65_phase3_v1,864691132736027563
minnie65_phase3_v1,864691132724953713
minnie65_phase3_v1,864691132684551711
minnie65_phase3_v1,864691132770055036
minnie65_phase3_v1,864691132613543485
minnie65_phase3_v1,864691132991559413
