dataset,cutoff,retained_components,retained_component_fraction,retained_edges,retained_edge_fraction
Non-native,0,12255,0.7357267214984691,147521622,0.9839658025484888
Non-native,1,9819,0.589481899501711,144509974,0.9638781801299016
Non-native,2,8038,0.4825598847331452,141758380,0.9455251118691851
Non-native,5,5439,0.3265293870444858,136241017,0.9087244284260059
Non-native,10,4107,0.2465630065437954,131862959,0.8795228829496836
Non-native,20,3458,0.20760040823677733,129039398,0.8606897964655232
Non-native,50,2759,0.1656360689199736,125373757,0.8362400558815996
Non-native,100,2328,0.13976106141562106,121589156,0.8109968548524595
Non-native,200,1924,0.1155069940565528,114843892,0.766006100174061
Non-native,500,1013,0.06081527285825779,80797720,0.5389189213489537
Non-native,1000,420,0.025214624482199677,45689197,0.3047458859549484
Native resampled,0,13083,0.7803757828810021,302585389,0.981153030583699
Native resampled,1,10572,0.6305994631673129,294606059,0.9552795281075849
Native resampled,2,8695,0.5186400238592306,286354801,0.9285242812016347
Native resampled,5,5830,0.347748285117805,269133542,0.8726832159269436
Native resampled,10,4239,0.25284819564569044,254078213,0.8238653211713424
Native resampled,20,3518,0.20984193259767372,244977814,0.7943566787088643
Native resampled,50,2803,0.16719355800775426,235854838,0.7647748288385707
Native resampled,100,2347,0.13999403519236506,227378499,0.7372897419822957
Native resampled,200,1946,0.11607515657620042,214746227,0.6963287689593795
Native resampled,500,1038,0.06191470325082016,154943719,0.5024152024298802
Native resampled,1000,432,0.025767968983000298,92093599,0.29861955349142755
